-- phpMyAdmin SQL Dump
-- version 4.8.5
-- https://www.phpmyadmin.net/
--
-- Host: localhost
-- Generation Time: Mar 22, 2021 at 01:28 PM
-- Server version: 10.1.38-MariaDB
-- PHP Version: 5.6.40

SET SQL_MODE = "NO_AUTO_VALUE_ON_ZERO";
SET AUTOCOMMIT = 0;
START TRANSACTION;
SET time_zone = "+00:00";


/*!40101 SET @OLD_CHARACTER_SET_CLIENT=@@CHARACTER_SET_CLIENT */;
/*!40101 SET @OLD_CHARACTER_SET_RESULTS=@@CHARACTER_SET_RESULTS */;
/*!40101 SET @OLD_COLLATION_CONNECTION=@@COLLATION_CONNECTION */;
/*!40101 SET NAMES utf8mb4 */;

--
-- Database: `mindcloud`
--

-- --------------------------------------------------------

--
-- Table structure for table `md_addon`
--

CREATE TABLE `md_addon` (
  `addon_id` int(22) NOT NULL,
  `addon_name` varchar(255) DEFAULT NULL,
  `addon_slug` varchar(255) DEFAULT NULL,
  `addon_special` tinyint(2) NOT NULL DEFAULT '0',
  `addon_store_fields` varchar(555) DEFAULT NULL,
  `addon_status` tinyint(2) NOT NULL DEFAULT '1',
  `addon_createdon` timestamp NOT NULL DEFAULT CURRENT_TIMESTAMP
) ENGINE=InnoDB DEFAULT CHARSET=latin1;

--
-- Dumping data for table `md_addon`
--

INSERT INTO `md_addon` (`addon_id`, `addon_name`, `addon_slug`, `addon_special`, `addon_store_fields`, `addon_status`, `addon_createdon`) VALUES
(1, 'Landing page', 'landing-page', 0, 'store_id,store_user_id,store_package_id,store_name,store_slug,store_desc_short,store_desc,store_state,store_city,store_zipcode', 1, '2019-09-11 15:52:45'),
(2, 'Home Banner', 'home-banner', 0, 'store_image,store_offer_banner,store_offer_image,store_offer_text,store_offer_link', 1, '2019-09-11 15:52:54'),
(3, 'Click to contact', 'click-to-contact', 0, 'store_support_number,store_facebook_id,store_instagram_id,store_twitter_id,store_pinterest_id,store_information', 1, '2019-09-11 15:53:03'),
(4, 'Verified company', 'verified-company', 0, 'store_review', 1, '2019-09-11 15:53:10'),
(5, 'No home banner', 'no-home-banner', 0, '', 1, '2019-09-11 18:08:38'),
(6, 'No trending stores', 'no-trending-stores', 0, '', 1, '2019-09-11 18:09:00'),
(7, 'Verified reviews', 'verified-reviews', 1, '', 2, '2019-09-11 18:12:54'),
(8, 'Franchise Locator with drop down of all store listings', 'franchise-locator-with-drop-down-of-all-store-listings', 1, '', 1, '2019-09-11 18:12:59'),
(10, 'Slider', 'slider', 0, 'store_slider', 1, '2019-09-23 22:16:37');

-- --------------------------------------------------------

--
-- Table structure for table `md_advertisment`
--

CREATE TABLE `md_advertisment` (
  `advertisment_id` int(11) NOT NULL,
  `advertisment_title` mediumtext NOT NULL,
  `advertisment_country` int(11) NOT NULL DEFAULT '0',
  `advertisment_state` varchar(225) DEFAULT '0',
  `advertisment_city` varchar(225) NOT NULL DEFAULT '0',
  `advertisment_miles` varchar(225) NOT NULL,
  `advertisment_aboutme` varchar(555) NOT NULL DEFAULT '0',
  `advertisment_desc` mediumtext,
  `advertisment_ad_email` varchar(225) NOT NULL DEFAULT '0',
  `advertisment_image` varchar(225) NOT NULL,
  `advertisment_url` mediumtext,
  `advertisment_image_path` varchar(225) NOT NULL,
  `advertisment_firstname` varchar(225) NOT NULL,
  `advertisment_lastname` varchar(225) NOT NULL,
  `advertisment_email` varchar(50) NOT NULL,
  `advertisment_address` varchar(100) NOT NULL,
  `advertisment_longitude` varchar(100) NOT NULL,
  `advertisment_latitude` varchar(100) NOT NULL,
  `advertisment_uaddress` varchar(100) NOT NULL,
  `advertisment_phone` varchar(50) NOT NULL,
  `advertisment_uzipcode` varchar(50) NOT NULL,
  `advertisment_ucity` varchar(50) NOT NULL,
  `advertisment_ucountry` int(11) NOT NULL,
  `advertisment_ustate` varchar(50) NOT NULL,
  `advertisment_txn_message` varchar(50) NOT NULL DEFAULT '0',
  `advertisment_payment_txn_id` varchar(225) NOT NULL,
  `advertisment_payment_type` varchar(100) CHARACTER SET utf8 COLLATE utf8_bin DEFAULT NULL,
  `advertisment_payment_status` varchar(50) NOT NULL DEFAULT '0',
  `advertisment_paypal_date` varchar(225) NOT NULL,
  `advertisment_paypal_payer_email` varchar(255) CHARACTER SET utf8 COLLATE utf8_bin DEFAULT NULL,
  `advertisment_payment_post` longtext CHARACTER SET utf8 COLLATE utf8_bin,
  `advertisment_user_id` int(10) NOT NULL DEFAULT '0',
  `advertisment_package_id` int(10) NOT NULL DEFAULT '0',
  `advertisment_package_name` varchar(225) NOT NULL DEFAULT '0',
  `advertisment_price` float NOT NULL DEFAULT '0',
  `advertisment_period_type` int(11) NOT NULL DEFAULT '0',
  `advertisment_period` int(11) NOT NULL DEFAULT '0',
  `advertisment_package_expire` date NOT NULL,
  `advertisment_status` int(11) NOT NULL DEFAULT '1',
  `advertisment_approve` tinyint(4) DEFAULT '0',
  `advertisment_createdon` timestamp NOT NULL DEFAULT CURRENT_TIMESTAMP
) ENGINE=InnoDB DEFAULT CHARSET=latin1;

--
-- Dumping data for table `md_advertisment`
--

INSERT INTO `md_advertisment` (`advertisment_id`, `advertisment_title`, `advertisment_country`, `advertisment_state`, `advertisment_city`, `advertisment_miles`, `advertisment_aboutme`, `advertisment_desc`, `advertisment_ad_email`, `advertisment_image`, `advertisment_url`, `advertisment_image_path`, `advertisment_firstname`, `advertisment_lastname`, `advertisment_email`, `advertisment_address`, `advertisment_longitude`, `advertisment_latitude`, `advertisment_uaddress`, `advertisment_phone`, `advertisment_uzipcode`, `advertisment_ucity`, `advertisment_ucountry`, `advertisment_ustate`, `advertisment_txn_message`, `advertisment_payment_txn_id`, `advertisment_payment_type`, `advertisment_payment_status`, `advertisment_paypal_date`, `advertisment_paypal_payer_email`, `advertisment_payment_post`, `advertisment_user_id`, `advertisment_package_id`, `advertisment_package_name`, `advertisment_price`, `advertisment_period_type`, `advertisment_period`, `advertisment_package_expire`, `advertisment_status`, `advertisment_approve`, `advertisment_createdon`) VALUES
(1, 'Commerical Clothing', 3, 'BC', 'VANCOUVER', '60', 'owner', 'Contrary to popular belief, Lorem Ipsum is not simply random text. It has roots in a piece of classical Latin literature from 45 BC, making it over 2000 years old. Richard McClintock, a Latin professor at Hampden-Sydney College in Virginia, looked up one of the more obscure Latin words, consectetur, from', 'elle28dev@gmail.com', 'general_img157201142853.jpg', 'https://www.lipsum.com', 'assets/uploads/advertisment/', 'Martin', 'Green', 'martingren@gmail.com', '31 Ridgeview Ave.', '', '', '', '12332112321', '10001', 'California', 16, '0', '0', '', NULL, '0', '', NULL, NULL, 12, 4, 'SIX MONTH', 100, 2, 6, '0000-00-00', 0, 0, '2019-10-25 22:50:28'),
(2, 'ad', 3, 'BC', 'VANCOUVER', '20', 'executive director', 'dasda', 'pilou552000@gmail.com', 'no-photo157224303112.png', 'https://www.lipsum.com', 'assets/uploads/advertisment/', 'Ellen', 'Markus', 'martingren@gmail.com', '31 Ridgeview Ave.', '', '', '', '0123123132', '10120', 'Saskatoon', 32, '0', '0', '', NULL, '0', '', NULL, NULL, 12, 3, 'THREE MONTH', 50, 2, 3, '0000-00-00', 0, 0, '2019-10-28 15:10:31'),
(3, 'ad', 3, 'New York', 'Utica', '10', 'sdfsd', 'ZdZx', 'martingren@gmail.com', 'no-photo157224558554.png', 'https://www.lipsum.com', 'assets/uploads/advertisment/', '', '', '', '', '', '', '', '', '', '', 0, '0', '0', '', NULL, '0', '', NULL, NULL, 12, 0, '0', 0, 0, 0, '0000-00-00', 0, 0, '2019-10-28 15:53:05'),
(4, 'Commerical Clothing', 2, 'Saskatchewan', 'Saskatoon', '20', 'sdfsd', 'adsdasd', 'elle28dev@gmail.com', 'aboutimage156950784366157250218218.png', 'https://www.lipsum.com', 'assets/uploads/advertisment/', '', '', '', '', '1.696999', '31.341797', '', '', '', '', 0, '0', '0', '', NULL, '0', '', NULL, NULL, 12, 0, '0', 0, 0, 0, '0000-00-00', 1, 0, '2019-10-31 15:09:42'),
(5, 'ad', 4, 'BC', 'VANCOUVER', '10', 'asda', 'jhujhyjhtyjtyhu', 'pilou552000@gmail.com', 'aboutimage156950784366157251110835.png', 'https%3A%2F%2Fwww.lipsum.com', 'assets/uploads/advertisment/', '', '', '', '', '24.926294', '67.022095', '', '', '', '', 0, '0', '0', '', NULL, '0', '', NULL, NULL, 12, 0, '0', 0, 0, 0, '0000-00-00', 1, 0, '2019-10-31 17:38:28'),
(6, 'Six month Yoga Classes', 3, 'CA', 'California', '50', 'executive director', 'Contrary to popular belief, Lorem Ipsum is not simply random text. It has roots in a piece of classical Latin literature from 45 BC, making it over 2000 years old. Richard McClintock, a Latin professor at Hampden-Sydney College in Virginia, looked up one of the more obscure Latin word', 'martingren@gmail.com', 'blog_img1565075176851156587331158157259306288.png', 'http%3A%2F%2Fdemo-designproficient.com%2Fjobsdollar_dev%2Fbusiness-advertisment', 'assets/uploads/advertisment/', '', '', '', 'lahore', '31.582045	', '74.329376', '', '', '', '', 0, '0', '0', '', NULL, '0', '', NULL, NULL, 12, 0, '0', 0, 0, 0, '0000-00-00', 1, 0, '2019-11-01 16:24:22'),
(7, 'Commerical Clothing', 3, 'CA', 'California', '20', 'owner', 'asdasd', 'martingren@gmail.com', 'blog_img156507517685157261159986.png', 'https%3A%2F%2Fwww.lipsum.com', 'assets/uploads/advertisment/', 'Martin', 'Green', 'martingren@gmail.com', '31 Ridgeview Ave.', '-1.080278', '53.958332', '', '12321123', '13599', 'Utica', 1, 'New York', '0', '', NULL, '0', '', NULL, NULL, 12, 4, 'SIX MONTH', 100, 2, 6, '0000-00-00', 1, 0, '2019-11-01 21:33:19'),
(8, 'Commerical Clothing Test', 2, 'Virgina', 'WC', '20', 'owner', 'would like to pubolish kin ur site', 'martingren@gmail.com', 'store157405644873.jpg', 'https%3A%2F%2Fwww.lipsum.com', 'assets/uploads/advertisment/', '', '', '', 'Washington D.C., DC, USA', '-77.03687070000001', '38.9071923', '', '', '', '', 0, '', '0', '', NULL, '0', '', NULL, NULL, 12, 0, '0', 0, 0, 0, '0000-00-00', 1, 0, '2019-11-18 15:54:08'),
(9, 'Commerical Clothing', 3, 'New York', 'Utica', '100', 'owner', 'Lorem Ipsum is simply dummy text of the printing and typesetting industry. Lorem Ipsum has been the industry\'s standard dummy text ever since the 1500s, when an unknown printer took a galley of type and scrambled', 'martingren@gmail.com', 'thirty_mb157406407062.jpg', 'https%3A%2F%2Fwww.lipsum.com', 'assets/uploads/advertisment/', '', '', '', 'Karimabad, Karachi, Pakistan', '67.0591187', '24.9195384', '', '', '', '', 0, '', '0', '', NULL, '0', '', NULL, NULL, 12, 0, '0', 0, 0, 0, '0000-00-00', 1, 0, '2019-11-18 18:01:10'),
(10, 'Commerical Clothing', 1, 'CA', 'California', '90', 'asda', 'Lorem Ipsum is simply dummy text of the printing and typesetting industry. Lorem Ipsum has been the industry\'s standard dummy text ever since the 1500s, when an unknown printer took a galley of type and scrambled', 'martingren@gmail.com', 'no-photo157406410762.jpg', 'https%3A%2F%2Fwww.lipsum.com', 'assets/uploads/advertisment/', 'Ellen', 'Markus', 'martingren@gmail.com', 'Shahrah-e-Faisal Road, Karachi, Pakistan', '67.017074', '24.8817227', '31 Ridgeview Ave.', '0123123132', '10120', 'Saskatoon', 32, 'Saskatchewan', 'Completed', '', 'Paypal', '1', '2019-11-19', NULL, 'a:4:{s:14:\"payment_status\";s:9:\"Completed\";s:6:\"custom\";s:2:\"10\";s:9:\"paymentID\";s:30:\"PAYID-LXJYJ7A1EC35758X6985223M\";s:7:\"payerID\";s:13:\"WH4M6GVGFC7US\";}', 12, 2, 'ONE MONTH', 20, 2, 1, '2019-12-19', 1, 0, '2019-11-18 18:01:47'),
(11, 'Commerical Clothing', 1, 'CA', 'California', '5', 'asda', 'Lorem Ipsum is simply dummy text of the printing and typesetting industry. Lorem Ipsum has been the industry\'s standard dummy text ever since the 1500s, when an unknown printer took a galley of type and scrambled', 'martingren@gmail.com', 'no-photo157406410762.jpg', 'https%3A%2F%2Fwww.lipsum.com', 'assets/uploads/advertisment/', 'Martin', 'Green', 'martingren@gmail.com', 'hyderabad', '68.352359', '25.384173', '31 Ridgeview Ave.', '012321123', '92627', 'California', 9, 'CA', 'succeeded', 'txn_1FLlPTIn4bHNcdagqBEvSMaT', 'Paypal', '1', '2019-11-18', NULL, 'a:0:{}', 12, 1, 'ONE WEEK', 5, 1, 1, '2019-11-17', 1, 0, '2019-11-18 18:01:47'),
(12, 'ana masry', 1, 'PA', 'READING', '80', 'presdent', 'resturant diner', 'banoub@aol.com', '1-opy157438376363.png', 'https%3A%2F%2Fwww.aljazeera.com%2F', 'assets/uploads/advertisment/', 'Aref', 'Salama', 'banoub@aol.com', 'Reading, PA, USA', '-75.92687469999998', '40.3356483', '1138 lancaster ave', '14843323772', '19607', 'READING', 223, 'PA', '0', '', NULL, '0', '', NULL, NULL, 21, 0, '0', 0, 0, 0, '0000-00-00', 2, 0, '2019-11-22 00:49:23'),
(13, 'Trump', 3, 'Pennsylvania', 'Reading', '20', 'presdent', 'white house', 'banoub@aol.com', 'bc157453649130.png', 'https%3A%2F%2Fwww.aljazeera.com%2F', 'assets/uploads/advertisment/', 'Aref', 'Salama', 'banoub@aol.com', '1138 Lancaster Avenue, Reading, PA, USA', '-75.94576719999998', '40.3132116', '1138 lancaster ave', '14843323772', '19607', 'READING', 223, 'PA', '0', '', NULL, '0', '', NULL, NULL, 26, 1, 'ONE WEEK', 5, 1, 1, '0000-00-00', 1, 0, '2019-11-23 19:14:51'),
(14, 'sadasd', 1, 'sadasd', 'sadsadsad', '10', 'asdasd', 'sad asdsad', 'hackdeveloper000@gmail.com', 'timeline3157495430015.jpg', NULL, 'assets/uploads/advertisment/', 'allie', 'asd asdasd', 'hackdeveloper000@gmail.com', 'New York, NY, USA', '-74.0059728', '40.7127753', '31 Ridgeview Ave.', '1234141234', '433214', 'California', 223, 'CA', '0', '', NULL, '0', '', NULL, NULL, 29, 3, 'THREE MONTH', 50, 2, 3, '0000-00-00', 0, 0, '2019-11-28 15:18:20'),
(15, 'Commerical Clothing', 0, 'CA', 'California', '10.00', 'owner', 'adsa das asd', 'martingren@gmail.com', 'img7157502821366.jpg', NULL, 'assets/uploads/advertisment/', 'pierre', 'pierre', 'martingren@gmail.com', '31 Ridgeview Ave.', '67.17410115090354 ', '24.8755504', '31 Ridgeview Ave.', '5145769165', 'V6G 1A7', 'VANCOUVER', 32, 'BC', 'Completed', '', 'Paypal', '1', '2019-11-29', NULL, 'a:4:{s:14:\"payment_status\";s:9:\"Completed\";s:6:\"custom\";s:2:\"15\";s:9:\"paymentID\";s:30:\"PAYID-LXQQOOI32D573920E624973J\";s:7:\"payerID\";s:13:\"WH4M6GVGFC7US\";}', 12, 1, 'ONE WEEK', 5, 1, 1, '2019-12-06', 1, 0, '2019-11-29 11:50:13');

-- --------------------------------------------------------

--
-- Table structure for table `md_banner`
--

CREATE TABLE `md_banner` (
  `banner_id` int(11) NOT NULL,
  `banner_layout1` varchar(255) DEFAULT NULL,
  `banner_layout2` varchar(255) DEFAULT NULL,
  `banner_layout3` varchar(512) DEFAULT NULL,
  `banner_readmore_btn` varchar(512) DEFAULT NULL,
  `banner_video_link` varchar(512) DEFAULT NULL,
  `banner_image_path` tinytext NOT NULL,
  `banner_image` varchar(255) NOT NULL,
  `banner_position` tinyint(4) NOT NULL DEFAULT '0',
  `banner_status` tinyint(4) NOT NULL DEFAULT '1' COMMENT '1=Active 0=In-Active',
  `banner_createdon` datetime NOT NULL DEFAULT CURRENT_TIMESTAMP
) ENGINE=InnoDB DEFAULT CHARSET=latin1;

-- --------------------------------------------------------

--
-- Table structure for table `md_category`
--

CREATE TABLE `md_category` (
  `category_id` int(11) NOT NULL,
  `category_name` varchar(100) DEFAULT NULL,
  `category_desc` text,
  `category_image` varchar(255) DEFAULT NULL,
  `category_image_path` varchar(255) DEFAULT NULL,
  `category_slug` varchar(100) DEFAULT NULL,
  `category_status` tinyint(4) NOT NULL DEFAULT '1',
  `category_featured` tinyint(4) NOT NULL DEFAULT '0',
  `category_createdon` timestamp NOT NULL DEFAULT CURRENT_TIMESTAMP ON UPDATE CURRENT_TIMESTAMP
) ENGINE=InnoDB DEFAULT CHARSET=latin1;

--
-- Dumping data for table `md_category`
--

INSERT INTO `md_category` (`category_id`, `category_name`, `category_desc`, `category_image`, `category_image_path`, `category_slug`, `category_status`, `category_featured`, `category_createdon`) VALUES
(1, 'test1', '&lt;p&gt;test1&lt;/p&gt;', '161544685776.png', 'assets/uploads/category/', 'test1', 1, 1, '2021-03-11 07:14:32'),
(2, 'fsdfsdf', '&lt;p&gt;sdfdsf&lt;/p&gt;', 'check161580889127.png', 'assets/uploads/category/', 'fsdfsdf', 1, 1, '2021-03-15 11:48:11'),
(3, 'Marketing', '&lt;p&gt;Test Marketing&lt;/p&gt;', 'favicon161605654459.png', 'assets/uploads/category/', 'marketing', 1, 1, '2021-03-18 08:35:44');

-- --------------------------------------------------------

--
-- Table structure for table `md_city`
--

CREATE TABLE `md_city` (
  `c_id` int(11) NOT NULL,
  `c_state_id` int(11) DEFAULT NULL,
  `c_name` varchar(255) DEFAULT NULL
) ENGINE=InnoDB DEFAULT CHARSET=utf8;

-- --------------------------------------------------------

--
-- Table structure for table `md_ci_sessions`
--

CREATE TABLE `md_ci_sessions` (
  `id` varchar(128) NOT NULL,
  `ip_address` varchar(45) NOT NULL,
  `timestamp` int(10) UNSIGNED NOT NULL DEFAULT '0',
  `data` blob NOT NULL
) ENGINE=InnoDB DEFAULT CHARSET=latin1;

--
-- Dumping data for table `md_ci_sessions`
--

INSERT INTO `md_ci_sessions` (`id`, `ip_address`, `timestamp`, `data`) VALUES
('2sc65u1emfnj6pdgqc1j1ocu5jrkr2fh', '::1', 1616385076, 0x5f5f63695f6c6173745f726567656e65726174657c693a313631363338353037363b),
('6hq9diltkhp06m4erouqrfc5407h9d1v', '::1', 1616392676, 0x5f5f63695f6c6173745f726567656e65726174657c693a313631363339323637353b6c6f676765645f696e5f66726f6e747c613a31303a7b733a323a226964223b733a323a223431223b733a383a22757365726e616d65223b4e3b733a31303a2266697273745f6e616d65223b733a373a2274657374313233223b733a393a226c6173745f6e616d65223b4e3b733a353a22656d61696c223b733a31383a2274657374406d696e64636c6f75642e636f6d223b733a31333a2270726f66696c655f696d616765223b733a35343a22687474703a2f2f6c6f63616c686f73742f636c6f75642f6173736574732f75706c6f6164732f757365722f70726f66696c652e706e67223b733a383a2269735f66726f6e74223b623a313b733a393a22757365725f74797065223b693a313b733a32363a22757365725f656d61696c5f76657269666965645f737461747573223b733a313a2230223b733a31313a22757365725f706f696e7473223b733a313a2230223b7d6c6f676765645f696e7c613a393a7b733a323a226964223b733a313a2231223b733a383a22757365726e616d65223b733a353a2261646d696e223b733a31303a2266697273745f6e616d65223b733a353a2241646d696e223b733a393a226c6173745f6e616d65223b733a303a22223b733a353a22656d61696c223b733a31393a2261646d696e406d696e64636c6f75642e636f6d223b733a31333a2270726f66696c655f696d616765223b733a31393a2270726f66696c652f70726f66696c652e706e67223b733a383a2269735f61646d696e223b733a313a2231223b733a393a22757365725f74797065223b733a313a2231223b733a32363a22757365725f656d61696c5f76657269666965645f737461747573223b733a313a2230223b7d),
('877t9fn5nch8b27mgapi8p83pn1le3ba', '::1', 1616393336, 0x5f5f63695f6c6173745f726567656e65726174657c693a313631363339333130343b6c6f676765645f696e5f66726f6e747c613a31303a7b733a323a226964223b733a323a223431223b733a383a22757365726e616d65223b4e3b733a31303a2266697273745f6e616d65223b733a373a2274657374313233223b733a393a226c6173745f6e616d65223b4e3b733a353a22656d61696c223b733a31383a2274657374406d696e64636c6f75642e636f6d223b733a31333a2270726f66696c655f696d616765223b733a35343a22687474703a2f2f6c6f63616c686f73742f636c6f75642f6173736574732f75706c6f6164732f757365722f70726f66696c652e706e67223b733a383a2269735f66726f6e74223b623a313b733a393a22757365725f74797065223b693a313b733a32363a22757365725f656d61696c5f76657269666965645f737461747573223b733a313a2230223b733a31313a22757365725f706f696e7473223b733a313a2230223b7d6c6f676765645f696e7c613a393a7b733a323a226964223b733a313a2231223b733a383a22757365726e616d65223b733a353a2261646d696e223b733a31303a2266697273745f6e616d65223b733a353a2241646d696e223b733a393a226c6173745f6e616d65223b733a303a22223b733a353a22656d61696c223b733a31393a2261646d696e406d696e64636c6f75642e636f6d223b733a31333a2270726f66696c655f696d616765223b733a31393a2270726f66696c652f70726f66696c652e706e67223b733a383a2269735f61646d696e223b733a313a2231223b733a393a22757365725f74797065223b733a313a2231223b733a32363a22757365725f656d61696c5f76657269666965645f737461747573223b733a313a2230223b7d),
('93ts7pb96jbu0tqsv5l3lngrmoa8b8j7', '::1', 1616385869, 0x5f5f63695f6c6173745f726567656e65726174657c693a313631363338353836353b6c6f676765645f696e5f66726f6e747c613a31303a7b733a323a226964223b733a323a223431223b733a383a22757365726e616d65223b4e3b733a31303a2266697273745f6e616d65223b733a373a2274657374313233223b733a393a226c6173745f6e616d65223b4e3b733a353a22656d61696c223b733a31383a2274657374406d696e64636c6f75642e636f6d223b733a31333a2270726f66696c655f696d616765223b733a35343a22687474703a2f2f6c6f63616c686f73742f636c6f75642f6173736574732f75706c6f6164732f757365722f70726f66696c652e706e67223b733a383a2269735f66726f6e74223b623a313b733a393a22757365725f74797065223b693a313b733a32363a22757365725f656d61696c5f76657269666965645f737461747573223b733a313a2230223b733a31313a22757365725f706f696e7473223b733a313a2230223b7d),
('9gb1i04e249ncs0lbrgkofe1t0no8396', '::1', 1616389579, 0x5f5f63695f6c6173745f726567656e65726174657c693a313631363338393536383b6c6f676765645f696e5f66726f6e747c613a31303a7b733a323a226964223b733a323a223431223b733a383a22757365726e616d65223b4e3b733a31303a2266697273745f6e616d65223b733a373a2274657374313233223b733a393a226c6173745f6e616d65223b4e3b733a353a22656d61696c223b733a31383a2274657374406d696e64636c6f75642e636f6d223b733a31333a2270726f66696c655f696d616765223b733a35343a22687474703a2f2f6c6f63616c686f73742f636c6f75642f6173736574732f75706c6f6164732f757365722f70726f66696c652e706e67223b733a383a2269735f66726f6e74223b623a313b733a393a22757365725f74797065223b693a313b733a32363a22757365725f656d61696c5f76657269666965645f737461747573223b733a313a2230223b733a31313a22757365725f706f696e7473223b733a313a2230223b7d6c6f676765645f696e7c613a393a7b733a323a226964223b733a313a2231223b733a383a22757365726e616d65223b733a353a2261646d696e223b733a31303a2266697273745f6e616d65223b733a353a2241646d696e223b733a393a226c6173745f6e616d65223b733a303a22223b733a353a22656d61696c223b733a31393a2261646d696e406d696e64636c6f75642e636f6d223b733a31333a2270726f66696c655f696d616765223b733a31393a2270726f66696c652f70726f66696c652e706e67223b733a383a2269735f61646d696e223b733a313a2231223b733a393a22757365725f74797065223b733a313a2231223b733a32363a22757365725f656d61696c5f76657269666965645f737461747573223b733a313a2230223b7d),
('9scdtn81ud2vdohstrpdmp96sjk0i1nq', '::1', 1616407484, 0x5f5f63695f6c6173745f726567656e65726174657c693a313631363430373234353b6c6f676765645f696e7c613a393a7b733a323a226964223b733a313a2231223b733a383a22757365726e616d65223b733a353a2261646d696e223b733a31303a2266697273745f6e616d65223b733a353a2241646d696e223b733a393a226c6173745f6e616d65223b733a303a22223b733a353a22656d61696c223b733a31393a2261646d696e406d696e64636c6f75642e636f6d223b733a31333a2270726f66696c655f696d616765223b733a31393a2270726f66696c652f70726f66696c652e706e67223b733a383a2269735f61646d696e223b733a313a2231223b733a393a22757365725f74797065223b733a313a2231223b733a32363a22757365725f656d61696c5f76657269666965645f737461747573223b733a313a2230223b7d),
('boeh8b0b1g3ttt95idlaadshlf1uafdi', '::1', 1616415111, 0x5f5f63695f6c6173745f726567656e65726174657c693a313631363431353131313b6c6f676765645f696e7c613a393a7b733a323a226964223b733a313a2231223b733a383a22757365726e616d65223b733a353a2261646d696e223b733a31303a2266697273745f6e616d65223b733a353a2241646d696e223b733a393a226c6173745f6e616d65223b733a303a22223b733a353a22656d61696c223b733a31393a2261646d696e406d696e64636c6f75642e636f6d223b733a31333a2270726f66696c655f696d616765223b733a31393a2270726f66696c652f70726f66696c652e706e67223b733a383a2269735f61646d696e223b733a313a2231223b733a393a22757365725f74797065223b733a313a2231223b733a32363a22757365725f656d61696c5f76657269666965645f737461747573223b733a313a2230223b7d),
('guen8fst198re90vc24l6sf8iqu453j4', '::1', 1616388402, 0x5f5f63695f6c6173745f726567656e65726174657c693a313631363338383332383b6c6f676765645f696e5f66726f6e747c613a31303a7b733a323a226964223b733a323a223431223b733a383a22757365726e616d65223b4e3b733a31303a2266697273745f6e616d65223b733a373a2274657374313233223b733a393a226c6173745f6e616d65223b4e3b733a353a22656d61696c223b733a31383a2274657374406d696e64636c6f75642e636f6d223b733a31333a2270726f66696c655f696d616765223b733a35343a22687474703a2f2f6c6f63616c686f73742f636c6f75642f6173736574732f75706c6f6164732f757365722f70726f66696c652e706e67223b733a383a2269735f66726f6e74223b623a313b733a393a22757365725f74797065223b693a313b733a32363a22757365725f656d61696c5f76657269666965645f737461747573223b733a313a2230223b733a31313a22757365725f706f696e7473223b733a313a2230223b7d6c6f676765645f696e7c613a393a7b733a323a226964223b733a313a2231223b733a383a22757365726e616d65223b733a353a2261646d696e223b733a31303a2266697273745f6e616d65223b733a353a2241646d696e223b733a393a226c6173745f6e616d65223b733a303a22223b733a353a22656d61696c223b733a31393a2261646d696e406d696e64636c6f75642e636f6d223b733a31333a2270726f66696c655f696d616765223b733a31393a2270726f66696c652f70726f66696c652e706e67223b733a383a2269735f61646d696e223b733a313a2231223b733a393a22757365725f74797065223b733a313a2231223b733a32363a22757365725f656d61696c5f76657269666965645f737461747573223b733a313a2230223b7d),
('hhrdl8hi359cqr0bm8jdaovi26bh1h58', '::1', 1616390353, 0x5f5f63695f6c6173745f726567656e65726174657c693a313631363339303333343b6c6f676765645f696e5f66726f6e747c613a31303a7b733a323a226964223b733a323a223431223b733a383a22757365726e616d65223b4e3b733a31303a2266697273745f6e616d65223b733a373a2274657374313233223b733a393a226c6173745f6e616d65223b4e3b733a353a22656d61696c223b733a31383a2274657374406d696e64636c6f75642e636f6d223b733a31333a2270726f66696c655f696d616765223b733a35343a22687474703a2f2f6c6f63616c686f73742f636c6f75642f6173736574732f75706c6f6164732f757365722f70726f66696c652e706e67223b733a383a2269735f66726f6e74223b623a313b733a393a22757365725f74797065223b693a313b733a32363a22757365725f656d61696c5f76657269666965645f737461747573223b733a313a2230223b733a31313a22757365725f706f696e7473223b733a313a2230223b7d6c6f676765645f696e7c613a393a7b733a323a226964223b733a313a2231223b733a383a22757365726e616d65223b733a353a2261646d696e223b733a31303a2266697273745f6e616d65223b733a353a2241646d696e223b733a393a226c6173745f6e616d65223b733a303a22223b733a353a22656d61696c223b733a31393a2261646d696e406d696e64636c6f75642e636f6d223b733a31333a2270726f66696c655f696d616765223b733a31393a2270726f66696c652f70726f66696c652e706e67223b733a383a2269735f61646d696e223b733a313a2231223b733a393a22757365725f74797065223b733a313a2231223b733a32363a22757365725f656d61696c5f76657269666965645f737461747573223b733a313a2230223b7d),
('l85rgnhfdsjessklt71hfubhhc80n2sn', '::1', 1616388970, 0x5f5f63695f6c6173745f726567656e65726174657c693a313631363338383730383b6c6f676765645f696e5f66726f6e747c613a31303a7b733a323a226964223b733a323a223431223b733a383a22757365726e616d65223b4e3b733a31303a2266697273745f6e616d65223b733a373a2274657374313233223b733a393a226c6173745f6e616d65223b4e3b733a353a22656d61696c223b733a31383a2274657374406d696e64636c6f75642e636f6d223b733a31333a2270726f66696c655f696d616765223b733a35343a22687474703a2f2f6c6f63616c686f73742f636c6f75642f6173736574732f75706c6f6164732f757365722f70726f66696c652e706e67223b733a383a2269735f66726f6e74223b623a313b733a393a22757365725f74797065223b693a313b733a32363a22757365725f656d61696c5f76657269666965645f737461747573223b733a313a2230223b733a31313a22757365725f706f696e7473223b733a313a2230223b7d6c6f676765645f696e7c613a393a7b733a323a226964223b733a313a2231223b733a383a22757365726e616d65223b733a353a2261646d696e223b733a31303a2266697273745f6e616d65223b733a353a2241646d696e223b733a393a226c6173745f6e616d65223b733a303a22223b733a353a22656d61696c223b733a31393a2261646d696e406d696e64636c6f75642e636f6d223b733a31333a2270726f66696c655f696d616765223b733a31393a2270726f66696c652f70726f66696c652e706e67223b733a383a2269735f61646d696e223b733a313a2231223b733a393a22757365725f74797065223b733a313a2231223b733a32363a22757365725f656d61696c5f76657269666965645f737461747573223b733a313a2230223b7d),
('m62qp6ghuf9rrjuj3hcrj9mg1g1e1op7', '::1', 1616391112, 0x5f5f63695f6c6173745f726567656e65726174657c693a313631363339313034323b6c6f676765645f696e5f66726f6e747c613a31303a7b733a323a226964223b733a323a223431223b733a383a22757365726e616d65223b4e3b733a31303a2266697273745f6e616d65223b733a373a2274657374313233223b733a393a226c6173745f6e616d65223b4e3b733a353a22656d61696c223b733a31383a2274657374406d696e64636c6f75642e636f6d223b733a31333a2270726f66696c655f696d616765223b733a35343a22687474703a2f2f6c6f63616c686f73742f636c6f75642f6173736574732f75706c6f6164732f757365722f70726f66696c652e706e67223b733a383a2269735f66726f6e74223b623a313b733a393a22757365725f74797065223b693a313b733a32363a22757365725f656d61696c5f76657269666965645f737461747573223b733a313a2230223b733a31313a22757365725f706f696e7473223b733a313a2230223b7d6c6f676765645f696e7c613a393a7b733a323a226964223b733a313a2231223b733a383a22757365726e616d65223b733a353a2261646d696e223b733a31303a2266697273745f6e616d65223b733a353a2241646d696e223b733a393a226c6173745f6e616d65223b733a303a22223b733a353a22656d61696c223b733a31393a2261646d696e406d696e64636c6f75642e636f6d223b733a31333a2270726f66696c655f696d616765223b733a31393a2270726f66696c652f70726f66696c652e706e67223b733a383a2269735f61646d696e223b733a313a2231223b733a393a22757365725f74797065223b733a313a2231223b733a32363a22757365725f656d61696c5f76657269666965645f737461747573223b733a313a2230223b7d),
('n0p0jo4aurorkluusisskug7g6eu3arc', '::1', 1616391010, 0x5f5f63695f6c6173745f726567656e65726174657c693a313631363339303733383b6c6f676765645f696e5f66726f6e747c613a31303a7b733a323a226964223b733a323a223431223b733a383a22757365726e616d65223b4e3b733a31303a2266697273745f6e616d65223b733a373a2274657374313233223b733a393a226c6173745f6e616d65223b4e3b733a353a22656d61696c223b733a31383a2274657374406d696e64636c6f75642e636f6d223b733a31333a2270726f66696c655f696d616765223b733a35343a22687474703a2f2f6c6f63616c686f73742f636c6f75642f6173736574732f75706c6f6164732f757365722f70726f66696c652e706e67223b733a383a2269735f66726f6e74223b623a313b733a393a22757365725f74797065223b693a313b733a32363a22757365725f656d61696c5f76657269666965645f737461747573223b733a313a2230223b733a31313a22757365725f706f696e7473223b733a313a2230223b7d6c6f676765645f696e7c613a393a7b733a323a226964223b733a313a2231223b733a383a22757365726e616d65223b733a353a2261646d696e223b733a31303a2266697273745f6e616d65223b733a353a2241646d696e223b733a393a226c6173745f6e616d65223b733a303a22223b733a353a22656d61696c223b733a31393a2261646d696e406d696e64636c6f75642e636f6d223b733a31333a2270726f66696c655f696d616765223b733a31393a2270726f66696c652f70726f66696c652e706e67223b733a383a2269735f61646d696e223b733a313a2231223b733a393a22757365725f74797065223b733a313a2231223b733a32363a22757365725f656d61696c5f76657269666965645f737461747573223b733a313a2230223b7d),
('nfdafvbjs3d7891afa4ji945rccg3960', '::1', 1616415106, 0x5f5f63695f6c6173745f726567656e65726174657c693a313631363431343830383b6c6f676765645f696e7c613a393a7b733a323a226964223b733a313a2231223b733a383a22757365726e616d65223b733a353a2261646d696e223b733a31303a2266697273745f6e616d65223b733a353a2241646d696e223b733a393a226c6173745f6e616d65223b733a303a22223b733a353a22656d61696c223b733a31393a2261646d696e406d696e64636c6f75642e636f6d223b733a31333a2270726f66696c655f696d616765223b733a31393a2270726f66696c652f70726f66696c652e706e67223b733a383a2269735f61646d696e223b733a313a2231223b733a393a22757365725f74797065223b733a313a2231223b733a32363a22757365725f656d61696c5f76657269666965645f737461747573223b733a313a2230223b7d),
('ognbll628olcooreccloujm32rnqe4o7', '::1', 1616414296, 0x5f5f63695f6c6173745f726567656e65726174657c693a313631363431343239303b6c6f676765645f696e7c613a393a7b733a323a226964223b733a313a2231223b733a383a22757365726e616d65223b733a353a2261646d696e223b733a31303a2266697273745f6e616d65223b733a353a2241646d696e223b733a393a226c6173745f6e616d65223b733a303a22223b733a353a22656d61696c223b733a31393a2261646d696e406d696e64636c6f75642e636f6d223b733a31333a2270726f66696c655f696d616765223b733a31393a2270726f66696c652f70726f66696c652e706e67223b733a383a2269735f61646d696e223b733a313a2231223b733a393a22757365725f74797065223b733a313a2231223b733a32363a22757365725f656d61696c5f76657269666965645f737461747573223b733a313a2230223b7d),
('oojukmn02frlv66febg3v0ad514t7v58', '::1', 1616394368, 0x5f5f63695f6c6173745f726567656e65726174657c693a313631363339343239363b6c6f676765645f696e5f66726f6e747c613a31303a7b733a323a226964223b733a323a223431223b733a383a22757365726e616d65223b4e3b733a31303a2266697273745f6e616d65223b733a373a2274657374313233223b733a393a226c6173745f6e616d65223b4e3b733a353a22656d61696c223b733a31383a2274657374406d696e64636c6f75642e636f6d223b733a31333a2270726f66696c655f696d616765223b733a35343a22687474703a2f2f6c6f63616c686f73742f636c6f75642f6173736574732f75706c6f6164732f757365722f70726f66696c652e706e67223b733a383a2269735f66726f6e74223b623a313b733a393a22757365725f74797065223b693a313b733a32363a22757365725f656d61696c5f76657269666965645f737461747573223b733a313a2230223b733a31313a22757365725f706f696e7473223b733a313a2230223b7d6c6f676765645f696e7c613a393a7b733a323a226964223b733a313a2231223b733a383a22757365726e616d65223b733a353a2261646d696e223b733a31303a2266697273745f6e616d65223b733a353a2241646d696e223b733a393a226c6173745f6e616d65223b733a303a22223b733a353a22656d61696c223b733a31393a2261646d696e406d696e64636c6f75642e636f6d223b733a31333a2270726f66696c655f696d616765223b733a31393a2270726f66696c652f70726f66696c652e706e67223b733a383a2269735f61646d696e223b733a313a2231223b733a393a22757365725f74797065223b733a313a2231223b733a32363a22757365725f656d61696c5f76657269666965645f737461747573223b733a313a2230223b7d),
('pcnffr1umoknoq712fgnae05bgal0n1o', '::1', 1616411462, 0x5f5f63695f6c6173745f726567656e65726174657c693a313631363431313436323b6c6f676765645f696e7c613a393a7b733a323a226964223b733a313a2231223b733a383a22757365726e616d65223b733a353a2261646d696e223b733a31303a2266697273745f6e616d65223b733a353a2241646d696e223b733a393a226c6173745f6e616d65223b733a303a22223b733a353a22656d61696c223b733a31393a2261646d696e406d696e64636c6f75642e636f6d223b733a31333a2270726f66696c655f696d616765223b733a31393a2270726f66696c652f70726f66696c652e706e67223b733a383a2269735f61646d696e223b733a313a2231223b733a393a22757365725f74797065223b733a313a2231223b733a32363a22757365725f656d61696c5f76657269666965645f737461747573223b733a313a2230223b7d),
('q43rbdoge2d1hohm049tsqrvvpine0uo', '::1', 1616388184, 0x5f5f63695f6c6173745f726567656e65726174657c693a313631363338373839363b6c6f676765645f696e5f66726f6e747c613a31303a7b733a323a226964223b733a323a223431223b733a383a22757365726e616d65223b4e3b733a31303a2266697273745f6e616d65223b733a373a2274657374313233223b733a393a226c6173745f6e616d65223b4e3b733a353a22656d61696c223b733a31383a2274657374406d696e64636c6f75642e636f6d223b733a31333a2270726f66696c655f696d616765223b733a35343a22687474703a2f2f6c6f63616c686f73742f636c6f75642f6173736574732f75706c6f6164732f757365722f70726f66696c652e706e67223b733a383a2269735f66726f6e74223b623a313b733a393a22757365725f74797065223b693a313b733a32363a22757365725f656d61696c5f76657269666965645f737461747573223b733a313a2230223b733a31313a22757365725f706f696e7473223b733a313a2230223b7d6c6f676765645f696e7c613a393a7b733a323a226964223b733a313a2231223b733a383a22757365726e616d65223b733a353a2261646d696e223b733a31303a2266697273745f6e616d65223b733a353a2241646d696e223b733a393a226c6173745f6e616d65223b733a303a22223b733a353a22656d61696c223b733a31393a2261646d696e406d696e64636c6f75642e636f6d223b733a31333a2270726f66696c655f696d616765223b733a31393a2270726f66696c652f70726f66696c652e706e67223b733a383a2269735f61646d696e223b733a313a2231223b733a393a22757365725f74797065223b733a313a2231223b733a32363a22757365725f656d61696c5f76657269666965645f737461747573223b733a313a2230223b7d),
('r794thf9q772n6jan4gtqnullq8afg3m', '::1', 1616412581, 0x5f5f63695f6c6173745f726567656e65726174657c693a313631363431323339323b6c6f676765645f696e7c613a393a7b733a323a226964223b733a313a2231223b733a383a22757365726e616d65223b733a353a2261646d696e223b733a31303a2266697273745f6e616d65223b733a353a2241646d696e223b733a393a226c6173745f6e616d65223b733a303a22223b733a353a22656d61696c223b733a31393a2261646d696e406d696e64636c6f75642e636f6d223b733a31333a2270726f66696c655f696d616765223b733a31393a2270726f66696c652f70726f66696c652e706e67223b733a383a2269735f61646d696e223b733a313a2231223b733a393a22757365725f74797065223b733a313a2231223b733a32363a22757365725f656d61696c5f76657269666965645f737461747573223b733a313a2230223b7d),
('tbbcomraactmmqh0p18el8jh0t2k1ddj', '::1', 1616387587, 0x5f5f63695f6c6173745f726567656e65726174657c693a313631363338373332393b6c6f676765645f696e5f66726f6e747c613a31303a7b733a323a226964223b733a323a223431223b733a383a22757365726e616d65223b4e3b733a31303a2266697273745f6e616d65223b733a373a2274657374313233223b733a393a226c6173745f6e616d65223b4e3b733a353a22656d61696c223b733a31383a2274657374406d696e64636c6f75642e636f6d223b733a31333a2270726f66696c655f696d616765223b733a35343a22687474703a2f2f6c6f63616c686f73742f636c6f75642f6173736574732f75706c6f6164732f757365722f70726f66696c652e706e67223b733a383a2269735f66726f6e74223b623a313b733a393a22757365725f74797065223b693a313b733a32363a22757365725f656d61696c5f76657269666965645f737461747573223b733a313a2230223b733a31313a22757365725f706f696e7473223b733a313a2230223b7d6c6f676765645f696e7c613a393a7b733a323a226964223b733a313a2231223b733a383a22757365726e616d65223b733a353a2261646d696e223b733a31303a2266697273745f6e616d65223b733a353a2241646d696e223b733a393a226c6173745f6e616d65223b733a303a22223b733a353a22656d61696c223b733a31393a2261646d696e406d696e64636c6f75642e636f6d223b733a31333a2270726f66696c655f696d616765223b733a31393a2270726f66696c652f70726f66696c652e706e67223b733a383a2269735f61646d696e223b733a313a2231223b733a393a22757365725f74797065223b733a313a2231223b733a32363a22757365725f656d61696c5f76657269666965645f737461747573223b733a313a2230223b7d),
('tp6aovp3d4pcohnlhp3dhl3gkkhabglp', '::1', 1616414212, 0x5f5f63695f6c6173745f726567656e65726174657c693a313631363431333932313b6c6f676765645f696e7c613a393a7b733a323a226964223b733a313a2231223b733a383a22757365726e616d65223b733a353a2261646d696e223b733a31303a2266697273745f6e616d65223b733a353a2241646d696e223b733a393a226c6173745f6e616d65223b733a303a22223b733a353a22656d61696c223b733a31393a2261646d696e406d696e64636c6f75642e636f6d223b733a31333a2270726f66696c655f696d616765223b733a31393a2270726f66696c652f70726f66696c652e706e67223b733a383a2269735f61646d696e223b733a313a2231223b733a393a22757365725f74797065223b733a313a2231223b733a32363a22757365725f656d61696c5f76657269666965645f737461747573223b733a313a2230223b7d),
('vkrtj1ffpe564m2csh0f67im7i2o2lld', '::1', 1616415952, 0x5f5f63695f6c6173745f726567656e65726174657c693a313631363431353731373b6c6f676765645f696e7c613a393a7b733a323a226964223b733a313a2231223b733a383a22757365726e616d65223b733a353a2261646d696e223b733a31303a2266697273745f6e616d65223b733a353a2241646d696e223b733a393a226c6173745f6e616d65223b733a303a22223b733a353a22656d61696c223b733a31393a2261646d696e406d696e64636c6f75642e636f6d223b733a31333a2270726f66696c655f696d616765223b733a31393a2270726f66696c652f70726f66696c652e706e67223b733a383a2269735f61646d696e223b733a313a2231223b733a393a22757365725f74797065223b733a313a2231223b733a32363a22757365725f656d61696c5f76657269666965645f737461747573223b733a313a2230223b7d),
('vmdsjn9oe3c4vvods23r7tlkuvmd3c5k', '::1', 1616393803, 0x5f5f63695f6c6173745f726567656e65726174657c693a313631363339333535353b6c6f676765645f696e5f66726f6e747c613a31303a7b733a323a226964223b733a323a223431223b733a383a22757365726e616d65223b4e3b733a31303a2266697273745f6e616d65223b733a373a2274657374313233223b733a393a226c6173745f6e616d65223b4e3b733a353a22656d61696c223b733a31383a2274657374406d696e64636c6f75642e636f6d223b733a31333a2270726f66696c655f696d616765223b733a35343a22687474703a2f2f6c6f63616c686f73742f636c6f75642f6173736574732f75706c6f6164732f757365722f70726f66696c652e706e67223b733a383a2269735f66726f6e74223b623a313b733a393a22757365725f74797065223b693a313b733a32363a22757365725f656d61696c5f76657269666965645f737461747573223b733a313a2230223b733a31313a22757365725f706f696e7473223b733a313a2230223b7d6c6f676765645f696e7c613a393a7b733a323a226964223b733a313a2231223b733a383a22757365726e616d65223b733a353a2261646d696e223b733a31303a2266697273745f6e616d65223b733a353a2241646d696e223b733a393a226c6173745f6e616d65223b733a303a22223b733a353a22656d61696c223b733a31393a2261646d696e406d696e64636c6f75642e636f6d223b733a31333a2270726f66696c655f696d616765223b733a31393a2270726f66696c652f70726f66696c652e706e67223b733a383a2269735f61646d696e223b733a313a2231223b733a393a22757365725f74797065223b733a313a2231223b733a32363a22757365725f656d61696c5f76657269666965645f737461747573223b733a313a2230223b7d);

-- --------------------------------------------------------

--
-- Table structure for table `md_client`
--

CREATE TABLE `md_client` (
  `client_id` int(10) NOT NULL,
  `client_name` varchar(255) NOT NULL,
  `client_type` varchar(255) NOT NULL,
  `client_image` varchar(255) NOT NULL,
  `client_image_path` varchar(255) NOT NULL,
  `client_status` int(10) NOT NULL DEFAULT '1',
  `client_createdon` timestamp NOT NULL DEFAULT CURRENT_TIMESTAMP
) ENGINE=MyISAM DEFAULT CHARSET=latin1 COMMENT='to store client information';

--
-- Dumping data for table `md_client`
--

INSERT INTO `md_client` (`client_id`, `client_name`, `client_type`, `client_image`, `client_image_path`, `client_status`, `client_createdon`) VALUES
(11, '', '1', 'creenhot2020-06-28at146342x161483688952.png', 'assets/uploads/client/', 1, '2021-03-04 05:45:45'),
(12, '', '1', 'creenhot2020-06-28at147192x161483680562.png', 'assets/uploads/client/', 1, '2021-03-04 05:46:45'),
(13, '', '2', 'image-asset2x161483682198.png', 'assets/uploads/client/', 1, '2021-03-04 05:47:01'),
(14, '', '2', 'area2071-185x1952x161483687343.png', 'assets/uploads/client/', 1, '2021-03-04 05:47:53');

-- --------------------------------------------------------

--
-- Table structure for table `md_cms_page`
--

CREATE TABLE `md_cms_page` (
  `cms_page_id` int(11) NOT NULL,
  `cms_page_status` tinyint(4) NOT NULL DEFAULT '1',
  `cms_page_page` int(11) NOT NULL DEFAULT '0',
  `cms_page_is_image` tinyint(4) NOT NULL DEFAULT '0',
  `cms_page_is_image2` tinyint(4) NOT NULL DEFAULT '0',
  `cms_page_is_image3` tinyint(4) NOT NULL DEFAULT '0',
  `cms_page_name` varchar(255) DEFAULT NULL,
  `cms_page_title` varchar(255) DEFAULT NULL,
  `cms_page_content` text,
  `cms_page_url` varchar(225) NOT NULL,
  `cms_page_image` varchar(255) DEFAULT NULL,
  `cms_page_image2` varchar(255) DEFAULT NULL,
  `cms_page_image3` varchar(255) DEFAULT NULL,
  `cms_page_image_path` varchar(512) DEFAULT NULL,
  `tutorial_video` varchar(255) DEFAULT NULL,
  `tutorial_video_path` varchar(255) DEFAULT NULL,
  `cms_page_createdon` timestamp NOT NULL DEFAULT CURRENT_TIMESTAMP ON UPDATE CURRENT_TIMESTAMP,
  `cms_page_meta_title` varchar(100) DEFAULT NULL,
  `cms_page_meta_keywords` varchar(255) DEFAULT NULL,
  `cms_page_meta_description` text
) ENGINE=InnoDB DEFAULT CHARSET=latin1;

--
-- Dumping data for table `md_cms_page`
--

INSERT INTO `md_cms_page` (`cms_page_id`, `cms_page_status`, `cms_page_page`, `cms_page_is_image`, `cms_page_is_image2`, `cms_page_is_image3`, `cms_page_name`, `cms_page_title`, `cms_page_content`, `cms_page_url`, `cms_page_image`, `cms_page_image2`, `cms_page_image3`, `cms_page_image_path`, `tutorial_video`, `tutorial_video_path`, `cms_page_createdon`, `cms_page_meta_title`, `cms_page_meta_keywords`, `cms_page_meta_description`) VALUES
(1, 1, 0, 0, 0, 0, 'No Parent', NULL, NULL, '', NULL, NULL, NULL, NULL, NULL, NULL, '2021-03-19 10:14:46', NULL, NULL, NULL),
(2, 1, 1, 0, 0, 0, 'Home', NULL, NULL, '', NULL, NULL, NULL, NULL, NULL, NULL, '2021-03-19 10:14:42', NULL, NULL, NULL),
(3, 1, 2, 1, 0, 0, 'Home-section-1', 'Experts Tutorials', '&lt;p&gt;Learn anywhere and any time. Elevate your business skills with our Experts Video Tutorials.&lt;/p&gt;', '', '0.58357700_1616147730_1.svg', NULL, NULL, 'assets/uploads/cms_page/', NULL, NULL, '2021-03-19 10:15:03', NULL, NULL, NULL),
(4, 1, 2, 1, 0, 0, 'Home-section-2', 'Learning Journey', '&lt;p&gt;Build your Business Plan, Get Funded. Step-by-step builder for your Business Plan &amp;amp; Investment Deck.&lt;/p&gt;', '', '0.89353300_1616148166_1.svg', NULL, NULL, 'assets/uploads/cms_page/', NULL, NULL, '2021-03-19 10:15:04', NULL, NULL, NULL),
(5, 1, 2, 1, 0, 0, 'Home-section-3', 'Consult with Experts', '&lt;p&gt;Work with Industry Experts for successful strategies and to overcome the challenges of difficult markets.&lt;/p&gt;', '', '0.74754000_1616148716_1.svg', NULL, NULL, 'assets/uploads/cms_page/', NULL, NULL, '2021-03-19 10:15:06', NULL, NULL, NULL),
(6, 1, 2, 0, 0, 0, 'You-are-ready', 'You\'re ready!', '&lt;p&gt;What has landed you here is your biggest strength, the desire to step into your vision. We offer you our five valuable attributes of&amp;nbsp;&lt;strong&gt;knowledge, skills, confidence, credibility&lt;/strong&gt;&amp;nbsp;and&amp;nbsp;&lt;strong&gt;networks.&lt;/strong&gt;&amp;nbsp;In return, we invite you to share with us your&amp;nbsp;&lt;strong&gt;courage, commitment, vision, achievement&lt;/strong&gt;&amp;nbsp;and&amp;nbsp;&lt;strong&gt;success.&lt;/strong&gt;&amp;nbsp;Founded in 2019 in the UAE, Mind Cloud Tribe is a unique platform of tutorials (videos, tools &amp;amp; tool-builders) to help you build your business plan as well as a network of experts and resources to work with. We are a tribe of like-minded people coming together to support you on your entrepreneurship journey.&lt;/p&gt;\r\n\r\n&lt;p&gt;&lt;br /&gt;\r\n&amp;nbsp;&lt;/p&gt;\r\n\r\n&lt;p&gt;&lt;strong&gt;Stepping into your vision requires a bold mindset, a set of skills, and the support of your &amp;quot;Tribe&amp;quot;&lt;/strong&gt;&lt;/p&gt;', '', '0.74754000_1616148716_1.svg', NULL, NULL, 'assets/uploads/cms_page/', NULL, NULL, '2021-03-19 10:18:04', NULL, NULL, NULL),
(7, 1, 2, 0, 0, 0, 'experts-tutorials-1', 'Experts Tutorials', '&lt;p&gt;&lt;strong&gt;Mind Cloud&lt;/strong&gt;&amp;nbsp;Tribe has gathered a group of successful and inspirational experts committed to sharing their knowledge and working with entrepreneurs towards solving problems and developing strategies for success.&lt;/p&gt;', '', '0.74754000_1616148716_1.svg', NULL, NULL, 'assets/uploads/cms_page/', NULL, NULL, '2021-03-19 10:19:50', NULL, NULL, NULL),
(8, 1, 2, 0, 0, 0, 'experts-tutorials-2', 'Null', '&lt;p&gt;&lt;strong&gt;Our video series&lt;/strong&gt;&amp;nbsp;is divided by&amp;nbsp;&lt;a href=&quot;javascript:;&quot;&gt;20+ Categories&lt;/a&gt;&amp;nbsp;and&amp;nbsp;&lt;a href=&quot;javascript:;&quot;&gt;30+ Experts,&lt;/a&gt;&amp;nbsp;allowing you to dig deeper into each subject matter. Discover what Expert Tutorials and Categories are the most viewed:&lt;/p&gt;', '', '0.74754000_1616148716_1.svg', NULL, NULL, 'assets/uploads/cms_page/', NULL, NULL, '2021-03-19 10:20:16', NULL, NULL, NULL),
(9, 1, 2, 0, 0, 0, 'learning-journey-1', 'Learning Journey', '&lt;p&gt;We have designed a practical, step-by-step journey of video-tutorials and tool-builders to guide you through building your&amp;nbsp;&lt;strong&gt;business plan&lt;/strong&gt;, starting with your Business Model Canvas, all the way to your&amp;nbsp;&lt;strong&gt;Investment Deck&lt;/strong&gt;.&lt;/p&gt;', '', '0.74754000_1616148716_1.svg', NULL, NULL, 'assets/uploads/cms_page/', NULL, NULL, '2021-03-19 10:26:10', NULL, NULL, NULL),
(10, 1, 2, 1, 0, 0, 'learning-journey-2', 'Null', '&lt;h5&gt;Journey Includes:&lt;/h5&gt;\r\n\r\n&lt;ul&gt;\r\n	&lt;li&gt;&lt;i&gt;&lt;img src=&quot;http://localhost/mind-cloud/assets/images/icons/1.png&quot; /&gt;&lt;/i&gt;&amp;nbsp;Professional Certification&lt;/li&gt;\r\n	&lt;li&gt;&lt;i&gt;&lt;img src=&quot;http://localhost/mind-cloud/assets/images/icons/2.png&quot; /&gt;&lt;/i&gt;&amp;nbsp;16 Video Tutorials&lt;/li&gt;\r\n	&lt;li&gt;&lt;i&gt;&lt;img src=&quot;http://localhost/mind-cloud/assets/images/icons/3.png&quot; /&gt;&lt;/i&gt;&amp;nbsp;16 Tool-Builders&lt;/li&gt;\r\n	&lt;li&gt;&lt;i&gt;&lt;img src=&quot;http://localhost/mind-cloud/assets/images/icons/4.png&quot; /&gt;&lt;/i&gt;&amp;nbsp;16 Downloadable Tools&lt;/li&gt;\r\n&lt;/ul&gt;', '', '0.60620200_1616150396_1.png', NULL, NULL, 'assets/uploads/cms_page/', 'test161615079497.mp4', 'assets/uploads/cms_page/', '2021-03-19 10:46:34', NULL, NULL, NULL),
(11, 1, 2, 0, 0, 0, 'who-is-it-for', 'Who Is It For?', '&lt;p&gt;Looking to start a business and requiring direction&lt;/p&gt;', '', '0.60620200_1616150396_1.png', NULL, NULL, 'assets/uploads/cms_page/', 'test161615079497.mp4', 'assets/uploads/cms_page/', '2021-03-22 06:08:47', NULL, NULL, NULL),
(12, 1, 2, 1, 0, 0, 'who-is-it-for-1', 'NEW ENTREPRENEURS', '&lt;p&gt;Looking to start a business and requiring direction&lt;/p&gt;', '', '0.72046600_1616393661_1.png', NULL, NULL, 'assets/uploads/cms_page/', 'sample-5s161639363193.mp4', 'assets/uploads/cms_page/', '2021-03-22 06:14:21', NULL, NULL, NULL),
(13, 1, 2, 1, 0, 0, 'who-is-it-for-2', 'CORPORATE ENTREPRENEURS', '&lt;p&gt;Looking to launch a venture within their institution&lt;/p&gt;', '', '0.98282200_1616393749_1.png', NULL, NULL, 'assets/uploads/cms_page/', 'test161615079497.mp4', 'assets/uploads/cms_page/', '2021-03-22 06:15:49', NULL, NULL, NULL),
(14, 1, 2, 1, 0, 0, 'who-is-it-for-3', 'GROWTH ENTREPRENEURS', '&lt;p&gt;Looking to grow their business and up-skill their team&lt;/p&gt;', '', '0.49422700_1616393796_1.jpg', NULL, NULL, 'assets/uploads/cms_page/', 'test161615079497.mp4', 'assets/uploads/cms_page/', '2021-03-22 06:16:36', NULL, NULL, NULL),
(15, 1, 2, 1, 0, 0, 'why-join', 'WhyJoin?', '&lt;p&gt;&lt;strong&gt;No matter where you are&lt;/strong&gt;&amp;nbsp;in your entrepreneurial journey, Mind Cloud Tribe is your partner to bridge all the knowledge gaps, and be equipped to make the right decisions.&lt;/p&gt;', '', '0.35752200_1616394365_3.png', NULL, NULL, 'assets/uploads/cms_page/', 'test161615079497.mp4', 'assets/uploads/cms_page/', '2021-03-22 06:26:05', NULL, NULL, NULL),
(16, 1, 2, 0, 0, 0, 'why-join-1', 'null', '&lt;p&gt;&lt;strong&gt;Making the right decisions&lt;/strong&gt;&amp;nbsp;is the number one success factor for any entrepreneur or business owner. We provide guidance and services to determine you&amp;#39;re on the right path.&lt;/p&gt;', '', '0.35752200_1616394365_3.png', NULL, NULL, 'assets/uploads/cms_page/', 'test161615079497.mp4', 'assets/uploads/cms_page/', '2021-03-22 10:02:54', NULL, NULL, NULL),
(17, 1, 2, 1, 0, 0, 'join-mind-cloud-tribe-today', 'Join Mind Cloud Tribe Today!', '&lt;p&gt;Get limited access to your&amp;nbsp;&lt;strong&gt;7-day free trial.&lt;/strong&gt;&lt;/p&gt;', '', '0.09422600_1616407481_1.png', NULL, NULL, 'assets/uploads/cms_page/', 'test161615079497.mp4', 'assets/uploads/cms_page/', '2021-03-22 10:04:41', NULL, NULL, NULL),
(18, 1, 2, 0, 0, 0, 'consult-with-experts', 'Consult with Experts', '&lt;p&gt;Feeling stuck? Book one-on-one video meetings with our panel of top business Experts.&lt;/p&gt;', '', '0.35752200_1616394365_3.png', NULL, NULL, 'assets/uploads/cms_page/', 'test161615079497.mp4', 'assets/uploads/cms_page/', '2021-03-22 12:23:29', NULL, NULL, NULL),
(19, 1, 2, 0, 0, 0, 'join-our-tribe-of-experts', 'Join our Tribe of Experts', '&lt;p&gt;Join our tribe as an Expert if you love to share your knowledge. We will connect you with an audience eager for your expertise.&lt;/p&gt;', '', '0.35752200_1616394365_3.png', NULL, NULL, 'assets/uploads/cms_page/', 'test161615079497.mp4', 'assets/uploads/cms_page/', '2021-03-22 12:25:48', NULL, NULL, NULL);

-- --------------------------------------------------------

--
-- Table structure for table `md_color`
--

CREATE TABLE `md_color` (
  `color_id` int(11) NOT NULL,
  `color_name` varchar(255) NOT NULL,
  `color_slug` varchar(255) NOT NULL,
  `color_status` int(11) NOT NULL DEFAULT '0',
  `color_createdon` timestamp NOT NULL DEFAULT CURRENT_TIMESTAMP
) ENGINE=InnoDB DEFAULT CHARSET=latin1;

--
-- Dumping data for table `md_color`
--

INSERT INTO `md_color` (`color_id`, `color_name`, `color_slug`, `color_status`, `color_createdon`) VALUES
(1, 'Anti Black', 'Anti-Black', 1, '2019-08-30 22:53:07'),
(2, 'hiny Light Gold', 'hiny-Light-Gold', 1, '2019-08-30 22:53:24'),
(3, 'Shiny Gold', 'Shiny-Gold', 1, '2019-08-30 22:53:30'),
(4, 'Shiny Black Nickel', 'Shiny-Black-Nickel', 1, '2019-08-30 22:53:37');

-- --------------------------------------------------------

--
-- Table structure for table `md_comment`
--

CREATE TABLE `md_comment` (
  `comment_id` int(11) NOT NULL,
  `comment_user_id` int(11) NOT NULL DEFAULT '0',
  `comment_name` varchar(225) NOT NULL DEFAULT '',
  `comment_rply_to` int(11) NOT NULL,
  `comment_rating` int(11) NOT NULL,
  `comment_product_id` int(11) NOT NULL,
  `comment_comment` text NOT NULL,
  `comment_status` tinyint(4) NOT NULL,
  `comment_createdon` timestamp NOT NULL DEFAULT CURRENT_TIMESTAMP
) ENGINE=InnoDB DEFAULT CHARSET=latin1;

--
-- Dumping data for table `md_comment`
--

INSERT INTO `md_comment` (`comment_id`, `comment_user_id`, `comment_name`, `comment_rply_to`, `comment_rating`, `comment_product_id`, `comment_comment`, `comment_status`, `comment_createdon`) VALUES
(2, 14, 'Ellen jhon', 0, 3, 1, '	\r\nSteve Bradley 5 Months Ago  \r\nVivamus imperdiet ex sed lobortis luctus. Aenean posuere nulla in turpis porttitor laoreet. Quisque finibus aliquet purus.', 1, '2020-07-30 09:11:41'),
(3, 14, 'Ellen jhon', 0, 4, 1, 'xcdvvdxv', 1, '2020-08-04 05:56:29'),
(4, 37, 'Ana Banana', 0, 5, 6, 'Great Lesson!', 1, '2020-08-05 00:51:06'),
(5, 37, 'Ana Banana', 0, 5, 9, 'Great Lesson!', 1, '2020-08-05 14:13:06');

-- --------------------------------------------------------

--
-- Table structure for table `md_config`
--

CREATE TABLE `md_config` (
  `config_id` int(10) UNSIGNED NOT NULL,
  `config_variable` varchar(50) DEFAULT NULL,
  `config_value` varchar(100) DEFAULT NULL,
  `config_position` int(11) NOT NULL DEFAULT '0',
  `config_type` enum('admin','system') DEFAULT 'system' COMMENT '1-Admin; 2-System',
  `config_status` int(10) NOT NULL DEFAULT '1'
) ENGINE=InnoDB DEFAULT CHARSET=utf8;

--
-- Dumping data for table `md_config`
--

INSERT INTO `md_config` (`config_id`, `config_variable`, `config_value`, `config_position`, `config_type`, `config_status`) VALUES
(2, 'facebook_id', 'https://www.facebook.com/', 6, 'admin', 1),
(4, 'pinterest_id', 'https://www.pinterest.com/', 3, 'admin', 0),
(5, 'twitter_id', 'http://www.twitter.com/', 2, 'admin', 1),
(6, 'email_contact_us', 'info@mindcloud.com', 8, 'admin', 1),
(7, 'instagram_id', 'https://www.instagram.com/', 4, 'admin', 1),
(8, 'company_address', '1006 Brand Road', 9, 'admin', 1),
(9, 'phone', '+000-00-0000', 11, 'admin', 1),
(13, 'CE_provider', ' 50-24823', 10, 'system', 1),
(15, 'passing_percentage', '80', 5, 'system', 1),
(16, 'youtube_id', 'www.youtube.com', 7, 'admin', 0),
(17, 'site_title', 'MindCloud', 1, 'admin', 1),
(18, 'bussiness_phone', '+941-565-2002', 12, 'admin', 0),
(19, 'support_email', 'Hand painted by our professional portrait painters with 100% Money-Back Guarantee', 13, 'admin', 0),
(20, 'copy_right', '@copyright 2021 MindCloud. All right reserved.', 14, 'admin', 1),
(21, 'linkedin_id', 'https://www.linkedin.com/', 8, 'admin', 1);

-- --------------------------------------------------------

--
-- Table structure for table `md_country`
--

CREATE TABLE `md_country` (
  `country` varchar(255) CHARACTER SET latin1 NOT NULL DEFAULT '',
  `id` bigint(20) NOT NULL,
  `country_id` int(11) NOT NULL DEFAULT '0',
  `sb_countrycode` int(11) NOT NULL DEFAULT '0',
  `sb_faxprice` double NOT NULL DEFAULT '0',
  `sb_country_alias` char(2) CHARACTER SET latin1 DEFAULT NULL,
  `sb_in_countrysearch` tinyint(1) UNSIGNED NOT NULL DEFAULT '0',
  `sb_synonyms` varchar(255) CHARACTER SET latin1 DEFAULT NULL,
  `country_ar` varchar(255) CHARACTER SET utf8 COLLATE utf8_bin DEFAULT NULL,
  `country_cn` varchar(255) CHARACTER SET utf8 COLLATE utf8_bin DEFAULT NULL,
  `country_es` varchar(255) CHARACTER SET utf8 COLLATE utf8_bin DEFAULT NULL,
  `country_jp` varchar(255) CHARACTER SET utf8 COLLATE utf8_bin DEFAULT NULL,
  `country_fr` varchar(255) CHARACTER SET utf8 COLLATE utf8_bin DEFAULT NULL,
  `sb_continent` varchar(30) CHARACTER SET latin1 DEFAULT NULL COMMENT 'Country''s Continent name',
  `sb_iso_code` char(2) CHARACTER SET latin1 DEFAULT NULL COMMENT 'Country''s ISO Code',
  `sb_country_name_native_lang` varchar(255) NOT NULL DEFAULT '' COMMENT 'Country name in it''s native language'
) ENGINE=InnoDB DEFAULT CHARSET=utf8 ROW_FORMAT=DYNAMIC;

--
-- Dumping data for table `md_country`
--

INSERT INTO `md_country` (`country`, `id`, `country_id`, `sb_countrycode`, `sb_faxprice`, `sb_country_alias`, `sb_in_countrysearch`, `sb_synonyms`, `country_ar`, `country_cn`, `country_es`, `country_jp`, `country_fr`, `sb_continent`, `sb_iso_code`, `sb_country_name_native_lang`) VALUES
('Afghanistan', 1, 1, 93, 1, 'af', 0, 'sele', 'Afghanistan', 'Afghanistan', 'Afghanistan', 'Afghanistan', 'Afghanistan', 'Asia', 'AF', ''),
('Albania', 2, 2, 355, 1, 'al', 0, 'Albanian', 'Albania', 'Albania', 'Albania', 'Albania', 'Albania', 'Europe', 'AL', ''),
('Algeria', 3, 3, 213, 1, 'dz', 0, 'Algerian', 'Algeria', 'Algeria', 'Algeria', 'Algeria', 'Algeria', 'Africa', 'DZ', ''),
('Andorra', 4, 5, 376, 1, 'ad', 0, 'Andorran', 'Andorra', 'Andorra', 'Andorra', 'Andorra', 'Andorra', 'Europe', 'AD', ''),
('Angola', 5, 6, 244, 1, 'ao', 0, 'Angola', 'Angola', 'Angola', 'Angola', 'Angola', 'Angola', 'Africa', 'AO', ''),
('Anguilla', 6, 7, 264, 1, 'ai', 0, 'Anguillan', 'Anguilla', 'Anguilla', 'Anguilla', 'Anguilla', 'Anguilla', 'Asia', 'AI', ''),
('Antigua and Barbuda', 7, 9, 268, 1, 'ag', 0, 'Antiguans, Barbudans', 'Antigua & Barbuda', 'Antigua & Barbuda', 'Antigua & Barbuda', 'Antigua & Barbuda', 'Antigua and Barbuda', 'North America', 'AG', ''),
('Argentina', 8, 10, 54, 1, 'ar', 0, 'Argentine', 'Argentina', 'Argentina', 'Argentina', 'Argentina', 'Argentina', 'South America', 'AR', ''),
('Armenia', 9, 11, 374, 1, 'am', 0, 'Armenian', 'Armenia', 'Armenia', 'Armenia', 'Armenia', 'Armenia', 'Europe', 'AM', ''),
('Austria', 10, 14, 43, 1, 'at', 0, 'Austrians', 'Austria', 'Austria', 'Austria', 'Austria', 'Austria', 'Europe', 'AT', ''),
('Azerbaijan', 11, 15, 994, 1, 'az', 0, 'Azeris', 'Azerbaijan', 'Azerbaijan', 'Azerbaijan', 'Azerbaijan', 'Azerbaijan', 'Europe', 'AZ', ''),
('Bahamas', 12, 16, 242, 1, 'bs', 0, 'Bahamas', 'Bahamas', 'Bahamas', 'Bahamas', 'Bahamas', 'Bahamas', 'North America', 'BS', ''),
('Bahrain', 13, 17, 973, 1, 'bh', 0, 'Bahraini', 'Bahrain', 'Bahrain', 'Bahrain', 'Bahrain', 'Bahrain', 'Asia', 'BH', ''),
('Bangladesh', 14, 18, 880, 2, 'bd', 0, 'Bangladeshi', 'Bangladesh', 'Bangladesh', 'Bangladesh', 'Bangladesh', 'Bangladesh', 'Asia', 'BD', ''),
('Barbados', 15, 19, 246, 2, 'bb', 0, 'Barbadian', 'Barbados', 'Barbados', 'Barbados', 'Barbados', 'Barbados', 'North America', 'BB', ''),
('Belarus', 16, 20, 375, 2, 'by', 0, 'Belarus', 'Belarus', 'Belarus', 'Belarus', 'Belarus', 'Belarus', 'Europe', 'BY', ''),
('Belgium', 17, 21, 32, 2, 'be', 0, 'Belgian', 'Belgium', 'Belgium', 'Belgium', 'Belgium', 'Belgium', 'Europe', 'BE', ''),
('Belize', 19, 22, 501, 2, 'bz', 0, 'Belizean', 'Belize', 'Belize', 'Belize', 'Belize', 'Belize', 'North America', 'BZ', ''),
('Bermuda', 20, 24, 440, 2, 'bm', 0, 'Bermudian', 'Bermuda', 'Bermuda', 'Bermuda', 'Bermuda', 'Bermuda', 'Asia', 'BM', ''),
('Bhutan', 21, 25, 975, 2, 'bt', 0, 'Bhutanese', 'Bhutan', 'Bhutan', 'Bhutan', 'Bhutan', 'Bhutan', 'Asia', 'BT', ''),
('Bolivia', 22, 26, 591, 2, 'bo', 0, 'Bolivian', 'Bolivia', 'Bolivia', 'Bolivia', 'Bolivia', 'Bolivia', 'South America', 'BO', ''),
('Bosnia Herzegovina', 23, 27, 387, 2, 'ba', 0, 'Bosnian', 'Bosnia-Herzegovina', 'Bosnia-Herzegovina', 'Bosnia-Herzegovina', 'Bosnia-Herzegovina', 'Bosnia Herzegovina', 'Europe', 'BA', ''),
('Botswana', 24, 28, 267, 2, 'bw', 0, 'Botswana', 'Botswana', 'Botswana', 'Botswana', 'Botswana', 'Botswana', 'Africa', 'BW', ''),
('Brazil', 25, 30, 55, 2, 'br', 0, 'Brazilian', 'Brazil', 'Brazil', 'Brazil', 'Brazil', 'Brazil', 'South America', 'BR', ''),
('Brunei', 26, 32, 673, 2, 'bn', 0, 'Brunei', 'Brunei', 'Brunei', 'Brunei', 'Brunei', 'Brunei', 'Asia', 'BN', ''),
('Bulgaria', 27, 33, 359, 2, 'bg', 0, 'Bulgarian', 'Bulgaria', 'Bulgaria', 'Bulgaria', 'Bulgaria', 'Bulgaria', 'Europe', 'BG', ''),
('Burkina Faso', 28, 34, 226, 2, 'bf', 0, 'Burkinabe', 'Burkina Faso', 'Burkina Faso', 'Burkina Faso', 'Burkina Faso', 'Burkina Faso', 'Africa', 'BF', ''),
('Burundi', 29, 35, 257, 2, 'bi', 0, ' Burundian', 'Burundi', 'Burundi', 'Burundi', 'Burundi', 'Burundi', 'Africa', 'BI', ''),
('Cambodia', 30, 36, 855, 2, 'kh', 0, 'Cambodian', 'Cambodia', 'Cambodia', 'Cambodia', 'Cambodia', 'Cambodia', 'Asia', 'KH', ''),
('Cameroon', 31, 37, 237, 2, 'cm', 0, 'Cameroonian', 'Cameroon', 'Cameroon', 'Cameroon', 'Cameroon', 'Cameroon', 'Africa', 'CM', ''),
('Canada', 32, 38, 1, 2, 'ca', 0, 'Canadian', 'Canada', 'Canada', 'Canada', 'Canada', 'Canada', 'North America', 'CA', ''),
('Cape Verde', 33, 39, 238, 2, 'cv', 0, 'Cape Verdean', 'Cape Verde', 'Cape Verde', 'Cape Verde', 'Cape Verde', 'Cape Verde', 'Africa', 'CV', ''),
('Cayman Islands', 34, 40, 344, 2, 'ky', 0, 'Caymanian', 'Cayman Islands', 'Cayman Islands', 'Cayman Islands', 'Cayman Islands', 'Cayman Islands', 'Asia', 'KY', ''),
('Central African Republic', 35, 41, 236, 2, 'cf', 0, 'African', 'Central African Republic', 'Central African Republic', 'Central African Republic', 'Central African Republic', 'Central African Republic', 'Africa', 'CF', ''),
('Chad', 36, 42, 235, 2, 'td', 0, 'Chadian', 'Chad', 'Chad', 'Chad', 'Chad', 'Chad', 'Africa', 'TD', ''),
('Chile', 37, 43, 56, 2, 'cl', 0, 'Chilean', 'Chile', 'Chile', 'Chile', 'Chile', 'Chile', 'South America', 'CL', ''),
('China', 38, 44, 86, 2, 'cn', 1, 'Chinese', 'China', 'China', 'China', 'China', 'China', 'Asia', 'CN', ''),
('Colombia', 39, 47, 57, 2, 'co', 0, 'Colombian', 'Colombia', 'Colombia', 'Colombia', 'Colombia', 'Colombia', 'South America', 'CO', ''),
('Comoros', 40, 48, 269, 2, 'km', 0, 'Comoran', 'Comoros', 'Comoros', 'Comoros', 'Comoros', 'Comoros', 'Asia', 'KM', ''),
('Congo', 41, 49, 242, 2, 'cg', 0, 'Kongo', 'Congo', 'Congo', 'Congo', 'Congo', 'Congo', 'Africa', 'CG', ''),
('Congo (DRC)', 42, 50, 243, 2, 'cd', 0, 'Congolese', 'Congo (DRC)', 'Congo (DRC)', 'Congo (DRC)', 'Congo (DRC)', 'Congo (DRC)', 'Asia', 'CD', ''),
('Cook Islands', 43, 51, 682, 2, 'ck', 0, 'Cook Islander', 'Cook Islands', 'Cook Islands', 'Cook Islands', 'Cook Islands', 'Cook Islands', 'Australia and Oceania', 'CK', ''),
('Costa Rica', 44, 52, 506, 2, 'cr', 0, 'Costa Rican', 'Costa Rica', 'Costa Rica', 'Costa Rica', 'Costa Rica', 'Costa Rica', 'North America', 'CR', ''),
('Cote d\'Ivoire', 45, 53, 225, 2, 'ci', 0, 'Ivorian', 'Cote d\'Ivoire', 'Cote d\'Ivoire', 'Cote d\'Ivoire', 'Cote d\'Ivoire', 'Cote d\'Ivoire', 'Asia', 'CI', ''),
('Croatia', 46, 54, 385, 2, 'hr', 0, 'Croatian', 'Croatia', 'Croatia', 'Croatia', 'Croatia', 'Croatia', 'Europe', 'HR', ''),
('Cuba', 47, 55, 53, 2, 'cu', 0, 'Cuban', 'Cuba', 'Cuba', 'Cuba', 'Cuba', 'Cuba', 'North America', 'CU', ''),
('Cyprus', 48, 56, 357, 2, 'cy', 0, 'Cypriot', 'Cyprus', 'Cyprus', 'Cyprus', 'Cyprus', 'Cyprus', 'Europe', 'CY', ''),
('Czech Republic', 49, 57, 420, 2, 'cz', 0, 'Czech', 'Czech Republic', 'Czech Republic', 'Czech Republic', 'Czech Republic', 'Czech Republic', 'Europe', 'CZ', ''),
('Denmark', 50, 58, 45, 2, 'dk', 0, 'Danish', 'Denmark', 'Denmark', 'Denmark', 'Denmark', 'Denmark', 'Europe', 'DK', ''),
('Djibouti', 51, 59, 253, 2, 'dj', 0, 'Djibouti', 'Djibouti', 'Djibouti', 'Djibouti', 'Djibouti', 'Djibouti', 'Africa', 'DJ', ''),
('Dominica', 52, 60, 766, 2, 'dm', 0, 'Dominican', 'Dominica', 'Dominica', 'Dominica', 'Dominica', 'Dominica', 'North America', 'DM', ''),
('Dominican Republic', 53, 61, 809, 2, 'do', 0, 'Dominican', 'Dominican Republic', 'Dominican Republic', 'Dominican Republic', 'Dominican Republic', 'Dominican Republic', 'North America', 'DO', ''),
('East Timor', 54, 0, 670, 2, 'tp', 0, 'East Timorese', 'East Timor', 'East Timor', 'East Timor', 'East Timor', 'East Timor', 'Asia', 'TL', ''),
('Ecuador', 55, 63, 593, 2, 'ec', 0, 'Ecuadorean', 'Ecuador', 'Ecuador', 'Ecuador', 'Ecuador', 'Ecuador', 'South America', 'EC', ''),
('Egypt', 56, 64, 20, 2, 'eg', 0, 'Egyptian', 'Egypt', 'Egypt', 'Egypt', 'Egypt', 'Egypt', 'Africa', 'EG', ''),
('El Salvador', 57, 65, 503, 2, 'sv', 0, 'Salvadoran', 'El Salvador', 'El Salvador', 'El Salvador', 'El Salvador', 'El Salvador', 'North America', 'SV', ''),
('Equatorial Guinea', 58, 66, 240, 2, 'gq', 0, 'Equatoguinean', 'Equatorial Guinea', 'Equatorial Guinea', 'Equatorial Guinea', 'Equatorial Guinea', 'Equatorial Guinea', 'Africa', 'GQ', ''),
('Eritrea', 59, 67, 291, 2, 'er', 0, 'Eritrean', 'Eritrea', 'Eritrea', 'Eritrea', 'Eritrea', 'Eritrea', 'Africa', 'ER', ''),
('Estonia', 60, 68, 372, 2, 'ee', 0, 'Estonian', 'Estonia', 'Estonia', 'Estonia', 'Estonia', 'Estonia', 'Europe', 'EE', ''),
('Ethiopia', 61, 69, 251, 2, 'et', 0, 'Ethiopian', 'Ethiopia', 'Ethiopia', 'Ethiopia', 'Ethiopia', 'Ethiopia', 'Africa', 'ET', ''),
('Falkland Islands', 62, 71, 500, 2, 'fk', 0, 'Falkland Islander', 'Falkland Islands', 'Falkland Islands', 'Falkland Islands', 'Falkland Islands', 'Falkland Islands', 'South America', 'FK', ''),
('Faroe Islands', 63, 72, 298, 3, 'fo', 0, 'Faroese', 'Faroe Islands', 'Faroe Islands', 'Faroe Islands', 'Faroe Islands', 'Faroe Islands', 'Asia', 'FO', ''),
('Fiji', 64, 73, 679, 3, 'fj', 0, 'Fijian', 'Fiji', 'Fiji', 'Fiji', 'Fiji', 'Fiji', 'Australia and Oceania', 'FJ', ''),
('Finland', 65, 74, 358, 3, 'fi', 0, 'Finnish', 'Finland', 'Finland', 'Finland', 'Finland', 'Finland', 'Europe', 'FI', ''),
('France', 66, 75, 33, 3, 'fr', 0, 'French', 'France', 'France', 'France', 'France', 'France', 'Europe', 'FR', ''),
('French Guiana', 67, 76, 594, 3, 'gf', 0, 'French Guianese', 'French Guiana', 'French Guiana', 'French Guiana', 'French Guiana', 'French Guiana', 'Asia', 'GF', ''),
('French Polynesia', 68, 77, 689, 3, 'pf', 0, 'French Polynesian', 'French Polynesia', 'French Polynesia', 'French Polynesia', 'French Polynesia', 'French Polynesia', 'Australia and Oceania', 'PF', ''),
('Gabon', 69, 79, 241, 3, 'ga', 0, 'Gabonese', 'Gabon', 'Gabon', 'Gabon', 'Gabon', 'Gabon', 'Africa', 'GA', ''),
('Gambia', 70, 80, 220, 3, 'gm', 0, 'Gambian', 'Gambia', 'Gambia', 'Gambia', 'Gambia', 'Gambia', 'Africa', 'GM', ''),
('Georgia', 71, 81, 995, 3, 'ge', 0, 'Georgian', 'Georgia', 'Georgia', 'Georgia', 'Georgia', 'Georgia', 'Europe', 'GE', ''),
('Germany', 72, 82, 49, 3, 'de', 1, 'German', 'Germany', 'Germany', 'Germany', 'Germany', 'Germany', 'Europe', 'DE', ''),
('Ghana', 73, 83, 233, 3, 'gh', 0, 'Ghanaian', 'Ghana', 'Ghana', 'Ghana', 'Ghana', 'Ghana', 'Africa', 'GH', ''),
('Gibraltar', 74, 84, 350, 3, 'gi', 0, 'Gibraltarian', 'Gibraltar', 'Gibraltar', 'Gibraltar', 'Gibraltar', 'Gibraltar', 'Asia', 'GI', ''),
('Greece', 75, 85, 30, 3, 'gr', 0, 'Greek', 'Greece', 'Greece', 'Greece', 'Greece', 'Greece', 'Europe', 'GR', ''),
('Greenland', 76, 86, 299, 3, 'gl', 0, 'Greenlandic', 'Greenland', 'Greenland', 'Greenland', 'Greenland', 'Greenland', 'Asia', 'GL', ''),
('Grenada', 77, 87, 472, 3, 'gd', 0, 'Grenadian', 'Grenada', 'Grenada', 'Grenada', 'Grenada', 'Grenada', 'North America', 'GD', ''),
('Guadeloupe', 78, 88, 590, 3, 'gp', 0, 'Guadeloupean', 'Guadeloupe', 'Guadeloupe', 'Guadeloupe', 'Guadeloupe', 'Guadeloupe', 'Asia', 'GP', ''),
('Guam', 79, 89, 671, 3, 'gu', 0, 'Guamanian', 'Guam', 'Guam', 'Guam', 'Guam', 'Guam', 'Australia and Oceania', 'GU', ''),
('Guatemala', 80, 90, 502, 3, 'gt', 0, 'Guatemalan', 'Guatemala', 'Guatemala', 'Guatemala', 'Guatemala', 'Guatemala', 'North America', 'GT', ''),
('Guinea', 81, 92, 224, 3, 'gn', 0, 'Guinean', 'Guinea', 'Guinea', 'Guinea', 'Guinea', 'Guinea', 'Africa', 'GN', ''),
('Guinea-Bissau', 82, 93, 245, 3, 'gw', 0, 'Bissauan', 'Guinea-Bissau', 'Guinea-Bissau', 'Guinea-Bissau', 'Guinea-Bissau', 'Guinea-Bissau', 'Asia', 'GW', ''),
('Guyana', 83, 94, 592, 3, 'gy', 0, 'Guyanese', 'Guyana', 'Guyana', 'Guyana', 'Guyana', 'Guyana', 'South America', 'GY', ''),
('Haiti', 84, 95, 509, 3, 'ht', 0, 'Haitian', 'Haiti', 'Haiti', 'Haiti', 'Haiti', 'Haiti', 'North America', 'HT', ''),
('Honduras', 85, 97, 504, 3, 'hn', 0, 'Honduran', 'Honduras', 'Honduras', 'Honduras', 'Honduras', 'Honduras', 'North America', 'HN', ''),
('Hong Kong', 86, 98, 852, 3, 'hk', 1, 'Hongkonger', 'Hong Kong SAR', 'Hong Kong SAR', 'Hong Kong SAR', 'Hong Kong SAR', 'Hong Kong', 'Asia', 'HK', ''),
('Hungary', 87, 99, 36, 3, 'hu', 0, 'Hungarian', 'Hungary', 'Hungary', 'Hungary', 'Hungary', 'Hungary', 'Europe', 'HU', ''),
('Iceland', 88, 100, 354, 3, 'is', 0, 'Icelander', 'Iceland', 'Iceland', 'Iceland', 'Iceland', 'Iceland', 'Europe', 'IS', ''),
('India', 89, 101, 91, 3, 'in', 1, 'Indian', 'India', 'India', 'India', 'India', 'India', 'Asia', 'IN', ''),
('Indonesia', 90, 102, 62, 3, 'id', 1, 'Indonesian', 'Indonesia', 'Indonesia', 'Indonesia', 'Indonesia', 'Indonesia', 'Asia', 'ID', ''),
('Iran', 91, 103, 98, 3, 'ir', 0, 'Iranian', 'Iran', 'Iran', 'Iran', 'Iran', 'Iran', 'Asia', 'IR', ''),
('Iraq', 92, 104, 964, 3, 'iq', 0, 'Iraqi', 'Iraq', 'Iraq', 'Iraq', 'Iraq', 'Iraq', 'Asia', 'IQ', ''),
('Ireland', 93, 105, 353, 3, 'ie', 0, 'Irish', 'Ireland', 'Ireland', 'Ireland', 'Ireland', 'Ireland', 'Europe', 'IE', ''),
('Israel', 94, 106, 972, 3, 'il', 0, 'Israeli', 'Israel', 'Israel', 'Israel', 'Israel', 'Israel', 'Asia', 'IL', ''),
('Italy', 95, 107, 39, 3, 'it', 1, 'Italian', 'Italy', 'Italy', 'Italy', 'Italy', 'Italy', 'Europe', 'IT', ''),
('Jamaica', 96, 108, 875, 3, 'jm', 0, 'Jamaican', 'Jamaica', 'Jamaica', 'Jamaica', 'Jamaica', 'Jamaica', 'North America', 'JM', ''),
('Japan', 97, 109, 81, 3, 'jp', 0, 'Japanese', 'Japan', 'Japan', 'Japan', 'Japan', 'Japan', 'Asia', 'JP', ''),
('Jordan', 98, 111, 962, 3, 'jo', 0, 'Jordanian', 'Jordan', 'Jordan', 'Jordan', 'Jordan', 'Jordan', 'Asia', 'JO', ''),
('Kazakhstan', 99, 112, 7, 3, 'kz', 0, 'Kazakhstani', 'Kazakhstan', 'Kazakhstan', 'Kazakhstan', 'Kazakhstan', 'Kazakhstan', 'Asia', 'KZ', ''),
('Kenya', 100, 113, 254, 3, 'ke', 0, 'Kenyan', 'Kenya', 'Kenya', 'Kenya', 'Kenya', 'Kenya', 'Africa', 'KE', ''),
('Kiribati', 101, 114, 686, 3, 'ki', 0, 'Kiribatian', 'Kiribati', 'Kiribati', 'Kiribati', 'Kiribati', 'Kiribati', 'Australia and Oceania', 'KI', ''),
('South Korea', 102, 116, 82, 3, 'kr', 1, 'Korean', 'Korea', 'Korea', 'Korea', 'Korea', 'South Korea', 'Asia', 'KR', ''),
('Kuwait', 103, 117, 965, 3, 'kw', 0, 'Kuwait', 'Kuwait', 'Kuwait', 'Kuwait', 'Kuwait', 'Kuwait', 'Asia', 'KW', ''),
('Kyrgyzstan', 104, 118, 996, 3, 'kg', 0, 'Kyrgyz', 'Kyrgyzstan', 'Kyrgyzstan', 'Kyrgyzstan', 'Kyrgyzstan', 'Kyrgyzstan', 'Asia', 'KG', ''),
('Laos', 105, 119, 856, 3, 'la', 0, 'Laotian', 'Laos', 'Laos', 'Laos', 'Laos', 'Laos', 'Asia', 'LA', ''),
('Latvia', 106, 120, 371, 3, 'lv', 0, 'Latvian', 'Latvia', 'Latvia', 'Latvia', 'Latvia', 'Latvia', 'Europe', 'LV', ''),
('Lebanon', 107, 121, 961, 3, 'lb', 0, 'Lebanese', 'Lebanon', 'Lebanon', 'Lebanon', 'Lebanon', 'Lebanon', 'Asia', 'LB', ''),
('Lesotho', 108, 122, 266, 3, 'ls', 0, 'Basotho', 'Lesotho', 'Lesotho', 'Lesotho', 'Lesotho', 'Lesotho', 'Africa', 'LS', ''),
('Liberia', 109, 123, 231, 3, 'lr', 0, 'Liberian', 'Liberia', 'Liberia', 'Liberia', 'Liberia', 'Liberia', 'Africa', 'LR', ''),
('Libya', 110, 124, 218, 3, 'ly', 0, 'Libyan', 'Libya', 'Libya', 'Libya', 'Libya', 'Libya', 'Africa', 'LY', ''),
('Liechtenstein', 111, 125, 423, 3, 'li', 0, 'Liechtensteiner', 'Liechtenstein', 'Liechtenstein', 'Liechtenstein', 'Liechtenstein', 'Liechtenstein', 'Europe', 'LI', ''),
('Lithuania', 112, 126, 370, 3, 'lt', 0, 'Lithuanian', 'Lithuania', 'Lithuania', 'Lithuania', 'Lithuania', 'Lithuania', 'Europe', 'LT', ''),
('Luxembourg', 113, 127, 352, 4, 'lu', 0, 'Luxembourger', 'Luxembourg', 'Luxembourg', 'Luxembourg', 'Luxembourg', 'Luxembourg', 'Europe', 'LU', ''),
('Macao SAR', 114, 128, 853, 4, 'mo', 0, 'Macanese', 'Macao SAR', 'Macao SAR', 'Macao SAR', 'Macao SAR', 'Macao SAR', 'Asia', 'MO', ''),
('Macedonia', 115, 129, 389, 4, 'mk', 0, 'Macedonian', 'Macedonia', 'Macedonia', 'Macedonia', 'Macedonia', 'Macedonia', 'Europe', 'MK', ''),
('Madagascar', 116, 130, 261, 4, 'mg', 0, 'Malagasy', 'Madagascar', 'Madagascar', 'Madagascar', 'Madagascar', 'Madagascar', 'Africa', 'MG', ''),
('Malawi', 117, 131, 265, 4, 'mw', 0, 'Malawian', 'Malawi', 'Malawi', 'Malawi', 'Malawi', 'Malawi', 'Africa', 'MW', ''),
('Malaysia', 118, 132, 60, 4, 'my', 1, 'Malaysian', 'Malaysia', 'Malaysia', 'Malaysia', 'Malaysia', 'Malaysia', 'Asia', 'MY', ''),
('Maldives', 119, 133, 960, 4, 'mv', 0, 'Maldivian', 'Maldives', 'Maldives', 'Maldives', 'Maldives', 'Maldives', 'Asia', 'MV', ''),
('Mali', 120, 134, 223, 4, 'ml', 0, 'Malian', 'Mali', 'Mali', 'Mali', 'Mali', 'Mali', 'Africa', 'ML', ''),
('Malta', 121, 135, 356, 4, 'mt', 0, 'Maltese', 'Malta', 'Malta', 'Malta', 'Malta', 'Malta', 'Europe', 'MT', ''),
('Martinique', 122, 138, 596, 4, 'mq', 0, 'French', 'Martinique', 'Martinique', 'Martinique', 'Martinique', 'Martinique', 'Asia', 'MQ', ''),
('Mauritania', 123, 139, 222, 4, 'mr', 0, 'Mauritanian', 'Mauritania', 'Mauritania', 'Mauritania', 'Mauritania', 'Mauritania', 'Africa', 'MR', ''),
('Mauritius', 124, 140, 230, 4, 'mu', 0, 'Mauritian', 'Mauritius', 'Mauritius', 'Mauritius', 'Mauritius', 'Mauritius', 'Africa', 'MU', ''),
('Mayotte', 125, 141, 262, 4, 'yt', 0, 'Mahoran', 'Mayotte', 'Mayotte', 'Mayotte', 'Mayotte', 'Mayotte', 'Asia', 'YT', ''),
('Mexico', 126, 142, 52, 4, 'mx', 0, 'Mexican', 'Mexico', 'Mexico', 'Mexico', 'Mexico', 'Mexico', 'North America', 'MX', ''),
('Micronesia', 127, 143, 691, 4, '', 0, 'Micronesian', 'Micronesia', 'Micronesia', 'Micronesia', 'Micronesia', 'Micronesia', 'Australia and Oceania', 'FM', ''),
('Moldova', 128, 144, 373, 4, 'md', 0, 'Moldovan', 'Moldova', 'Moldova', 'Moldova', 'Moldova', 'Moldova', 'Europe', 'MD', ''),
('Monaco', 129, 145, 377, 4, 'mc', 0, 'Monacan', 'Monaco', 'Monaco', 'Monaco', 'Monaco', 'Monaco', 'Europe', 'MC', ''),
('Mongolia', 130, 146, 976, 4, 'mn', 0, 'Mongolian', 'Mongolia', 'Mongolia', 'Mongolia', 'Mongolia', 'Mongolia', 'Asia', 'MN', ''),
('Montserrat', 131, 147, 663, 4, 'ms', 0, 'Montserratian', 'Montserrat', 'Montserrat', 'Montserrat', 'Montserrat', 'Montserrat', 'Asia', 'MS', ''),
('Morocco', 132, 148, 212, 4, 'ma', 0, 'Moroccan', 'Morocco', 'Morocco', 'Morocco', 'Morocco', 'Morocco', 'Africa', 'MA', ''),
('Mozambique', 133, 149, 258, 4, 'mz', 0, 'Mozambican', 'Mozambique', 'Mozambique', 'Mozambique', 'Mozambique', 'Mozambique', 'Africa', 'MZ', ''),
('Myanmar', 134, 150, 95, 4, 'mm', 0, 'Burmese', 'Myanmar', 'Myanmar', 'Myanmar', 'Myanmar', 'Myanmar', 'Asia', 'MM', ''),
('Namibia', 135, 151, 264, 4, 'na', 0, 'Namibian', 'Namibia', 'Namibia', 'Namibia', 'Namibia', 'Namibia', 'Africa', 'NA', ''),
('Nauru', 136, 152, 674, 4, 'nr', 0, 'Nauruan', 'Nauru', 'Nauru', 'Nauru', 'Nauru', 'Nauru', 'Australia and Oceania', 'NR', ''),
('Nepal', 137, 153, 977, 4, 'np', 0, 'Nepali', 'Nepal', 'Nepal', 'Nepal', 'Nepal', 'Nepal', 'Asia', 'NP', ''),
('Netherlands', 138, 155, 31, 4, 'nl', 0, 'Dutch', 'Netherlands', 'Netherlands', 'Netherlands', 'Netherlands', 'Netherlands', 'Europe', 'NL', ''),
('Netherlands Antilles', 139, 154, 599, 4, 'an', 0, 'Dutch Antillean', 'Netherlands Antilles', 'Netherlands Antilles', 'Netherlands Antilles', 'Netherlands Antilles', 'Netherlands Antilles', 'Asia', 'AN', ''),
('New Caledonia', 140, 156, 687, 4, 'nc', 0, 'New Caledonian', 'New Caledonia', 'New Caledonia', 'New Caledonia', 'New Caledonia', 'New Caledonia', 'Australia and Oceania', 'NC', ''),
('New Zealand', 141, 157, 64, 4, 'nz', 0, 'Kiwi', 'New Zealand', 'New Zealand', 'New Zealand', 'New Zealand', 'New Zealand', 'Australia and Oceania', 'NZ', ''),
('Nicaragua', 142, 158, 505, 4, 'ni', 0, 'Nicaraguan', 'Nicaragua', 'Nicaragua', 'Nicaragua', 'Nicaragua', 'Nicaragua', 'North America', 'NI', ''),
('Niger', 143, 159, 227, 4, 'ne', 0, 'Nigerien', 'Niger', 'Niger', 'Niger', 'Niger', 'Niger', 'Africa', 'NE', ''),
('Nigeria', 144, 160, 234, 4, 'ng', 0, 'Nigerian', 'Nigeria', 'Nigeria', 'Nigeria', 'Nigeria', 'Nigeria', 'Africa', 'NG', ''),
('Niue', 145, 161, 683, 4, 'nu', 0, 'Niuean', 'Niue', 'Niue', 'Niue', 'Niue', 'Niue', 'Australia and Oceania', 'NU', ''),
('Norfolk Island', 146, 162, 672, 4, 'nf', 0, 'Norfolk Islander', 'Norfolk Island', 'Norfolk Island', 'Norfolk Island', 'Norfolk Island', 'Norfolk Island', 'Australia and Oceania', 'NF', ''),
('North Korea', 147, 115, 850, 4, 'kp', 0, 'North Korean', 'North Korea', 'North Korea', 'North Korea', 'North Korea', 'North Korea', 'Asia', 'KP', ''),
('Norway', 148, 164, 47, 4, 'no', 0, 'Norwegian', 'Norway', 'Norway', 'Norway', 'Norway', 'Norway', 'Europe', 'NO', ''),
('Oman', 149, 165, 968, 4, 'om', 0, 'Omani', 'Oman', 'Oman', 'Oman', 'Oman', 'Oman', 'Asia', 'OM', ''),
('Pakistan', 150, 166, 92, 4, 'pk', 1, 'Pakistani', 'Pakistan', 'Pakistan', 'Pakistan', 'Pakistan', 'Pakistan', 'Asia', 'PK', ''),
('Panama', 151, 169, 507, 4, 'pa', 0, 'Panamanian', 'Panama', 'Panama', 'Panama', 'Panama', 'Panama', 'North America', 'PA', ''),
('Papua New Guinea', 152, 170, 675, 4, 'pg', 0, 'Papua New Guinean', 'Papua New Guinea', 'Papua New Guinea', 'Papua New Guinea', 'Papua New Guinea', 'Papua New Guinea', 'Australia and Oceania', 'PG', ''),
('Paraguay', 153, 171, 595, 4, 'py', 0, 'Paraguayan', 'Paraguay', 'Paraguay', 'Paraguay', 'Paraguay', 'Paraguay', 'South America', 'PY', ''),
('Peru', 154, 172, 51, 4, 'pe', 0, 'Peruvian', 'Peru', 'Peru', 'Peru', 'Peru', 'Peru', 'South America', 'PE', ''),
('Philippines', 155, 173, 63, 4, 'ph', 0, 'Filipino', 'Philippines', 'Philippines', 'Philippines', 'Philippines', 'Philippines', 'Asia', 'PH', ''),
('Pitcairn Islands', 156, 174, 872, 4, '', 0, 'Pitcairn Islanders', 'Pitcairn Islands', 'Pitcairn Islands', 'Pitcairn Islands', 'Pitcairn Islands', 'Pitcairn Islands', 'Asia', 'PN', ''),
('Poland', 157, 175, 48, 4, 'pl', 0, 'Polish', 'Poland', 'Poland', 'Poland', 'Poland', 'Poland', 'Europe', 'PL', ''),
('Portugal', 158, 176, 351, 4, 'pt', 0, 'Portuguese', 'Portugal', 'Portugal', 'Portugal', 'Portugal', 'Portugal', 'Europe', 'PT', ''),
('Puerto Rico', 159, 177, 787, 4, 'pr', 0, 'Puerto Ricans', 'Puerto Rico', 'Puerto Rico', 'Puerto Rico', 'Puerto Rico', 'Puerto Rico', 'Asia', 'PR', ''),
('Qatar', 160, 178, 974, 4, 'qa', 0, 'Qatari', 'Qatar', 'Qatar', 'Qatar', 'Qatar', 'Qatar', 'Asia', 'QA', ''),
('Reunion', 161, 179, 262, 4, 're', 0, 'Reunionese', 'Reunion', 'Reunion', 'Reunion', 'Reunion', 'Reunion', 'Africa', 'RE', ''),
('Romania', 162, 180, 40, 4, 'ro', 0, 'Romanian', 'Romania', 'Romania', 'Romania', 'Romania', 'Romania', 'Europe', 'RO', ''),
('Russia', 163, 181, 7, 5, 'ru', 0, 'Russian', 'Russia', 'Russia', 'Russia', 'Russia', 'Russia', 'Asia', 'RU', ''),
('Rwanda', 164, 182, 250, 5, 'rw', 0, 'Rwandan', 'Rwanda', 'Rwanda', 'Rwanda', 'Rwanda', 'Rwanda', 'Africa', 'RW', ''),
('Samoa', 165, 188, 685, 5, 'ws', 0, 'Samoan', 'Samoa', 'Samoa', 'Samoa', 'Samoa', 'Samoa', 'Australia and Oceania', 'WS', ''),
('San Marino', 166, 189, 378, 5, 'sm', 0, 'Sammarinese', 'San Marino', 'San Marino', 'San Marino', 'San Marino', 'San Marino', 'Europe', 'SM', ''),
('Sao Tome and Principe', 167, 190, 239, 5, 'st', 0, 'Sao Tomean', 'Sao Tome and Principe', 'Sao Tome and Principe', 'Sao Tome and Principe', 'Sao Tome and Principe', 'Sao Tome and Principe', 'Asia', 'ST', ''),
('Saudi Arabia', 168, 191, 966, 5, 'sa', 1, 'Saudi Arabian', 'Saudi Arabia', 'Saudi Arabia', 'Saudi Arabia', 'Saudi Arabia', 'Saudi Arabia', 'Asia', 'SA', ''),
('Senegal', 169, 192, 221, 5, 'sn', 0, 'Senegal', 'Senegal', 'Senegal', 'Senegal', 'Senegal', 'Senegal', 'Africa', 'SN', ''),
('Serbia', 170, 0, 381, 5, 'cs', 0, 'Serbian', 'Serbia', 'Serbia', 'Serbia', 'Serbia', 'Serbia', 'Europe', 'CS', ''),
('Seychelles', 171, 194, 248, 5, 'sc', 0, 'Seychellois', 'Seychelles', 'Seychelles', 'Seychelles', 'Seychelles', 'Seychelles', 'Africa', 'SC', ''),
('Sierra Leone', 172, 195, 232, 5, 'sl', 0, 'Sierra Leonean', 'Sierra Leone', 'Sierra Leone', 'Sierra Leone', 'Sierra Leone', 'Sierra Leone', 'Africa', 'SL', ''),
('Singapore', 173, 196, 65, 5, 'sg', 1, 'Singapore', 'Singapore', 'Singapore', 'Singapore', 'Singapore', 'Singapore', 'Asia', 'SG', ''),
('Slovakia', 174, 197, 421, 5, 'sk', 0, 'Slovakian', 'Slovakia', 'Slovakia', 'Slovakia', 'Slovakia', 'Slovakia', 'Europe', 'SK', ''),
('Slovenia', 175, 198, 386, 5, 'si', 0, 'Slovenian', 'Slovenia', 'Slovenia', 'Slovenia', 'Slovenia', 'Slovenia', 'Europe', 'SI', ''),
('Solomon Islands', 176, 200, 677, 5, 'sb', 0, 'Solomon Islander', 'Solomon Islands', 'Solomon Islands', 'Solomon Islands', 'Solomon Islands', 'Solomon Islands', 'Australia and Oceania', 'SB', ''),
('Somalia', 177, 201, 252, 5, 'so', 0, 'Somali', 'Somalia', 'Somalia', 'Somalia', 'Somalia', 'Somalia', 'Africa', 'SO', ''),
('South Africa', 178, 202, 27, 6, 'za', 0, 'South African', 'South Africa', 'South Africa', 'South Africa', 'South Africa', 'South Africa', 'Africa', 'ZA', ''),
('Spain', 179, 205, 34, 6, 'es', 0, 'Spanish', 'Spain', 'Spain', 'Spain', 'Spain', 'Spain', 'Europe', 'ES', ''),
('Sri Lanka', 180, 206, 94, 6, 'lk', 0, 'Sri Lankan', 'Sri Lanka', 'Sri Lanka', 'Sri Lanka', 'Sri Lanka', 'Sri Lanka', 'Asia', 'LK', ''),
('St. Helena', 181, 183, 290, 6, '', 0, 'St. Helenians', 'St. Helena', 'St. Helena', 'St. Helena', 'St. Helena', 'St. Helena', 'Asia', 'SH', ''),
('St. Kitts and Nevis', 182, 184, 868, 6, 'kn', 0, 'Kittian and Nevisian', 'St. Kitts and Nevis', 'St. Kitts and Nevis', 'St. Kitts and Nevis', 'St. Kitts and Nevis', 'St. Kitts and Nevis', 'North America', 'KN', ''),
('St. Lucia', 183, 185, 757, 6, 'lc', 0, 'Saint Lucian', 'St. Lucia', 'St. Lucia', 'St. Lucia', 'St. Lucia', 'St. Lucia', 'North America', 'LC', ''),
('St. Pierre and Miquelon', 184, 186, 508, 6, '', 0, '', 'St. Pierre and Miquelon', 'St. Pierre and Miquelon', 'St. Pierre and Miquelon', 'St. Pierre and Miquelon', 'St. Pierre and Miquelon', 'Asia', 'PM', ''),
('St. Vincent', 185, 187, 783, 6, 'vc', 0, 'Vincentian', 'St. Vincent', 'St. Vincent', 'St. Vincent', 'St. Vincent', 'St. Vincent', 'Asia', 'VC', ''),
('Sudan', 186, 207, 249, 6, 'sd', 0, 'Sudanese', 'Sudan', 'Sudan', 'Sudan', 'Sudan', 'Sudan', 'Africa', 'SD', ''),
('Suriname', 187, 208, 597, 6, 'sr', 0, 'Surinamer', 'Suriname', 'Suriname', 'Suriname', 'Suriname', 'Suriname', 'South America', 'SR', ''),
('Swaziland', 188, 210, 268, 6, 'sz', 0, 'Swazi', 'Swaziland', 'Swaziland', 'Swaziland', 'Swaziland', 'Swaziland', 'Africa', 'SZ', ''),
('Sweden', 189, 211, 46, 6, 'se', 0, 'Swedish', 'Sweden', 'Sweden', 'Sweden', 'Sweden', 'Sweden', 'Europe', 'SE', ''),
('Switzerland', 190, 212, 41, 6, 'ch', 0, 'Swiss', 'Switzerland', 'Switzerland', 'Switzerland', 'Switzerland', 'Switzerland', 'Europe', 'CH', ''),
('Syria', 191, 213, 963, 6, 'sy', 0, 'Syrian', 'Syria', 'Syria', 'Syria', 'Syria', 'Syria', 'Asia', 'SY', ''),
('Taiwan', 192, 214, 886, 6, 'tw', 1, 'Taiwanese', 'Taiwan', 'Taiwan', 'Taiwan', 'Taiwan', 'Taiwan', 'Asia', 'TW', ''),
('Tajikistan', 193, 215, 992, 6, 'tj', 0, 'Tajik', 'Tajikistan', 'Tajikistan', 'Tajikistan', 'Tajikistan', 'Tajikistan', 'Asia', 'TJ', ''),
('Tanzania', 194, 216, 255, 6, 'tz', 0, 'Tanzanian', 'Tanzania', 'Tanzania', 'Tanzania', 'Tanzania', 'Tanzania', 'Africa', 'TZ', ''),
('Thailand', 195, 217, 66, 6, 'th', 1, 'Thai', 'Thailand', 'Thailand', 'Thailand', 'Thailand', 'Thailand', 'Asia', 'TH', ''),
('Togo', 196, 218, 228, 6, 'tg', 0, 'Togolese', 'Togo', 'Togo', 'Togo', 'Togo', 'Togo', 'Africa', 'TG', ''),
('Tokelau', 197, 219, 690, 6, 'tk', 0, 'Tokelauan', 'Tokelau', 'Tokelau', 'Tokelau', 'Tokelau', 'Tokelau', 'Australia and Oceania', 'TK', ''),
('Tonga', 198, 220, 676, 6, 'to', 0, 'Tongan', 'Tonga', 'Tonga', 'Tonga', 'Tonga', 'Tonga', 'Australia and Oceania', 'TO', ''),
('Trinidad and Tobago', 199, 221, 867, 6, 'tt', 0, 'Trinidadian, Tobagonian', 'Trinidad and Tobago', 'Trinidad and Tobago', 'Trinidad and Tobago', 'Trinidad and Tobago', 'Trinidad and Tobago', 'North America', 'TT', ''),
('Tunisia', 200, 222, 216, 6, 'tn', 0, 'Tunisian', 'Tunisia', 'Tunisia', 'Tunisia', 'Tunisia', 'Tunisia', 'Africa', 'TN', ''),
('Turkey', 201, 223, 90, 6, 'tr', 1, 'Turkish', 'Turkey', 'Turkey', 'Turkey', 'Turkey', 'Turkey', 'Europe', 'TR', ''),
('Turkmenistan', 202, 224, 993, 6, 'tm', 0, 'Turkmen', 'Turkmenistan', 'Turkmenistan', 'Turkmenistan', 'Turkmenistan', 'Turkmenistan', 'Asia', 'TM', ''),
('Turks and Caicos Islands', 203, 225, 648, 6, 'tc', 0, '', 'Turks and Caicos Islands', 'Turks and Caicos Islands', 'Turks and Caicos Islands', 'Turks and Caicos Islands', 'Turks and Caicos Islands', 'Asia', 'TC', ''),
('Tuvalu', 204, 226, 688, 6, 'tv', 0, 'Tuvaluan', 'Tuvalu', 'Tuvalu', 'Tuvalu', 'Tuvalu', 'Tuvalu', 'Australia and Oceania', 'TV', ''),
('Uganda', 205, 227, 256, 6, 'ug', 0, 'Ugandan', 'Uganda', 'Uganda', 'Uganda', 'Uganda', 'Uganda', 'Africa', 'UG', ''),
('Ukraine', 206, 228, 380, 6, 'ua', 0, 'Ukrainian', 'Ukraine', 'Ukraine', 'Ukraine', 'Ukraine', 'Ukraine', 'Europe', 'UA', ''),
('UAE', 207, 229, 971, 6, 'ae', 0, 'United Arab Emirates', 'UAE', 'UAE', 'UAE', 'UAE', 'UAE', 'Asia', 'AE', ''),
('UK', 208, 230, 44, 6, 'uk', 1, 'United Kingdom', 'UK', 'UK', 'UK', 'UK', 'UK', 'Europe', 'GB', ''),
('Uruguay', 209, 233, 598, 6, 'uy', 0, 'Uruguayan', 'Uruguay', 'Uruguay', 'Uruguay', 'Uruguay', 'Uruguay', 'South America', 'UY', ''),
('Uzbekistan', 211, 234, 998, 6, 'uz', 0, 'Uzbekistani', 'Uzbekistan', 'Uzbekistan', 'Uzbekistan', 'Uzbekistan', 'Uzbekistan', 'Asia', 'UZ', ''),
('Vanuatu', 212, 235, 678, 6, 'vu', 0, 'Vanuatu', 'Vanuatu', 'Vanuatu', 'Vanuatu', 'Vanuatu', 'Vanuatu', 'Asia', 'VU', ''),
('Venezuela', 213, 237, 58, 6, 've', 0, 'Venezuelan', 'Venezuela', 'Venezuela', 'Venezuela', 'Venezuela', 'Venezuela', 'South America', 'VE', ''),
('Vietnam', 214, 238, 84, 6, 'vn', 0, 'Vietnamese', 'Vietnam', 'Vietnam', 'Vietnam', 'Vietnam', 'Vietnam', 'Asia', 'VN', ''),
('US Virgin Islands', 215, 240, 339, 6, 'vi', 0, 'Virgin Islanders', 'Virgin Islands', 'Virgin Islands', 'Virgin Islands', 'Virgin Islands', 'US Virgin Islands', 'Asia', 'VI', ''),
('British Virgin Islands', 216, 239, 283, 6, 'vg', 0, 'Virgin Islanders', 'Virgin Islands (British)', 'Virgin Islands (British)', 'Virgin Islands (British)', 'Virgin Islands (British)', 'British Virgin Islands', 'Asia', 'VG', ''),
('Wallis and Futuna', 217, 241, 681, 6, 'wf', 0, 'Wallisian, Futunan', 'Wallis and Futuna', 'Wallis and Futuna', 'Wallis and Futuna', 'Wallis and Futuna', 'Wallis and Futuna', 'Australia and Oceania', 'WF', ''),
('Yemen', 218, 243, 967, 6, 'ye', 0, 'Yemeni', 'Yemen', 'Yemen', 'Yemen', 'Yemen', 'Yemen', 'Asia', 'YE', ''),
('Yugoslavia', 219, 244, 381, 6, 'yu', 0, 'Yugoslavs', 'Yugoslavia', 'Yugoslavia', 'Yugoslavia', 'Yugoslavia', 'Yugoslavia', 'Asia', 'YU', ''),
('Zambia', 220, 245, 260, 6, 'zm', 0, 'Zambian', 'Zambia', 'Zambia', 'Zambia', 'Zambia', 'Zambia', 'Africa', 'ZM', ''),
('Zimbabwe', 221, 246, 263, 6, 'zw', 0, 'Zimbabwean', 'Zimbabwe', 'Zimbabwe', 'Zimbabwe', 'Zimbabwe', 'Zimbabwe', 'Africa', 'ZW', ''),
('Australia', 222, 13, 61, 6, 'au', 0, 'Australian', 'Australia', 'Australia', 'Australia', 'Australia', 'Australia', 'Australia and Oceania', 'AU', ''),
('USA', 223, 231, 1, 6, 'us', 1, 'USA', 'USA', 'USA', 'USA', 'USA', 'USA', 'North America', 'US', ''),
('Palestine', 225, 168, 970, 6, 'ps', 0, 'Palestinians', 'palestine', 'palestine', 'palestine', 'palestine', 'Palestine', 'Asia', 'PS', ''),
('Benin', 226, 23, 229, 6, 'bj', 0, 'Beninese', 'Benin', 'Benin', 'Benin', 'Benin', 'Benin', 'Africa', 'BJ', ''),
('Saint Barthelemy', 227, 0, 0, 6, 'bi', 0, 'Saint Barthelemy', 'Saint Barthelemy', 'Saint Barthelemy', 'Saint Barthelemy', 'Saint Barthelemy', 'Saint Barthelemy', 'North America', 'BL', ''),
('Aland Islands', 228, 0, 0, 6, 'ax', 0, 'Aland Islands', 'Aland Islands', 'Aland Islands', 'Aland Islands', 'Aland Islands', 'Aland Islands', 'Europe', 'AX', ''),
('American Samoa', 229, 4, 0, 6, 'as', 0, 'American Samoa', 'American Samoa', 'American Samoa', 'American Samoa', 'American Samoa', 'American Samoa', 'Australia and Oceania', 'AS', ''),
('Aruba', 230, 12, 0, 6, 'aw', 0, 'Aruba', 'Aruba', 'Aruba', 'Aruba', 'Aruba', 'Aruba', 'North America', 'AW', ''),
('Guernsey', 231, 0, 0, 6, 'gg', 0, 'Guernsey', 'Guernsey', 'Guernsey', 'Guernsey', 'Guernsey', 'Guernsey', 'Europe', 'GG', ''),
('Isle of Man', 232, 0, 0, 6, 'im', 0, 'Isle of Man', 'Isle of Man', 'Isle of Man', 'Isle of Man', 'Isle of Man', 'Isle of Man', 'Europe', 'IM', ''),
('Jersey', 233, 0, 0, 6, 'je', 0, 'Jersey', 'Jersey', 'Jersey', 'Jersey', 'Jersey', 'Jersey', 'Europe', 'JE', ''),
('Marshall Islands', 234, 137, 0, 6, 'mh', 0, 'Marshall Islands', 'Marshall Islands', 'Marshall Islands', 'Marshall Islands', 'Marshall Islands', 'Marshall Islands', 'Australia and Oceania', 'MH', ''),
('Montenegro', 235, 0, 0, 6, 'me', 0, 'Montenegro', 'Montenegro', 'Montenegro', 'Montenegro', 'Montenegro', 'Montenegro', 'Europe', 'ME', ''),
('Northern Mariana Islands', 236, 163, 0, 6, 'mp', 0, 'Northern Mariana Islands', 'Northern Mariana Islands', 'Northern Mariana Islands', 'Northern Mariana Islands', 'Northern Mariana Islands', 'Northern Mariana Islands', 'Australia and Oceania', 'MP', ''),
('Palau', 237, 167, 0, 6, 'pw', 0, 'Palau', 'Palau', 'Palau', 'Palau', 'Palau', 'Palau', 'Australia and Oceania', 'PW', ''),
('Western Sahara', 238, 242, 0, 6, 'eh', 0, 'Western Sahara', 'Western Sahara', 'Western Sahara', 'Western Sahara', 'Western Sahara', 'Western Sahara', 'Africa', 'EH', ''),
('Saint Martin', 239, 0, 0, 6, 'mf', 0, 'Saint Martin', 'Saint Martin', 'Saint Martin', 'Saint Martin', 'Saint Martin', 'Saint Martin', 'North America', 'MF', '');

-- --------------------------------------------------------

--
-- Table structure for table `md_country_state`
--

CREATE TABLE `md_country_state` (
  `cs_id` int(11) NOT NULL,
  `cs_country_id` int(11) DEFAULT NULL,
  `cs_name` varchar(255) DEFAULT NULL
) ENGINE=InnoDB DEFAULT CHARSET=utf8;

--
-- Dumping data for table `md_country_state`
--

INSERT INTO `md_country_state` (`cs_id`, `cs_country_id`, `cs_name`) VALUES
(1, 101, 'Andaman and Nicobar Islands'),
(2, 101, 'Andhra Pradesh'),
(3, 101, 'Arunachal Pradesh'),
(4, 101, 'Assam'),
(5, 101, 'Bihar'),
(6, 101, 'Chandigarh'),
(7, 101, 'Chhattisgarh'),
(8, 101, 'Dadra and Nagar Haveli'),
(9, 101, 'Daman and Diu'),
(10, 101, 'Delhi'),
(11, 101, 'Goa'),
(12, 101, 'Gujarat'),
(13, 101, 'Haryana'),
(14, 101, 'Himachal Pradesh'),
(15, 101, 'Jammu and Kashmir'),
(16, 101, 'Jharkhand'),
(17, 101, 'Karnataka'),
(18, 101, 'Kenmore'),
(19, 101, 'Kerala'),
(20, 101, 'Lakshadweep'),
(21, 101, 'Madhya Pradesh'),
(22, 101, 'Maharashtra'),
(23, 101, 'Manipur'),
(24, 101, 'Meghalaya'),
(25, 101, 'Mizoram'),
(26, 101, 'Nagaland'),
(27, 101, 'Narora'),
(28, 101, 'Natwar'),
(29, 101, 'Odisha'),
(30, 101, 'Paschim Medinipur'),
(31, 101, 'Pondicherry'),
(32, 101, 'Punjab'),
(33, 101, 'Rajasthan'),
(34, 101, 'Sikkim'),
(35, 101, 'Tamil Nadu'),
(36, 101, 'Telangana'),
(37, 101, 'Tripura'),
(38, 101, 'Uttar Pradesh'),
(39, 101, 'Uttarakhand'),
(40, 101, 'Vaishali'),
(41, 101, 'West Bengal'),
(42, 1, 'Badakhshan'),
(43, 1, 'Badgis'),
(44, 1, 'Baglan'),
(45, 1, 'Balkh'),
(46, 1, 'Bamiyan'),
(47, 1, 'Farah'),
(48, 1, 'Faryab'),
(49, 1, 'Gawr'),
(50, 1, 'Gazni'),
(51, 1, 'Herat'),
(52, 1, 'Hilmand'),
(53, 1, 'Jawzjan'),
(54, 1, 'Kabul'),
(55, 1, 'Kapisa'),
(56, 1, 'Khawst'),
(57, 1, 'Kunar'),
(58, 1, 'Lagman'),
(59, 1, 'Lawghar'),
(60, 1, 'Nangarhar'),
(61, 1, 'Nimruz'),
(62, 1, 'Nuristan'),
(63, 1, 'Paktika'),
(64, 1, 'Paktiya'),
(65, 1, 'Parwan'),
(66, 1, 'Qandahar'),
(67, 1, 'Qunduz'),
(68, 1, 'Samangan'),
(69, 1, 'Sar-e Pul'),
(70, 1, 'Takhar'),
(71, 1, 'Uruzgan'),
(72, 1, 'Wardag'),
(73, 1, 'Zabul'),
(74, 2, 'Berat'),
(75, 2, 'Bulqize'),
(76, 2, 'Delvine'),
(77, 2, 'Devoll'),
(78, 2, 'Dibre'),
(79, 2, 'Durres'),
(80, 2, 'Elbasan'),
(81, 2, 'Fier'),
(82, 2, 'Gjirokaster'),
(83, 2, 'Gramsh'),
(84, 2, 'Has'),
(85, 2, 'Kavaje'),
(86, 2, 'Kolonje'),
(87, 2, 'Korce'),
(88, 2, 'Kruje'),
(89, 2, 'Kucove'),
(90, 2, 'Kukes'),
(91, 2, 'Kurbin'),
(92, 2, 'Lezhe'),
(93, 2, 'Librazhd'),
(94, 2, 'Lushnje'),
(95, 2, 'Mallakaster'),
(96, 2, 'Malsi e Madhe'),
(97, 2, 'Mat'),
(98, 2, 'Mirdite'),
(99, 2, 'Peqin'),
(100, 2, 'Permet'),
(101, 2, 'Pogradec'),
(102, 2, 'Puke'),
(103, 2, 'Sarande'),
(104, 2, 'Shkoder'),
(105, 2, 'Skrapar'),
(106, 2, 'Tepelene'),
(107, 2, 'Tirane'),
(108, 2, 'Tropoje'),
(109, 2, 'Vlore'),
(110, 3, 'Ayn Daflah'),
(111, 3, 'Ayn Tamushanat'),
(112, 3, 'Adrar'),
(113, 3, 'Algiers'),
(114, 3, 'Annabah'),
(115, 3, 'Bashshar'),
(116, 3, 'Batnah'),
(117, 3, 'Bijayah'),
(118, 3, 'Biskrah'),
(119, 3, 'Blidah'),
(120, 3, 'Buirah'),
(121, 3, 'Bumardas'),
(122, 3, 'Burj Bu Arririj'),
(123, 3, 'Ghalizan'),
(124, 3, 'Ghardayah'),
(125, 3, 'Ilizi'),
(126, 3, 'Jijili'),
(127, 3, 'Jilfah'),
(128, 3, 'Khanshalah'),
(129, 3, 'Masilah'),
(130, 3, 'Midyah'),
(131, 3, 'Milah'),
(132, 3, 'Muaskar'),
(133, 3, 'Mustaghanam'),
(134, 3, 'Naama'),
(135, 3, 'Oran'),
(136, 3, 'Ouargla'),
(137, 3, 'Qalmah'),
(138, 3, 'Qustantinah'),
(139, 3, 'Sakikdah'),
(140, 3, 'Satif'),
(141, 3, 'Sayda'),
(142, 3, 'Sidi ban-al-\'\'Abbas'),
(143, 3, 'Suq Ahras'),
(144, 3, 'Tamanghasat'),
(145, 3, 'Tibazah'),
(146, 3, 'Tibissah'),
(147, 3, 'Tilimsan'),
(148, 3, 'Tinduf'),
(149, 3, 'Tisamsilt'),
(150, 3, 'Tiyarat'),
(151, 3, 'Tizi Wazu'),
(152, 3, 'Umm-al-Bawaghi'),
(153, 3, 'Wahran'),
(154, 3, 'Warqla'),
(155, 3, 'Wilaya d Alger'),
(156, 3, 'Wilaya de Bejaia'),
(157, 3, 'Wilaya de Constantine'),
(158, 3, 'al-Aghwat'),
(159, 3, 'al-Bayadh'),
(160, 3, 'al-Jaza\'\'ir'),
(161, 3, 'al-Wad'),
(162, 3, 'ash-Shalif'),
(163, 3, 'at-Tarif'),
(164, 4, 'Eastern'),
(165, 4, 'Manu\'\'a'),
(166, 4, 'Swains Island'),
(167, 4, 'Western'),
(168, 5, 'Andorra la Vella'),
(169, 5, 'Canillo'),
(170, 5, 'Encamp'),
(171, 5, 'La Massana'),
(172, 5, 'Les Escaldes'),
(173, 5, 'Ordino'),
(174, 5, 'Sant Julia de Loria'),
(175, 6, 'Bengo'),
(176, 6, 'Benguela'),
(177, 6, 'Bie'),
(178, 6, 'Cabinda'),
(179, 6, 'Cunene'),
(180, 6, 'Huambo'),
(181, 6, 'Huila'),
(182, 6, 'Kuando-Kubango'),
(183, 6, 'Kwanza Norte'),
(184, 6, 'Kwanza Sul'),
(185, 6, 'Luanda'),
(186, 6, 'Lunda Norte'),
(187, 6, 'Lunda Sul'),
(188, 6, 'Malanje'),
(189, 6, 'Moxico'),
(190, 6, 'Namibe'),
(191, 6, 'Uige'),
(192, 6, 'Zaire'),
(193, 7, 'Other Provinces'),
(194, 8, 'Sector claimed by Argentina/Ch'),
(195, 8, 'Sector claimed by Argentina/UK'),
(196, 8, 'Sector claimed by Australia'),
(197, 8, 'Sector claimed by France'),
(198, 8, 'Sector claimed by New Zealand'),
(199, 8, 'Sector claimed by Norway'),
(200, 8, 'Unclaimed Sector'),
(201, 9, 'Barbuda'),
(202, 9, 'Saint George'),
(203, 9, 'Saint John'),
(204, 9, 'Saint Mary'),
(205, 9, 'Saint Paul'),
(206, 9, 'Saint Peter'),
(207, 9, 'Saint Philip'),
(208, 10, 'Buenos Aires'),
(209, 10, 'Catamarca'),
(210, 10, 'Chaco'),
(211, 10, 'Chubut'),
(212, 10, 'Cordoba'),
(213, 10, 'Corrientes'),
(214, 10, 'Distrito Federal'),
(215, 10, 'Entre Rios'),
(216, 10, 'Formosa'),
(217, 10, 'Jujuy'),
(218, 10, 'La Pampa'),
(219, 10, 'La Rioja'),
(220, 10, 'Mendoza'),
(221, 10, 'Misiones'),
(222, 10, 'Neuquen'),
(223, 10, 'Rio Negro'),
(224, 10, 'Salta'),
(225, 10, 'San Juan'),
(226, 10, 'San Luis'),
(227, 10, 'Santa Cruz'),
(228, 10, 'Santa Fe'),
(229, 10, 'Santiago del Estero'),
(230, 10, 'Tierra del Fuego'),
(231, 10, 'Tucuman'),
(232, 11, 'Aragatsotn'),
(233, 11, 'Ararat'),
(234, 11, 'Armavir'),
(235, 11, 'Gegharkunik'),
(236, 11, 'Kotaik'),
(237, 11, 'Lori'),
(238, 11, 'Shirak'),
(239, 11, 'Stepanakert'),
(240, 11, 'Syunik'),
(241, 11, 'Tavush'),
(242, 11, 'Vayots Dzor'),
(243, 11, 'Yerevan'),
(244, 12, 'Aruba'),
(245, 13, 'Auckland'),
(246, 13, 'Australian Capital Territory'),
(247, 13, 'Balgowlah'),
(248, 13, 'Balmain'),
(249, 13, 'Bankstown'),
(250, 13, 'Baulkham Hills'),
(251, 13, 'Bonnet Bay'),
(252, 13, 'Camberwell'),
(253, 13, 'Carole Park'),
(254, 13, 'Castle Hill'),
(255, 13, 'Caulfield'),
(256, 13, 'Chatswood'),
(257, 13, 'Cheltenham'),
(258, 13, 'Cherrybrook'),
(259, 13, 'Clayton'),
(260, 13, 'Collingwood'),
(261, 13, 'Frenchs Forest'),
(262, 13, 'Hawthorn'),
(263, 13, 'Jannnali'),
(264, 13, 'Knoxfield'),
(265, 13, 'Melbourne'),
(266, 13, 'New South Wales'),
(267, 13, 'Northern Territory'),
(268, 13, 'Perth'),
(269, 13, 'Queensland'),
(270, 13, 'South Australia'),
(271, 13, 'Tasmania'),
(272, 13, 'Templestowe'),
(273, 13, 'Victoria'),
(274, 13, 'Werribee south'),
(275, 13, 'Western Australia'),
(276, 13, 'Wheeler'),
(277, 14, 'Bundesland Salzburg'),
(278, 14, 'Bundesland Steiermark'),
(279, 14, 'Bundesland Tirol'),
(280, 14, 'Burgenland'),
(281, 14, 'Carinthia'),
(282, 14, 'Karnten'),
(283, 14, 'Liezen'),
(284, 14, 'Lower Austria'),
(285, 14, 'Niederosterreich'),
(286, 14, 'Oberosterreich'),
(287, 14, 'Salzburg'),
(288, 14, 'Schleswig-Holstein'),
(289, 14, 'Steiermark'),
(290, 14, 'Styria'),
(291, 14, 'Tirol'),
(292, 14, 'Upper Austria'),
(293, 14, 'Vorarlberg'),
(294, 14, 'Wien'),
(295, 15, 'Abseron'),
(296, 15, 'Baki Sahari'),
(297, 15, 'Ganca'),
(298, 15, 'Ganja'),
(299, 15, 'Kalbacar'),
(300, 15, 'Lankaran'),
(301, 15, 'Mil-Qarabax'),
(302, 15, 'Mugan-Salyan'),
(303, 15, 'Nagorni-Qarabax'),
(304, 15, 'Naxcivan'),
(305, 15, 'Priaraks'),
(306, 15, 'Qazax'),
(307, 15, 'Saki'),
(308, 15, 'Sirvan'),
(309, 15, 'Xacmaz'),
(310, 16, 'Abaco'),
(311, 16, 'Acklins Island'),
(312, 16, 'Andros'),
(313, 16, 'Berry Islands'),
(314, 16, 'Biminis'),
(315, 16, 'Cat Island'),
(316, 16, 'Crooked Island'),
(317, 16, 'Eleuthera'),
(318, 16, 'Exuma and Cays'),
(319, 16, 'Grand Bahama'),
(320, 16, 'Inagua Islands'),
(321, 16, 'Long Island'),
(322, 16, 'Mayaguana'),
(323, 16, 'New Providence'),
(324, 16, 'Ragged Island'),
(325, 16, 'Rum Cay'),
(326, 16, 'San Salvador'),
(327, 17, 'Isa'),
(328, 17, 'Badiyah'),
(329, 17, 'Hidd'),
(330, 17, 'Jidd Hafs'),
(331, 17, 'Mahama'),
(332, 17, 'Manama'),
(333, 17, 'Sitrah'),
(334, 17, 'al-Manamah'),
(335, 17, 'al-Muharraq'),
(336, 17, 'ar-Rifa\'\'a'),
(337, 18, 'Bagar Hat'),
(338, 18, 'Bandarban'),
(339, 18, 'Barguna'),
(340, 18, 'Barisal'),
(341, 18, 'Bhola'),
(342, 18, 'Bogora'),
(343, 18, 'Brahman Bariya'),
(344, 18, 'Chandpur'),
(345, 18, 'Chattagam'),
(346, 18, 'Chittagong Division'),
(347, 18, 'Chuadanga'),
(348, 18, 'Dhaka'),
(349, 18, 'Dinajpur'),
(350, 18, 'Faridpur'),
(351, 18, 'Feni'),
(352, 18, 'Gaybanda'),
(353, 18, 'Gazipur'),
(354, 18, 'Gopalganj'),
(355, 18, 'Habiganj'),
(356, 18, 'Jaipur Hat'),
(357, 18, 'Jamalpur'),
(358, 18, 'Jessor'),
(359, 18, 'Jhalakati'),
(360, 18, 'Jhanaydah'),
(361, 18, 'Khagrachhari'),
(362, 18, 'Khulna'),
(363, 18, 'Kishorganj'),
(364, 18, 'Koks Bazar'),
(365, 18, 'Komilla'),
(366, 18, 'Kurigram'),
(367, 18, 'Kushtiya'),
(368, 18, 'Lakshmipur'),
(369, 18, 'Lalmanir Hat'),
(370, 18, 'Madaripur'),
(371, 18, 'Magura'),
(372, 18, 'Maimansingh'),
(373, 18, 'Manikganj'),
(374, 18, 'Maulvi Bazar'),
(375, 18, 'Meherpur'),
(376, 18, 'Munshiganj'),
(377, 18, 'Naral'),
(378, 18, 'Narayanganj'),
(379, 18, 'Narsingdi'),
(380, 18, 'Nator'),
(381, 18, 'Naugaon'),
(382, 18, 'Nawabganj'),
(383, 18, 'Netrakona'),
(384, 18, 'Nilphamari'),
(385, 18, 'Noakhali'),
(386, 18, 'Pabna'),
(387, 18, 'Panchagarh'),
(388, 18, 'Patuakhali'),
(389, 18, 'Pirojpur'),
(390, 18, 'Rajbari'),
(391, 18, 'Rajshahi'),
(392, 18, 'Rangamati'),
(393, 18, 'Rangpur'),
(394, 18, 'Satkhira'),
(395, 18, 'Shariatpur'),
(396, 18, 'Sherpur'),
(397, 18, 'Silhat'),
(398, 18, 'Sirajganj'),
(399, 18, 'Sunamganj'),
(400, 18, 'Tangayal'),
(401, 18, 'Thakurgaon'),
(402, 19, 'Christ Church'),
(403, 19, 'Saint Andrew'),
(404, 19, 'Saint George'),
(405, 19, 'Saint James'),
(406, 19, 'Saint John'),
(407, 19, 'Saint Joseph'),
(408, 19, 'Saint Lucy'),
(409, 19, 'Saint Michael'),
(410, 19, 'Saint Peter'),
(411, 19, 'Saint Philip'),
(412, 19, 'Saint Thomas'),
(413, 20, 'Brest'),
(414, 20, 'Homjel'),
(415, 20, 'Hrodna'),
(416, 20, 'Mahiljow'),
(417, 20, 'Mahilyowskaya Voblasts'),
(418, 20, 'Minsk'),
(419, 20, 'Minskaja Voblasts'),
(420, 20, 'Petrik'),
(421, 20, 'Vicebsk'),
(422, 21, 'Antwerpen'),
(423, 21, 'Berchem'),
(424, 21, 'Brabant'),
(425, 21, 'Brabant Wallon'),
(426, 21, 'Brussel'),
(427, 21, 'East Flanders'),
(428, 21, 'Hainaut'),
(429, 21, 'Liege'),
(430, 21, 'Limburg'),
(431, 21, 'Luxembourg'),
(432, 21, 'Namur'),
(433, 21, 'Ontario'),
(434, 21, 'Oost-Vlaanderen'),
(435, 21, 'Provincie Brabant'),
(436, 21, 'Vlaams-Brabant'),
(437, 21, 'Wallonne'),
(438, 21, 'West-Vlaanderen'),
(439, 22, 'Belize'),
(440, 22, 'Cayo'),
(441, 22, 'Corozal'),
(442, 22, 'Orange Walk'),
(443, 22, 'Stann Creek'),
(444, 22, 'Toledo'),
(445, 23, 'Alibori'),
(446, 23, 'Atacora'),
(447, 23, 'Atlantique'),
(448, 23, 'Borgou'),
(449, 23, 'Collines'),
(450, 23, 'Couffo'),
(451, 23, 'Donga'),
(452, 23, 'Littoral'),
(453, 23, 'Mono'),
(454, 23, 'Oueme'),
(455, 23, 'Plateau'),
(456, 23, 'Zou'),
(457, 24, 'Hamilton'),
(458, 24, 'Saint George'),
(459, 25, 'Bumthang'),
(460, 25, 'Chhukha'),
(461, 25, 'Chirang'),
(462, 25, 'Daga'),
(463, 25, 'Geylegphug'),
(464, 25, 'Ha'),
(465, 25, 'Lhuntshi'),
(466, 25, 'Mongar'),
(467, 25, 'Pemagatsel'),
(468, 25, 'Punakha'),
(469, 25, 'Rinpung'),
(470, 25, 'Samchi'),
(471, 25, 'Samdrup Jongkhar'),
(472, 25, 'Shemgang'),
(473, 25, 'Tashigang'),
(474, 25, 'Timphu'),
(475, 25, 'Tongsa'),
(476, 25, 'Wangdiphodrang'),
(477, 26, 'Beni'),
(478, 26, 'Chuquisaca'),
(479, 26, 'Cochabamba'),
(480, 26, 'La Paz'),
(481, 26, 'Oruro'),
(482, 26, 'Pando'),
(483, 26, 'Potosi'),
(484, 26, 'Santa Cruz'),
(485, 26, 'Tarija'),
(486, 27, 'Federacija Bosna i Hercegovina'),
(487, 27, 'Republika Srpska'),
(488, 28, 'Central Bobonong'),
(489, 28, 'Central Boteti'),
(490, 28, 'Central Mahalapye'),
(491, 28, 'Central Serowe-Palapye'),
(492, 28, 'Central Tutume'),
(493, 28, 'Chobe'),
(494, 28, 'Francistown'),
(495, 28, 'Gaborone'),
(496, 28, 'Ghanzi'),
(497, 28, 'Jwaneng'),
(498, 28, 'Kgalagadi North'),
(499, 28, 'Kgalagadi South'),
(500, 28, 'Kgatleng'),
(501, 28, 'Kweneng'),
(502, 28, 'Lobatse'),
(503, 28, 'Ngamiland'),
(504, 28, 'Ngwaketse'),
(505, 28, 'North East'),
(506, 28, 'Okavango'),
(507, 28, 'Orapa'),
(508, 28, 'Selibe Phikwe'),
(509, 28, 'South East'),
(510, 28, 'Sowa'),
(511, 29, 'Bouvet Island'),
(512, 30, 'Acre'),
(513, 30, 'Alagoas'),
(514, 30, 'Amapa'),
(515, 30, 'Amazonas'),
(516, 30, 'Bahia'),
(517, 30, 'Ceara'),
(518, 30, 'Distrito Federal'),
(519, 30, 'Espirito Santo'),
(520, 30, 'Estado de Sao Paulo'),
(521, 30, 'Goias'),
(522, 30, 'Maranhao'),
(523, 30, 'Mato Grosso'),
(524, 30, 'Mato Grosso do Sul'),
(525, 30, 'Minas Gerais'),
(526, 30, 'Para'),
(527, 30, 'Paraiba'),
(528, 30, 'Parana'),
(529, 30, 'Pernambuco'),
(530, 30, 'Piaui'),
(531, 30, 'Rio Grande do Norte'),
(532, 30, 'Rio Grande do Sul'),
(533, 30, 'Rio de Janeiro'),
(534, 30, 'Rondonia'),
(535, 30, 'Roraima'),
(536, 30, 'Santa Catarina'),
(537, 30, 'Sao Paulo'),
(538, 30, 'Sergipe'),
(539, 30, 'Tocantins'),
(540, 31, 'British Indian Ocean Territory'),
(541, 32, 'Belait'),
(542, 32, 'Brunei-Muara'),
(543, 32, 'Temburong'),
(544, 32, 'Tutong'),
(545, 33, 'Blagoevgrad'),
(546, 33, 'Burgas'),
(547, 33, 'Dobrich'),
(548, 33, 'Gabrovo'),
(549, 33, 'Haskovo'),
(550, 33, 'Jambol'),
(551, 33, 'Kardzhali'),
(552, 33, 'Kjustendil'),
(553, 33, 'Lovech'),
(554, 33, 'Montana'),
(555, 33, 'Oblast Sofiya-Grad'),
(556, 33, 'Pazardzhik'),
(557, 33, 'Pernik'),
(558, 33, 'Pleven'),
(559, 33, 'Plovdiv'),
(560, 33, 'Razgrad'),
(561, 33, 'Ruse'),
(562, 33, 'Shumen'),
(563, 33, 'Silistra'),
(564, 33, 'Sliven'),
(565, 33, 'Smoljan'),
(566, 33, 'Sofija grad'),
(567, 33, 'Sofijska oblast'),
(568, 33, 'Stara Zagora'),
(569, 33, 'Targovishte'),
(570, 33, 'Varna'),
(571, 33, 'Veliko Tarnovo'),
(572, 33, 'Vidin'),
(573, 33, 'Vraca'),
(574, 33, 'Yablaniza'),
(575, 34, 'Bale'),
(576, 34, 'Bam'),
(577, 34, 'Bazega'),
(578, 34, 'Bougouriba'),
(579, 34, 'Boulgou'),
(580, 34, 'Boulkiemde'),
(581, 34, 'Comoe'),
(582, 34, 'Ganzourgou'),
(583, 34, 'Gnagna'),
(584, 34, 'Gourma'),
(585, 34, 'Houet'),
(586, 34, 'Ioba'),
(587, 34, 'Kadiogo'),
(588, 34, 'Kenedougou'),
(589, 34, 'Komandjari'),
(590, 34, 'Kompienga'),
(591, 34, 'Kossi'),
(592, 34, 'Kouritenga'),
(593, 34, 'Kourweogo'),
(594, 34, 'Leraba'),
(595, 34, 'Mouhoun'),
(596, 34, 'Nahouri'),
(597, 34, 'Namentenga'),
(598, 34, 'Noumbiel'),
(599, 34, 'Oubritenga'),
(600, 34, 'Oudalan'),
(601, 34, 'Passore'),
(602, 34, 'Poni'),
(603, 34, 'Sanguie'),
(604, 34, 'Sanmatenga'),
(605, 34, 'Seno'),
(606, 34, 'Sissili'),
(607, 34, 'Soum'),
(608, 34, 'Sourou'),
(609, 34, 'Tapoa'),
(610, 34, 'Tuy'),
(611, 34, 'Yatenga'),
(612, 34, 'Zondoma'),
(613, 34, 'Zoundweogo'),
(614, 35, 'Bubanza'),
(615, 35, 'Bujumbura'),
(616, 35, 'Bururi'),
(617, 35, 'Cankuzo'),
(618, 35, 'Cibitoke'),
(619, 35, 'Gitega'),
(620, 35, 'Karuzi'),
(621, 35, 'Kayanza'),
(622, 35, 'Kirundo'),
(623, 35, 'Makamba'),
(624, 35, 'Muramvya'),
(625, 35, 'Muyinga'),
(626, 35, 'Ngozi'),
(627, 35, 'Rutana'),
(628, 35, 'Ruyigi'),
(629, 36, 'Banteay Mean Chey'),
(630, 36, 'Bat Dambang'),
(631, 36, 'Kampong Cham'),
(632, 36, 'Kampong Chhnang'),
(633, 36, 'Kampong Spoeu'),
(634, 36, 'Kampong Thum'),
(635, 36, 'Kampot'),
(636, 36, 'Kandal'),
(637, 36, 'Kaoh Kong'),
(638, 36, 'Kracheh'),
(639, 36, 'Krong Kaeb'),
(640, 36, 'Krong Pailin'),
(641, 36, 'Krong Preah Sihanouk'),
(642, 36, 'Mondol Kiri'),
(643, 36, 'Otdar Mean Chey'),
(644, 36, 'Phnum Penh'),
(645, 36, 'Pousat'),
(646, 36, 'Preah Vihear'),
(647, 36, 'Prey Veaeng'),
(648, 36, 'Rotanak Kiri'),
(649, 36, 'Siem Reab'),
(650, 36, 'Stueng Traeng'),
(651, 36, 'Svay Rieng'),
(652, 36, 'Takaev'),
(653, 37, 'Adamaoua'),
(654, 37, 'Centre'),
(655, 37, 'Est'),
(656, 37, 'Littoral'),
(657, 37, 'Nord'),
(658, 37, 'Nord Extreme'),
(659, 37, 'Nordouest'),
(660, 37, 'Ouest'),
(661, 37, 'Sud'),
(662, 37, 'Sudouest'),
(663, 38, 'Alberta'),
(664, 38, 'British Columbia'),
(665, 38, 'Manitoba'),
(666, 38, 'New Brunswick'),
(667, 38, 'Newfoundland and Labrador'),
(668, 38, 'Northwest Territories'),
(669, 38, 'Nova Scotia'),
(670, 38, 'Nunavut'),
(671, 38, 'Ontario'),
(672, 38, 'Prince Edward Island'),
(673, 38, 'Quebec'),
(674, 38, 'Saskatchewan'),
(675, 38, 'Yukon'),
(676, 39, 'Boavista'),
(677, 39, 'Brava'),
(678, 39, 'Fogo'),
(679, 39, 'Maio'),
(680, 39, 'Sal'),
(681, 39, 'Santo Antao'),
(682, 39, 'Sao Nicolau'),
(683, 39, 'Sao Tiago'),
(684, 39, 'Sao Vicente'),
(685, 40, 'Grand Cayman'),
(686, 41, 'Bamingui-Bangoran'),
(687, 41, 'Bangui'),
(688, 41, 'Basse-Kotto'),
(689, 41, 'Haut-Mbomou'),
(690, 41, 'Haute-Kotto'),
(691, 41, 'Kemo'),
(692, 41, 'Lobaye'),
(693, 41, 'Mambere-Kadei'),
(694, 41, 'Mbomou'),
(695, 41, 'Nana-Gribizi'),
(696, 41, 'Nana-Mambere'),
(697, 41, 'Ombella Mpoko'),
(698, 41, 'Ouaka'),
(699, 41, 'Ouham'),
(700, 41, 'Ouham-Pende'),
(701, 41, 'Sangha-Mbaere'),
(702, 41, 'Vakaga'),
(703, 42, 'Batha'),
(704, 42, 'Biltine'),
(705, 42, 'Bourkou-Ennedi-Tibesti'),
(706, 42, 'Chari-Baguirmi'),
(707, 42, 'Guera'),
(708, 42, 'Kanem'),
(709, 42, 'Lac'),
(710, 42, 'Logone Occidental'),
(711, 42, 'Logone Oriental'),
(712, 42, 'Mayo-Kebbi'),
(713, 42, 'Moyen-Chari'),
(714, 42, 'Ouaddai'),
(715, 42, 'Salamat'),
(716, 42, 'Tandjile'),
(717, 43, 'Aisen'),
(718, 43, 'Antofagasta'),
(719, 43, 'Araucania'),
(720, 43, 'Atacama'),
(721, 43, 'Bio Bio'),
(722, 43, 'Coquimbo'),
(723, 43, 'Libertador General Bernardo O'),
(724, 43, 'Los Lagos'),
(725, 43, 'Magellanes'),
(726, 43, 'Maule'),
(727, 43, 'Metropolitana'),
(728, 43, 'Metropolitana de Santiago'),
(729, 43, 'Tarapaca'),
(730, 43, 'Valparaiso'),
(731, 44, 'Anhui'),
(732, 44, 'Anhui Province'),
(733, 44, 'Anhui Sheng'),
(734, 44, 'Aomen'),
(735, 44, 'Beijing'),
(736, 44, 'Beijing Shi'),
(737, 44, 'Chongqing'),
(738, 44, 'Fujian'),
(739, 44, 'Fujian Sheng'),
(740, 44, 'Gansu'),
(741, 44, 'Guangdong'),
(742, 44, 'Guangdong Sheng'),
(743, 44, 'Guangxi'),
(744, 44, 'Guizhou'),
(745, 44, 'Hainan'),
(746, 44, 'Hebei'),
(747, 44, 'Heilongjiang'),
(748, 44, 'Henan'),
(749, 44, 'Hubei'),
(750, 44, 'Hunan'),
(751, 44, 'Jiangsu'),
(752, 44, 'Jiangsu Sheng'),
(753, 44, 'Jiangxi'),
(754, 44, 'Jilin'),
(755, 44, 'Liaoning'),
(756, 44, 'Liaoning Sheng'),
(757, 44, 'Nei Monggol'),
(758, 44, 'Ningxia Hui'),
(759, 44, 'Qinghai'),
(760, 44, 'Shaanxi'),
(761, 44, 'Shandong'),
(762, 44, 'Shandong Sheng'),
(763, 44, 'Shanghai'),
(764, 44, 'Shanxi'),
(765, 44, 'Sichuan'),
(766, 44, 'Tianjin'),
(767, 44, 'Xianggang'),
(768, 44, 'Xinjiang'),
(769, 44, 'Xizang'),
(770, 44, 'Yunnan'),
(771, 44, 'Zhejiang'),
(772, 44, 'Zhejiang Sheng'),
(773, 45, 'Christmas Island'),
(774, 46, 'Cocos (Keeling) Islands'),
(775, 47, 'Amazonas'),
(776, 47, 'Antioquia'),
(777, 47, 'Arauca'),
(778, 47, 'Atlantico'),
(779, 47, 'Bogota'),
(780, 47, 'Bolivar'),
(781, 47, 'Boyaca'),
(782, 47, 'Caldas'),
(783, 47, 'Caqueta'),
(784, 47, 'Casanare'),
(785, 47, 'Cauca'),
(786, 47, 'Cesar'),
(787, 47, 'Choco'),
(788, 47, 'Cordoba'),
(789, 47, 'Cundinamarca'),
(790, 47, 'Guainia'),
(791, 47, 'Guaviare'),
(792, 47, 'Huila'),
(793, 47, 'La Guajira'),
(794, 47, 'Magdalena'),
(795, 47, 'Meta'),
(796, 47, 'Narino'),
(797, 47, 'Norte de Santander'),
(798, 47, 'Putumayo'),
(799, 47, 'Quindio'),
(800, 47, 'Risaralda'),
(801, 47, 'San Andres y Providencia'),
(802, 47, 'Santander'),
(803, 47, 'Sucre'),
(804, 47, 'Tolima'),
(805, 47, 'Valle del Cauca'),
(806, 47, 'Vaupes'),
(807, 47, 'Vichada'),
(808, 48, 'Mwali'),
(809, 48, 'Njazidja'),
(810, 48, 'Nzwani'),
(811, 49, 'Bouenza'),
(812, 49, 'Brazzaville'),
(813, 49, 'Cuvette'),
(814, 49, 'Kouilou'),
(815, 49, 'Lekoumou'),
(816, 49, 'Likouala'),
(817, 49, 'Niari'),
(818, 49, 'Plateaux'),
(819, 49, 'Pool'),
(820, 49, 'Sangha'),
(821, 50, 'Bandundu'),
(822, 50, 'Bas-Congo'),
(823, 50, 'Equateur'),
(824, 50, 'Haut-Congo'),
(825, 50, 'Kasai-Occidental'),
(826, 50, 'Kasai-Oriental'),
(827, 50, 'Katanga'),
(828, 50, 'Kinshasa'),
(829, 50, 'Maniema'),
(830, 50, 'Nord-Kivu'),
(831, 50, 'Sud-Kivu'),
(832, 51, 'Aitutaki'),
(833, 51, 'Atiu'),
(834, 51, 'Mangaia'),
(835, 51, 'Manihiki'),
(836, 51, 'Mauke'),
(837, 51, 'Mitiaro'),
(838, 51, 'Nassau'),
(839, 51, 'Pukapuka'),
(840, 51, 'Rakahanga'),
(841, 51, 'Rarotonga'),
(842, 51, 'Tongareva'),
(843, 52, 'Alajuela'),
(844, 52, 'Cartago'),
(845, 52, 'Guanacaste'),
(846, 52, 'Heredia'),
(847, 52, 'Limon'),
(848, 52, 'Puntarenas'),
(849, 52, 'San Jose'),
(850, 53, 'Abidjan'),
(851, 53, 'Agneby'),
(852, 53, 'Bafing'),
(853, 53, 'Denguele'),
(854, 53, 'Dix-huit Montagnes'),
(855, 53, 'Fromager'),
(856, 53, 'Haut-Sassandra'),
(857, 53, 'Lacs'),
(858, 53, 'Lagunes'),
(859, 53, 'Marahoue'),
(860, 53, 'Moyen-Cavally'),
(861, 53, 'Moyen-Comoe'),
(862, 53, 'N\'\'zi-Comoe'),
(863, 53, 'Sassandra'),
(864, 53, 'Savanes'),
(865, 53, 'Sud-Bandama'),
(866, 53, 'Sud-Comoe'),
(867, 53, 'Vallee du Bandama'),
(868, 53, 'Worodougou'),
(869, 53, 'Zanzan'),
(870, 54, 'Bjelovar-Bilogora'),
(871, 54, 'Dubrovnik-Neretva'),
(872, 54, 'Grad Zagreb'),
(873, 54, 'Istra'),
(874, 54, 'Karlovac'),
(875, 54, 'Koprivnica-Krizhevci'),
(876, 54, 'Krapina-Zagorje'),
(877, 54, 'Lika-Senj'),
(878, 54, 'Medhimurje'),
(879, 54, 'Medimurska Zupanija'),
(880, 54, 'Osijek-Baranja'),
(881, 54, 'Osjecko-Baranjska Zupanija'),
(882, 54, 'Pozhega-Slavonija'),
(883, 54, 'Primorje-Gorski Kotar'),
(884, 54, 'Shibenik-Knin'),
(885, 54, 'Sisak-Moslavina'),
(886, 54, 'Slavonski Brod-Posavina'),
(887, 54, 'Split-Dalmacija'),
(888, 54, 'Varazhdin'),
(889, 54, 'Virovitica-Podravina'),
(890, 54, 'Vukovar-Srijem'),
(891, 54, 'Zadar'),
(892, 54, 'Zagreb'),
(893, 55, 'Camaguey'),
(894, 55, 'Ciego de Avila'),
(895, 55, 'Cienfuegos'),
(896, 55, 'Ciudad de la Habana'),
(897, 55, 'Granma'),
(898, 55, 'Guantanamo'),
(899, 55, 'Habana'),
(900, 55, 'Holguin'),
(901, 55, 'Isla de la Juventud'),
(902, 55, 'La Habana'),
(903, 55, 'Las Tunas'),
(904, 55, 'Matanzas'),
(905, 55, 'Pinar del Rio'),
(906, 55, 'Sancti Spiritus'),
(907, 55, 'Santiago de Cuba'),
(908, 55, 'Villa Clara'),
(909, 56, 'Government controlled area'),
(910, 56, 'Limassol'),
(911, 56, 'Nicosia District'),
(912, 56, 'Paphos'),
(913, 56, 'Turkish controlled area'),
(914, 57, 'Central Bohemian'),
(915, 57, 'Frycovice'),
(916, 57, 'Jihocesky Kraj'),
(917, 57, 'Jihochesky'),
(918, 57, 'Jihomoravsky'),
(919, 57, 'Karlovarsky'),
(920, 57, 'Klecany'),
(921, 57, 'Kralovehradecky'),
(922, 57, 'Liberecky'),
(923, 57, 'Lipov'),
(924, 57, 'Moravskoslezsky'),
(925, 57, 'Olomoucky'),
(926, 57, 'Olomoucky Kraj'),
(927, 57, 'Pardubicky'),
(928, 57, 'Plzensky'),
(929, 57, 'Praha'),
(930, 57, 'Rajhrad'),
(931, 57, 'Smirice'),
(932, 57, 'South Moravian'),
(933, 57, 'Straz nad Nisou'),
(934, 57, 'Stredochesky'),
(935, 57, 'Unicov'),
(936, 57, 'Ustecky'),
(937, 57, 'Valletta'),
(938, 57, 'Velesin'),
(939, 57, 'Vysochina'),
(940, 57, 'Zlinsky'),
(941, 58, 'Arhus'),
(942, 58, 'Bornholm'),
(943, 58, 'Frederiksborg'),
(944, 58, 'Fyn'),
(945, 58, 'Hovedstaden'),
(946, 58, 'Kobenhavn'),
(947, 58, 'Kobenhavns Amt'),
(948, 58, 'Kobenhavns Kommune'),
(949, 58, 'Nordjylland'),
(950, 58, 'Ribe'),
(951, 58, 'Ringkobing'),
(952, 58, 'Roervig'),
(953, 58, 'Roskilde'),
(954, 58, 'Roslev'),
(955, 58, 'Sjaelland'),
(956, 58, 'Soeborg'),
(957, 58, 'Sonderjylland'),
(958, 58, 'Storstrom'),
(959, 58, 'Syddanmark'),
(960, 58, 'Toelloese'),
(961, 58, 'Vejle'),
(962, 58, 'Vestsjalland'),
(963, 58, 'Viborg'),
(964, 59, 'Ali Sabih'),
(965, 59, 'Dikhil'),
(966, 59, 'Jibuti'),
(967, 59, 'Tajurah'),
(968, 59, 'Ubuk'),
(969, 60, 'Saint Andrew'),
(970, 60, 'Saint David'),
(971, 60, 'Saint George'),
(972, 60, 'Saint John'),
(973, 60, 'Saint Joseph'),
(974, 60, 'Saint Luke'),
(975, 60, 'Saint Mark'),
(976, 60, 'Saint Patrick'),
(977, 60, 'Saint Paul'),
(978, 60, 'Saint Peter'),
(979, 61, 'Azua'),
(980, 61, 'Bahoruco'),
(981, 61, 'Barahona'),
(982, 61, 'Dajabon'),
(983, 61, 'Distrito Nacional'),
(984, 61, 'Duarte'),
(985, 61, 'El Seybo'),
(986, 61, 'Elias Pina'),
(987, 61, 'Espaillat'),
(988, 61, 'Hato Mayor'),
(989, 61, 'Independencia'),
(990, 61, 'La Altagracia'),
(991, 61, 'La Romana'),
(992, 61, 'La Vega'),
(993, 61, 'Maria Trinidad Sanchez'),
(994, 61, 'Monsenor Nouel'),
(995, 61, 'Monte Cristi'),
(996, 61, 'Monte Plata'),
(997, 61, 'Pedernales'),
(998, 61, 'Peravia'),
(999, 61, 'Puerto Plata'),
(1000, 61, 'Salcedo'),
(1001, 61, 'Samana'),
(1002, 61, 'San Cristobal'),
(1003, 61, 'San Juan'),
(1004, 61, 'San Pedro de Macoris'),
(1005, 61, 'Sanchez Ramirez'),
(1006, 61, 'Santiago'),
(1007, 61, 'Santiago Rodriguez'),
(1008, 61, 'Valverde'),
(1009, 62, 'Aileu'),
(1010, 62, 'Ainaro'),
(1011, 62, 'Ambeno'),
(1012, 62, 'Baucau'),
(1013, 62, 'Bobonaro'),
(1014, 62, 'Cova Lima'),
(1015, 62, 'Dili'),
(1016, 62, 'Ermera'),
(1017, 62, 'Lautem'),
(1018, 62, 'Liquica'),
(1019, 62, 'Manatuto'),
(1020, 62, 'Manufahi'),
(1021, 62, 'Viqueque'),
(1022, 63, 'Azuay'),
(1023, 63, 'Bolivar'),
(1024, 63, 'Canar'),
(1025, 63, 'Carchi'),
(1026, 63, 'Chimborazo'),
(1027, 63, 'Cotopaxi'),
(1028, 63, 'El Oro'),
(1029, 63, 'Esmeraldas'),
(1030, 63, 'Galapagos'),
(1031, 63, 'Guayas'),
(1032, 63, 'Imbabura'),
(1033, 63, 'Loja'),
(1034, 63, 'Los Rios'),
(1035, 63, 'Manabi'),
(1036, 63, 'Morona Santiago'),
(1037, 63, 'Napo'),
(1038, 63, 'Orellana'),
(1039, 63, 'Pastaza'),
(1040, 63, 'Pichincha'),
(1041, 63, 'Sucumbios'),
(1042, 63, 'Tungurahua'),
(1043, 63, 'Zamora Chinchipe'),
(1044, 64, 'Aswan'),
(1045, 64, 'Asyut'),
(1046, 64, 'Bani Suwayf'),
(1047, 64, 'Bur Sa\'\'id'),
(1048, 64, 'Cairo'),
(1049, 64, 'Dumyat'),
(1050, 64, 'Kafr-ash-Shaykh'),
(1051, 64, 'Matruh'),
(1052, 64, 'Muhafazat ad Daqahliyah'),
(1053, 64, 'Muhafazat al Fayyum'),
(1054, 64, 'Muhafazat al Gharbiyah'),
(1055, 64, 'Muhafazat al Iskandariyah'),
(1056, 64, 'Muhafazat al Qahirah'),
(1057, 64, 'Qina'),
(1058, 64, 'Sawhaj'),
(1059, 64, 'Sina al-Janubiyah'),
(1060, 64, 'Sina ash-Shamaliyah'),
(1061, 64, 'ad-Daqahliyah'),
(1062, 64, 'al-Bahr-al-Ahmar'),
(1063, 64, 'al-Buhayrah'),
(1064, 64, 'al-Fayyum'),
(1065, 64, 'al-Gharbiyah'),
(1066, 64, 'al-Iskandariyah'),
(1067, 64, 'al-Ismailiyah'),
(1068, 64, 'al-Jizah'),
(1069, 64, 'al-Minufiyah'),
(1070, 64, 'al-Minya'),
(1071, 64, 'al-Qahira'),
(1072, 64, 'al-Qalyubiyah'),
(1073, 64, 'al-Uqsur'),
(1074, 64, 'al-Wadi al-Jadid'),
(1075, 64, 'as-Suways'),
(1076, 64, 'ash-Sharqiyah'),
(1077, 65, 'Ahuachapan'),
(1078, 65, 'Cabanas'),
(1079, 65, 'Chalatenango'),
(1080, 65, 'Cuscatlan'),
(1081, 65, 'La Libertad'),
(1082, 65, 'La Paz'),
(1083, 65, 'La Union'),
(1084, 65, 'Morazan'),
(1085, 65, 'San Miguel'),
(1086, 65, 'San Salvador'),
(1087, 65, 'San Vicente'),
(1088, 65, 'Santa Ana'),
(1089, 65, 'Sonsonate'),
(1090, 65, 'Usulutan'),
(1091, 66, 'Annobon'),
(1092, 66, 'Bioko Norte'),
(1093, 66, 'Bioko Sur'),
(1094, 66, 'Centro Sur'),
(1095, 66, 'Kie-Ntem'),
(1096, 66, 'Litoral'),
(1097, 66, 'Wele-Nzas'),
(1098, 67, 'Anseba'),
(1099, 67, 'Debub'),
(1100, 67, 'Debub-Keih-Bahri'),
(1101, 67, 'Gash-Barka'),
(1102, 67, 'Maekel'),
(1103, 67, 'Semien-Keih-Bahri'),
(1104, 68, 'Harju'),
(1105, 68, 'Hiiu'),
(1106, 68, 'Ida-Viru'),
(1107, 68, 'Jarva'),
(1108, 68, 'Jogeva'),
(1109, 68, 'Laane'),
(1110, 68, 'Laane-Viru'),
(1111, 68, 'Parnu'),
(1112, 68, 'Polva'),
(1113, 68, 'Rapla'),
(1114, 68, 'Saare'),
(1115, 68, 'Tartu'),
(1116, 68, 'Valga'),
(1117, 68, 'Viljandi'),
(1118, 68, 'Voru'),
(1119, 69, 'Addis Abeba'),
(1120, 69, 'Afar'),
(1121, 69, 'Amhara'),
(1122, 69, 'Benishangul'),
(1123, 69, 'Diredawa'),
(1124, 69, 'Gambella'),
(1125, 69, 'Harar'),
(1126, 69, 'Jigjiga'),
(1127, 69, 'Mekele'),
(1128, 69, 'Oromia'),
(1129, 69, 'Somali'),
(1130, 69, 'Southern'),
(1131, 69, 'Tigray'),
(1132, 70, 'Christmas Island'),
(1133, 70, 'Cocos Islands'),
(1134, 70, 'Coral Sea Islands'),
(1135, 71, 'Falkland Islands'),
(1136, 71, 'South Georgia'),
(1137, 72, 'Klaksvik'),
(1138, 72, 'Nor ara Eysturoy'),
(1139, 72, 'Nor oy'),
(1140, 72, 'Sandoy'),
(1141, 72, 'Streymoy'),
(1142, 72, 'Su uroy'),
(1143, 72, 'Sy ra Eysturoy'),
(1144, 72, 'Torshavn'),
(1145, 72, 'Vaga'),
(1146, 73, 'Central'),
(1147, 73, 'Eastern'),
(1148, 73, 'Northern'),
(1149, 73, 'South Pacific'),
(1150, 73, 'Western'),
(1151, 74, 'Ahvenanmaa'),
(1152, 74, 'Etela-Karjala'),
(1153, 74, 'Etela-Pohjanmaa'),
(1154, 74, 'Etela-Savo'),
(1155, 74, 'Etela-Suomen Laani'),
(1156, 74, 'Ita-Suomen Laani'),
(1157, 74, 'Ita-Uusimaa'),
(1158, 74, 'Kainuu'),
(1159, 74, 'Kanta-Hame'),
(1160, 74, 'Keski-Pohjanmaa'),
(1161, 74, 'Keski-Suomi'),
(1162, 74, 'Kymenlaakso'),
(1163, 74, 'Lansi-Suomen Laani'),
(1164, 74, 'Lappi'),
(1165, 74, 'Northern Savonia'),
(1166, 74, 'Ostrobothnia'),
(1167, 74, 'Oulun Laani'),
(1168, 74, 'Paijat-Hame'),
(1169, 74, 'Pirkanmaa'),
(1170, 74, 'Pohjanmaa'),
(1171, 74, 'Pohjois-Karjala'),
(1172, 74, 'Pohjois-Pohjanmaa'),
(1173, 74, 'Pohjois-Savo'),
(1174, 74, 'Saarijarvi'),
(1175, 74, 'Satakunta'),
(1176, 74, 'Southern Savonia'),
(1177, 74, 'Tavastia Proper'),
(1178, 74, 'Uleaborgs Lan'),
(1179, 74, 'Uusimaa'),
(1180, 74, 'Varsinais-Suomi'),
(1181, 75, 'Ain'),
(1182, 75, 'Aisne'),
(1183, 75, 'Albi Le Sequestre'),
(1184, 75, 'Allier'),
(1185, 75, 'Alpes-Cote dAzur'),
(1186, 75, 'Alpes-Maritimes'),
(1187, 75, 'Alpes-de-Haute-Provence'),
(1188, 75, 'Alsace'),
(1189, 75, 'Aquitaine'),
(1190, 75, 'Ardeche'),
(1191, 75, 'Ardennes'),
(1192, 75, 'Ariege'),
(1193, 75, 'Aube'),
(1194, 75, 'Aude'),
(1195, 75, 'Auvergne'),
(1196, 75, 'Aveyron'),
(1197, 75, 'Bas-Rhin'),
(1198, 75, 'Basse-Normandie'),
(1199, 75, 'Bouches-du-Rhone'),
(1200, 75, 'Bourgogne'),
(1201, 75, 'Bretagne'),
(1202, 75, 'Brittany'),
(1203, 75, 'Burgundy'),
(1204, 75, 'Calvados'),
(1205, 75, 'Cantal'),
(1206, 75, 'Cedex'),
(1207, 75, 'Centre'),
(1208, 75, 'Charente'),
(1209, 75, 'Charente-Maritime'),
(1210, 75, 'Cher'),
(1211, 75, 'Correze'),
(1212, 75, 'Corse-du-Sud'),
(1213, 75, 'Cote-d\'\'Or'),
(1214, 75, 'Cotes-d\'\'Armor'),
(1215, 75, 'Creuse'),
(1216, 75, 'Crolles'),
(1217, 75, 'Deux-Sevres'),
(1218, 75, 'Dordogne'),
(1219, 75, 'Doubs'),
(1220, 75, 'Drome'),
(1221, 75, 'Essonne'),
(1222, 75, 'Eure'),
(1223, 75, 'Eure-et-Loir'),
(1224, 75, 'Feucherolles'),
(1225, 75, 'Finistere'),
(1226, 75, 'Franche-Comte'),
(1227, 75, 'Gard'),
(1228, 75, 'Gers'),
(1229, 75, 'Gironde'),
(1230, 75, 'Haut-Rhin'),
(1231, 75, 'Haute-Corse'),
(1232, 75, 'Haute-Garonne'),
(1233, 75, 'Haute-Loire'),
(1234, 75, 'Haute-Marne'),
(1235, 75, 'Haute-Saone'),
(1236, 75, 'Haute-Savoie'),
(1237, 75, 'Haute-Vienne'),
(1238, 75, 'Hautes-Alpes'),
(1239, 75, 'Hautes-Pyrenees'),
(1240, 75, 'Hauts-de-Seine'),
(1241, 75, 'Herault'),
(1242, 75, 'Ile-de-France'),
(1243, 75, 'Ille-et-Vilaine'),
(1244, 75, 'Indre'),
(1245, 75, 'Indre-et-Loire'),
(1246, 75, 'Isere'),
(1247, 75, 'Jura'),
(1248, 75, 'Klagenfurt'),
(1249, 75, 'Landes'),
(1250, 75, 'Languedoc-Roussillon'),
(1251, 75, 'Larcay'),
(1252, 75, 'Le Castellet'),
(1253, 75, 'Le Creusot'),
(1254, 75, 'Limousin'),
(1255, 75, 'Loir-et-Cher'),
(1256, 75, 'Loire'),
(1257, 75, 'Loire-Atlantique'),
(1258, 75, 'Loiret'),
(1259, 75, 'Lorraine'),
(1260, 75, 'Lot'),
(1261, 75, 'Lot-et-Garonne'),
(1262, 75, 'Lower Normandy'),
(1263, 75, 'Lozere'),
(1264, 75, 'Maine-et-Loire'),
(1265, 75, 'Manche'),
(1266, 75, 'Marne'),
(1267, 75, 'Mayenne'),
(1268, 75, 'Meurthe-et-Moselle'),
(1269, 75, 'Meuse'),
(1270, 75, 'Midi-Pyrenees'),
(1271, 75, 'Morbihan'),
(1272, 75, 'Moselle'),
(1273, 75, 'Nievre'),
(1274, 75, 'Nord'),
(1275, 75, 'Nord-Pas-de-Calais'),
(1276, 75, 'Oise'),
(1277, 75, 'Orne'),
(1278, 75, 'Paris'),
(1279, 75, 'Pas-de-Calais'),
(1280, 75, 'Pays de la Loire'),
(1281, 75, 'Pays-de-la-Loire'),
(1282, 75, 'Picardy'),
(1283, 75, 'Puy-de-Dome'),
(1284, 75, 'Pyrenees-Atlantiques'),
(1285, 75, 'Pyrenees-Orientales'),
(1286, 75, 'Quelmes'),
(1287, 75, 'Rhone'),
(1288, 75, 'Rhone-Alpes'),
(1289, 75, 'Saint Ouen'),
(1290, 75, 'Saint Viatre'),
(1291, 75, 'Saone-et-Loire'),
(1292, 75, 'Sarthe'),
(1293, 75, 'Savoie'),
(1294, 75, 'Seine-Maritime'),
(1295, 75, 'Seine-Saint-Denis'),
(1296, 75, 'Seine-et-Marne'),
(1297, 75, 'Somme'),
(1298, 75, 'Sophia Antipolis'),
(1299, 75, 'Souvans'),
(1300, 75, 'Tarn'),
(1301, 75, 'Tarn-et-Garonne'),
(1302, 75, 'Territoire de Belfort'),
(1303, 75, 'Treignac'),
(1304, 75, 'Upper Normandy'),
(1305, 75, 'Val-d\'\'Oise'),
(1306, 75, 'Val-de-Marne'),
(1307, 75, 'Var'),
(1308, 75, 'Vaucluse'),
(1309, 75, 'Vellise'),
(1310, 75, 'Vendee'),
(1311, 75, 'Vienne'),
(1312, 75, 'Vosges'),
(1313, 75, 'Yonne'),
(1314, 75, 'Yvelines'),
(1315, 76, 'Cayenne'),
(1316, 76, 'Saint-Laurent-du-Maroni'),
(1317, 77, 'Iles du Vent'),
(1318, 77, 'Iles sous le Vent'),
(1319, 77, 'Marquesas'),
(1320, 77, 'Tuamotu'),
(1321, 77, 'Tubuai'),
(1322, 78, 'Amsterdam'),
(1323, 78, 'Crozet Islands'),
(1324, 78, 'Kerguelen'),
(1325, 79, 'Estuaire'),
(1326, 79, 'Haut-Ogooue'),
(1327, 79, 'Moyen-Ogooue'),
(1328, 79, 'Ngounie'),
(1329, 79, 'Nyanga'),
(1330, 79, 'Ogooue-Ivindo'),
(1331, 79, 'Ogooue-Lolo'),
(1332, 79, 'Ogooue-Maritime'),
(1333, 79, 'Woleu-Ntem'),
(1334, 80, 'Banjul'),
(1335, 80, 'Basse'),
(1336, 80, 'Brikama'),
(1337, 80, 'Janjanbureh'),
(1338, 80, 'Kanifing'),
(1339, 80, 'Kerewan'),
(1340, 80, 'Kuntaur'),
(1341, 80, 'Mansakonko'),
(1342, 81, 'Abhasia'),
(1343, 81, 'Ajaria'),
(1344, 81, 'Guria'),
(1345, 81, 'Imereti'),
(1346, 81, 'Kaheti'),
(1347, 81, 'Kvemo Kartli'),
(1348, 81, 'Mcheta-Mtianeti'),
(1349, 81, 'Racha'),
(1350, 81, 'Samagrelo-Zemo Svaneti'),
(1351, 81, 'Samche-Zhavaheti'),
(1352, 81, 'Shida Kartli'),
(1353, 81, 'Tbilisi'),
(1354, 82, 'Auvergne'),
(1355, 82, 'Baden-Wurttemberg'),
(1356, 82, 'Bavaria'),
(1357, 82, 'Bayern'),
(1358, 82, 'Beilstein Wurtt'),
(1359, 82, 'Berlin'),
(1360, 82, 'Brandenburg'),
(1361, 82, 'Bremen'),
(1362, 82, 'Dreisbach'),
(1363, 82, 'Freistaat Bayern'),
(1364, 82, 'Hamburg'),
(1365, 82, 'Hannover'),
(1366, 82, 'Heroldstatt'),
(1367, 82, 'Hessen'),
(1368, 82, 'Kortenberg'),
(1369, 82, 'Laasdorf'),
(1370, 82, 'Land Baden-Wurttemberg'),
(1371, 82, 'Land Bayern'),
(1372, 82, 'Land Brandenburg'),
(1373, 82, 'Land Hessen'),
(1374, 82, 'Land Mecklenburg-Vorpommern'),
(1375, 82, 'Land Nordrhein-Westfalen'),
(1376, 82, 'Land Rheinland-Pfalz'),
(1377, 82, 'Land Sachsen'),
(1378, 82, 'Land Sachsen-Anhalt'),
(1379, 82, 'Land Thuringen'),
(1380, 82, 'Lower Saxony'),
(1381, 82, 'Mecklenburg-Vorpommern'),
(1382, 82, 'Mulfingen'),
(1383, 82, 'Munich'),
(1384, 82, 'Neubeuern'),
(1385, 82, 'Niedersachsen'),
(1386, 82, 'Noord-Holland'),
(1387, 82, 'Nordrhein-Westfalen'),
(1388, 82, 'North Rhine-Westphalia'),
(1389, 82, 'Osterode'),
(1390, 82, 'Rheinland-Pfalz'),
(1391, 82, 'Rhineland-Palatinate'),
(1392, 82, 'Saarland'),
(1393, 82, 'Sachsen'),
(1394, 82, 'Sachsen-Anhalt'),
(1395, 82, 'Saxony'),
(1396, 82, 'Schleswig-Holstein'),
(1397, 82, 'Thuringia'),
(1398, 82, 'Webling'),
(1399, 82, 'Weinstrabe'),
(1400, 82, 'schlobborn'),
(1401, 83, 'Ashanti'),
(1402, 83, 'Brong-Ahafo'),
(1403, 83, 'Central'),
(1404, 83, 'Eastern'),
(1405, 83, 'Greater Accra'),
(1406, 83, 'Northern'),
(1407, 83, 'Upper East'),
(1408, 83, 'Upper West'),
(1409, 83, 'Volta'),
(1410, 83, 'Western'),
(1411, 84, 'Gibraltar'),
(1412, 85, 'Acharnes'),
(1413, 85, 'Ahaia'),
(1414, 85, 'Aitolia kai Akarnania'),
(1415, 85, 'Argolis'),
(1416, 85, 'Arkadia'),
(1417, 85, 'Arta'),
(1418, 85, 'Attica'),
(1419, 85, 'Attiki'),
(1420, 85, 'Ayion Oros'),
(1421, 85, 'Crete'),
(1422, 85, 'Dodekanisos'),
(1423, 85, 'Drama'),
(1424, 85, 'Evia'),
(1425, 85, 'Evritania'),
(1426, 85, 'Evros'),
(1427, 85, 'Evvoia'),
(1428, 85, 'Florina'),
(1429, 85, 'Fokis'),
(1430, 85, 'Fthiotis'),
(1431, 85, 'Grevena'),
(1432, 85, 'Halandri'),
(1433, 85, 'Halkidiki'),
(1434, 85, 'Hania'),
(1435, 85, 'Heraklion'),
(1436, 85, 'Hios'),
(1437, 85, 'Ilia'),
(1438, 85, 'Imathia'),
(1439, 85, 'Ioannina'),
(1440, 85, 'Iraklion'),
(1441, 85, 'Karditsa'),
(1442, 85, 'Kastoria'),
(1443, 85, 'Kavala'),
(1444, 85, 'Kefallinia'),
(1445, 85, 'Kerkira'),
(1446, 85, 'Kiklades'),
(1447, 85, 'Kilkis'),
(1448, 85, 'Korinthia'),
(1449, 85, 'Kozani'),
(1450, 85, 'Lakonia'),
(1451, 85, 'Larisa'),
(1452, 85, 'Lasithi'),
(1453, 85, 'Lesvos'),
(1454, 85, 'Levkas'),
(1455, 85, 'Magnisia'),
(1456, 85, 'Messinia'),
(1457, 85, 'Nomos Attikis'),
(1458, 85, 'Nomos Zakynthou'),
(1459, 85, 'Pella'),
(1460, 85, 'Pieria'),
(1461, 85, 'Piraios'),
(1462, 85, 'Preveza'),
(1463, 85, 'Rethimni'),
(1464, 85, 'Rodopi'),
(1465, 85, 'Samos'),
(1466, 85, 'Serrai'),
(1467, 85, 'Thesprotia'),
(1468, 85, 'Thessaloniki'),
(1469, 85, 'Trikala'),
(1470, 85, 'Voiotia'),
(1471, 85, 'West Greece'),
(1472, 85, 'Xanthi'),
(1473, 85, 'Zakinthos'),
(1474, 86, 'Aasiaat'),
(1475, 86, 'Ammassalik'),
(1476, 86, 'Illoqqortoormiut'),
(1477, 86, 'Ilulissat'),
(1478, 86, 'Ivittuut'),
(1479, 86, 'Kangaatsiaq'),
(1480, 86, 'Maniitsoq'),
(1481, 86, 'Nanortalik'),
(1482, 86, 'Narsaq'),
(1483, 86, 'Nuuk'),
(1484, 86, 'Paamiut'),
(1485, 86, 'Qaanaaq'),
(1486, 86, 'Qaqortoq'),
(1487, 86, 'Qasigiannguit'),
(1488, 86, 'Qeqertarsuaq'),
(1489, 86, 'Sisimiut'),
(1490, 86, 'Udenfor kommunal inddeling'),
(1491, 86, 'Upernavik'),
(1492, 86, 'Uummannaq'),
(1493, 87, 'Carriacou-Petite Martinique'),
(1494, 87, 'Saint Andrew'),
(1495, 87, 'Saint Davids'),
(1496, 87, 'Saint George\'\'s'),
(1497, 87, 'Saint John'),
(1498, 87, 'Saint Mark'),
(1499, 87, 'Saint Patrick'),
(1500, 88, 'Basse-Terre'),
(1501, 88, 'Grande-Terre'),
(1502, 88, 'Iles des Saintes'),
(1503, 88, 'La Desirade'),
(1504, 88, 'Marie-Galante'),
(1505, 88, 'Saint Barthelemy'),
(1506, 88, 'Saint Martin'),
(1507, 89, 'Agana Heights'),
(1508, 89, 'Agat'),
(1509, 89, 'Barrigada'),
(1510, 89, 'Chalan-Pago-Ordot'),
(1511, 89, 'Dededo'),
(1512, 89, 'Hagatna'),
(1513, 89, 'Inarajan'),
(1514, 89, 'Mangilao'),
(1515, 89, 'Merizo'),
(1516, 89, 'Mongmong-Toto-Maite'),
(1517, 89, 'Santa Rita'),
(1518, 89, 'Sinajana'),
(1519, 89, 'Talofofo'),
(1520, 89, 'Tamuning'),
(1521, 89, 'Yigo'),
(1522, 89, 'Yona'),
(1523, 90, 'Alta Verapaz'),
(1524, 90, 'Baja Verapaz'),
(1525, 90, 'Chimaltenango'),
(1526, 90, 'Chiquimula'),
(1527, 90, 'El Progreso'),
(1528, 90, 'Escuintla'),
(1529, 90, 'Guatemala'),
(1530, 90, 'Huehuetenango'),
(1531, 90, 'Izabal'),
(1532, 90, 'Jalapa'),
(1533, 90, 'Jutiapa'),
(1534, 90, 'Peten'),
(1535, 90, 'Quezaltenango'),
(1536, 90, 'Quiche'),
(1537, 90, 'Retalhuleu'),
(1538, 90, 'Sacatepequez'),
(1539, 90, 'San Marcos'),
(1540, 90, 'Santa Rosa'),
(1541, 90, 'Solola'),
(1542, 90, 'Suchitepequez'),
(1543, 90, 'Totonicapan'),
(1544, 90, 'Zacapa'),
(1545, 91, 'Alderney'),
(1546, 91, 'Castel'),
(1547, 91, 'Forest'),
(1548, 91, 'Saint Andrew'),
(1549, 91, 'Saint Martin'),
(1550, 91, 'Saint Peter Port'),
(1551, 91, 'Saint Pierre du Bois'),
(1552, 91, 'Saint Sampson'),
(1553, 91, 'Saint Saviour'),
(1554, 91, 'Sark'),
(1555, 91, 'Torteval'),
(1556, 91, 'Vale'),
(1557, 92, 'Beyla'),
(1558, 92, 'Boffa'),
(1559, 92, 'Boke'),
(1560, 92, 'Conakry'),
(1561, 92, 'Coyah'),
(1562, 92, 'Dabola'),
(1563, 92, 'Dalaba'),
(1564, 92, 'Dinguiraye'),
(1565, 92, 'Faranah'),
(1566, 92, 'Forecariah'),
(1567, 92, 'Fria'),
(1568, 92, 'Gaoual'),
(1569, 92, 'Gueckedou'),
(1570, 92, 'Kankan'),
(1571, 92, 'Kerouane'),
(1572, 92, 'Kindia'),
(1573, 92, 'Kissidougou'),
(1574, 92, 'Koubia'),
(1575, 92, 'Koundara'),
(1576, 92, 'Kouroussa'),
(1577, 92, 'Labe'),
(1578, 92, 'Lola'),
(1579, 92, 'Macenta'),
(1580, 92, 'Mali'),
(1581, 92, 'Mamou'),
(1582, 92, 'Mandiana'),
(1583, 92, 'Nzerekore'),
(1584, 92, 'Pita'),
(1585, 92, 'Siguiri'),
(1586, 92, 'Telimele'),
(1587, 92, 'Tougue'),
(1588, 92, 'Yomou'),
(1589, 93, 'Bafata'),
(1590, 93, 'Bissau'),
(1591, 93, 'Bolama'),
(1592, 93, 'Cacheu'),
(1593, 93, 'Gabu'),
(1594, 93, 'Oio'),
(1595, 93, 'Quinara'),
(1596, 93, 'Tombali'),
(1597, 94, 'Barima-Waini'),
(1598, 94, 'Cuyuni-Mazaruni'),
(1599, 94, 'Demerara-Mahaica'),
(1600, 94, 'East Berbice-Corentyne'),
(1601, 94, 'Essequibo Islands-West Demerar'),
(1602, 94, 'Mahaica-Berbice'),
(1603, 94, 'Pomeroon-Supenaam'),
(1604, 94, 'Potaro-Siparuni'),
(1605, 94, 'Upper Demerara-Berbice'),
(1606, 94, 'Upper Takutu-Upper Essequibo'),
(1607, 95, 'Artibonite'),
(1608, 95, 'Centre'),
(1609, 95, 'Grand\'\'Anse'),
(1610, 95, 'Nord'),
(1611, 95, 'Nord-Est'),
(1612, 95, 'Nord-Ouest'),
(1613, 95, 'Ouest'),
(1614, 95, 'Sud'),
(1615, 95, 'Sud-Est'),
(1616, 96, 'Heard and McDonald Islands'),
(1617, 97, 'Atlantida'),
(1618, 97, 'Choluteca'),
(1619, 97, 'Colon'),
(1620, 97, 'Comayagua'),
(1621, 97, 'Copan'),
(1622, 97, 'Cortes'),
(1623, 97, 'Distrito Central'),
(1624, 97, 'El Paraiso'),
(1625, 97, 'Francisco Morazan'),
(1626, 97, 'Gracias a Dios'),
(1627, 97, 'Intibuca'),
(1628, 97, 'Islas de la Bahia'),
(1629, 97, 'La Paz'),
(1630, 97, 'Lempira'),
(1631, 97, 'Ocotepeque'),
(1632, 97, 'Olancho'),
(1633, 97, 'Santa Barbara'),
(1634, 97, 'Valle'),
(1635, 97, 'Yoro'),
(1636, 98, 'Hong Kong'),
(1637, 99, 'Bacs-Kiskun'),
(1638, 99, 'Baranya'),
(1639, 99, 'Bekes'),
(1640, 99, 'Borsod-Abauj-Zemplen'),
(1641, 99, 'Budapest'),
(1642, 99, 'Csongrad'),
(1643, 99, 'Fejer'),
(1644, 99, 'Gyor-Moson-Sopron'),
(1645, 99, 'Hajdu-Bihar'),
(1646, 99, 'Heves'),
(1647, 99, 'Jasz-Nagykun-Szolnok'),
(1648, 99, 'Komarom-Esztergom'),
(1649, 99, 'Nograd'),
(1650, 99, 'Pest'),
(1651, 99, 'Somogy'),
(1652, 99, 'Szabolcs-Szatmar-Bereg'),
(1653, 99, 'Tolna'),
(1654, 99, 'Vas'),
(1655, 99, 'Veszprem'),
(1656, 99, 'Zala'),
(1657, 100, 'Austurland'),
(1658, 100, 'Gullbringusysla'),
(1659, 100, 'Hofu borgarsva i'),
(1660, 100, 'Nor urland eystra'),
(1661, 100, 'Nor urland vestra'),
(1662, 100, 'Su urland'),
(1663, 100, 'Su urnes'),
(1664, 100, 'Vestfir ir'),
(1665, 100, 'Vesturland'),
(1666, 102, 'Aceh'),
(1667, 102, 'Bali'),
(1668, 102, 'Bangka-Belitung'),
(1669, 102, 'Banten'),
(1670, 102, 'Bengkulu'),
(1671, 102, 'Gandaria'),
(1672, 102, 'Gorontalo'),
(1673, 102, 'Jakarta'),
(1674, 102, 'Jambi'),
(1675, 102, 'Jawa Barat'),
(1676, 102, 'Jawa Tengah'),
(1677, 102, 'Jawa Timur'),
(1678, 102, 'Kalimantan Barat'),
(1679, 102, 'Kalimantan Selatan'),
(1680, 102, 'Kalimantan Tengah'),
(1681, 102, 'Kalimantan Timur'),
(1682, 102, 'Kendal'),
(1683, 102, 'Lampung'),
(1684, 102, 'Maluku'),
(1685, 102, 'Maluku Utara'),
(1686, 102, 'Nusa Tenggara Barat'),
(1687, 102, 'Nusa Tenggara Timur'),
(1688, 102, 'Papua'),
(1689, 102, 'Riau'),
(1690, 102, 'Riau Kepulauan'),
(1691, 102, 'Solo'),
(1692, 102, 'Sulawesi Selatan'),
(1693, 102, 'Sulawesi Tengah'),
(1694, 102, 'Sulawesi Tenggara'),
(1695, 102, 'Sulawesi Utara'),
(1696, 102, 'Sumatera Barat'),
(1697, 102, 'Sumatera Selatan'),
(1698, 102, 'Sumatera Utara'),
(1699, 102, 'Yogyakarta'),
(1700, 103, 'Ardabil'),
(1701, 103, 'Azarbayjan-e Bakhtari'),
(1702, 103, 'Azarbayjan-e Khavari'),
(1703, 103, 'Bushehr'),
(1704, 103, 'Chahar Mahal-e Bakhtiari'),
(1705, 103, 'Esfahan'),
(1706, 103, 'Fars'),
(1707, 103, 'Gilan'),
(1708, 103, 'Golestan'),
(1709, 103, 'Hamadan'),
(1710, 103, 'Hormozgan'),
(1711, 103, 'Ilam'),
(1712, 103, 'Kerman'),
(1713, 103, 'Kermanshah'),
(1714, 103, 'Khorasan'),
(1715, 103, 'Khuzestan'),
(1716, 103, 'Kohgiluyeh-e Boyerahmad'),
(1717, 103, 'Kordestan'),
(1718, 103, 'Lorestan'),
(1719, 103, 'Markazi'),
(1720, 103, 'Mazandaran'),
(1721, 103, 'Ostan-e Esfahan'),
(1722, 103, 'Qazvin'),
(1723, 103, 'Qom'),
(1724, 103, 'Semnan'),
(1725, 103, 'Sistan-e Baluchestan'),
(1726, 103, 'Tehran'),
(1727, 103, 'Yazd'),
(1728, 103, 'Zanjan'),
(1729, 104, 'Babil'),
(1730, 104, 'Baghdad'),
(1731, 104, 'Dahuk'),
(1732, 104, 'Dhi Qar'),
(1733, 104, 'Diyala'),
(1734, 104, 'Erbil'),
(1735, 104, 'Irbil'),
(1736, 104, 'Karbala'),
(1737, 104, 'Kurdistan'),
(1738, 104, 'Maysan'),
(1739, 104, 'Ninawa'),
(1740, 104, 'Salah-ad-Din'),
(1741, 104, 'Wasit'),
(1742, 104, 'al-Anbar'),
(1743, 104, 'al-Basrah'),
(1744, 104, 'al-Muthanna'),
(1745, 104, 'al-Qadisiyah'),
(1746, 104, 'an-Najaf'),
(1747, 104, 'as-Sulaymaniyah'),
(1748, 104, 'at-Ta\'\'mim'),
(1749, 105, 'Armagh'),
(1750, 105, 'Carlow'),
(1751, 105, 'Cavan'),
(1752, 105, 'Clare'),
(1753, 105, 'Cork'),
(1754, 105, 'Donegal'),
(1755, 105, 'Dublin'),
(1756, 105, 'Galway'),
(1757, 105, 'Kerry'),
(1758, 105, 'Kildare'),
(1759, 105, 'Kilkenny'),
(1760, 105, 'Laois'),
(1761, 105, 'Leinster'),
(1762, 105, 'Leitrim'),
(1763, 105, 'Limerick'),
(1764, 105, 'Loch Garman'),
(1765, 105, 'Longford'),
(1766, 105, 'Louth'),
(1767, 105, 'Mayo'),
(1768, 105, 'Meath'),
(1769, 105, 'Monaghan'),
(1770, 105, 'Offaly'),
(1771, 105, 'Roscommon'),
(1772, 105, 'Sligo'),
(1773, 105, 'Tipperary North Riding'),
(1774, 105, 'Tipperary South Riding'),
(1775, 105, 'Ulster'),
(1776, 105, 'Waterford'),
(1777, 105, 'Westmeath'),
(1778, 105, 'Wexford'),
(1779, 105, 'Wicklow'),
(1780, 106, 'Beit Hanania'),
(1781, 106, 'Ben Gurion Airport'),
(1782, 106, 'Bethlehem'),
(1783, 106, 'Caesarea'),
(1784, 106, 'Centre'),
(1785, 106, 'Gaza'),
(1786, 106, 'Hadaron'),
(1787, 106, 'Haifa District'),
(1788, 106, 'Hamerkaz'),
(1789, 106, 'Hazafon'),
(1790, 106, 'Hebron'),
(1791, 106, 'Jaffa'),
(1792, 106, 'Jerusalem'),
(1793, 106, 'Khefa'),
(1794, 106, 'Kiryat Yam'),
(1795, 106, 'Lower Galilee'),
(1796, 106, 'Qalqilya'),
(1797, 106, 'Talme Elazar'),
(1798, 106, 'Tel Aviv'),
(1799, 106, 'Tsafon'),
(1800, 106, 'Umm El Fahem'),
(1801, 106, 'Yerushalayim'),
(1802, 107, 'Abruzzi'),
(1803, 107, 'Abruzzo'),
(1804, 107, 'Agrigento'),
(1805, 107, 'Alessandria'),
(1806, 107, 'Ancona'),
(1807, 107, 'Arezzo'),
(1808, 107, 'Ascoli Piceno'),
(1809, 107, 'Asti'),
(1810, 107, 'Avellino'),
(1811, 107, 'Bari'),
(1812, 107, 'Basilicata'),
(1813, 107, 'Belluno'),
(1814, 107, 'Benevento'),
(1815, 107, 'Bergamo'),
(1816, 107, 'Biella'),
(1817, 107, 'Bologna'),
(1818, 107, 'Bolzano'),
(1819, 107, 'Brescia'),
(1820, 107, 'Brindisi'),
(1821, 107, 'Calabria'),
(1822, 107, 'Campania'),
(1823, 107, 'Cartoceto'),
(1824, 107, 'Caserta'),
(1825, 107, 'Catania'),
(1826, 107, 'Chieti'),
(1827, 107, 'Como'),
(1828, 107, 'Cosenza'),
(1829, 107, 'Cremona'),
(1830, 107, 'Cuneo'),
(1831, 107, 'Emilia-Romagna'),
(1832, 107, 'Ferrara'),
(1833, 107, 'Firenze'),
(1834, 107, 'Florence'),
(1835, 107, 'Forli-Cesena'),
(1836, 107, 'Friuli-Venezia Giulia'),
(1837, 107, 'Frosinone'),
(1838, 107, 'Genoa'),
(1839, 107, 'Gorizia'),
(1840, 107, 'L\'\'Aquila'),
(1841, 107, 'Lazio'),
(1842, 107, 'Lecce'),
(1843, 107, 'Lecco'),
(1844, 107, 'Lecco Province'),
(1845, 107, 'Liguria'),
(1846, 107, 'Lodi'),
(1847, 107, 'Lombardia'),
(1848, 107, 'Lombardy'),
(1849, 107, 'Macerata'),
(1850, 107, 'Mantova'),
(1851, 107, 'Marche'),
(1852, 107, 'Messina'),
(1853, 107, 'Milan'),
(1854, 107, 'Modena'),
(1855, 107, 'Molise'),
(1856, 107, 'Molteno'),
(1857, 107, 'Montenegro'),
(1858, 107, 'Monza and Brianza'),
(1859, 107, 'Naples'),
(1860, 107, 'Novara'),
(1861, 107, 'Padova'),
(1862, 107, 'Parma'),
(1863, 107, 'Pavia'),
(1864, 107, 'Perugia'),
(1865, 107, 'Pesaro-Urbino'),
(1866, 107, 'Piacenza'),
(1867, 107, 'Piedmont'),
(1868, 107, 'Piemonte'),
(1869, 107, 'Pisa'),
(1870, 107, 'Pordenone'),
(1871, 107, 'Potenza'),
(1872, 107, 'Puglia'),
(1873, 107, 'Reggio Emilia'),
(1874, 107, 'Rimini'),
(1875, 107, 'Roma'),
(1876, 107, 'Salerno'),
(1877, 107, 'Sardegna'),
(1878, 107, 'Sassari'),
(1879, 107, 'Savona'),
(1880, 107, 'Sicilia'),
(1881, 107, 'Siena'),
(1882, 107, 'Sondrio'),
(1883, 107, 'South Tyrol'),
(1884, 107, 'Taranto'),
(1885, 107, 'Teramo'),
(1886, 107, 'Torino'),
(1887, 107, 'Toscana'),
(1888, 107, 'Trapani'),
(1889, 107, 'Trentino-Alto Adige'),
(1890, 107, 'Trento'),
(1891, 107, 'Treviso'),
(1892, 107, 'Udine'),
(1893, 107, 'Umbria'),
(1894, 107, 'Valle d\'\'Aosta'),
(1895, 107, 'Varese'),
(1896, 107, 'Veneto'),
(1897, 107, 'Venezia'),
(1898, 107, 'Verbano-Cusio-Ossola'),
(1899, 107, 'Vercelli'),
(1900, 107, 'Verona'),
(1901, 107, 'Vicenza'),
(1902, 107, 'Viterbo'),
(1903, 108, 'Buxoro Viloyati'),
(1904, 108, 'Clarendon'),
(1905, 108, 'Hanover'),
(1906, 108, 'Kingston'),
(1907, 108, 'Manchester'),
(1908, 108, 'Portland'),
(1909, 108, 'Saint Andrews'),
(1910, 108, 'Saint Ann'),
(1911, 108, 'Saint Catherine'),
(1912, 108, 'Saint Elizabeth'),
(1913, 108, 'Saint James'),
(1914, 108, 'Saint Mary'),
(1915, 108, 'Saint Thomas'),
(1916, 108, 'Trelawney'),
(1917, 108, 'Westmoreland'),
(1918, 109, 'Aichi'),
(1919, 109, 'Akita'),
(1920, 109, 'Aomori'),
(1921, 109, 'Chiba'),
(1922, 109, 'Ehime'),
(1923, 109, 'Fukui'),
(1924, 109, 'Fukuoka'),
(1925, 109, 'Fukushima'),
(1926, 109, 'Gifu'),
(1927, 109, 'Gumma'),
(1928, 109, 'Hiroshima'),
(1929, 109, 'Hokkaido'),
(1930, 109, 'Hyogo'),
(1931, 109, 'Ibaraki'),
(1932, 109, 'Ishikawa'),
(1933, 109, 'Iwate'),
(1934, 109, 'Kagawa'),
(1935, 109, 'Kagoshima'),
(1936, 109, 'Kanagawa'),
(1937, 109, 'Kanto'),
(1938, 109, 'Kochi'),
(1939, 109, 'Kumamoto'),
(1940, 109, 'Kyoto'),
(1941, 109, 'Mie'),
(1942, 109, 'Miyagi'),
(1943, 109, 'Miyazaki'),
(1944, 109, 'Nagano'),
(1945, 109, 'Nagasaki'),
(1946, 109, 'Nara'),
(1947, 109, 'Niigata'),
(1948, 109, 'Oita'),
(1949, 109, 'Okayama'),
(1950, 109, 'Okinawa'),
(1951, 109, 'Osaka'),
(1952, 109, 'Saga'),
(1953, 109, 'Saitama'),
(1954, 109, 'Shiga'),
(1955, 109, 'Shimane'),
(1956, 109, 'Shizuoka'),
(1957, 109, 'Tochigi'),
(1958, 109, 'Tokushima'),
(1959, 109, 'Tokyo'),
(1960, 109, 'Tottori'),
(1961, 109, 'Toyama'),
(1962, 109, 'Wakayama'),
(1963, 109, 'Yamagata'),
(1964, 109, 'Yamaguchi'),
(1965, 109, 'Yamanashi'),
(1966, 110, 'Grouville'),
(1967, 110, 'Saint Brelade'),
(1968, 110, 'Saint Clement'),
(1969, 110, 'Saint Helier'),
(1970, 110, 'Saint John'),
(1971, 110, 'Saint Lawrence'),
(1972, 110, 'Saint Martin'),
(1973, 110, 'Saint Mary'),
(1974, 110, 'Saint Peter'),
(1975, 110, 'Saint Saviour'),
(1976, 110, 'Trinity'),
(1977, 111, 'Ajlun'),
(1978, 111, 'Amman'),
(1979, 111, 'Irbid'),
(1980, 111, 'Jarash'),
(1981, 111, 'Ma\'\'an'),
(1982, 111, 'Madaba'),
(1983, 111, 'al-\'\'Aqabah'),
(1984, 111, 'al-Balqa'),
(1985, 111, 'al-Karak'),
(1986, 111, 'al-Mafraq'),
(1987, 111, 'at-Tafilah'),
(1988, 111, 'az-Zarqa'),
(1989, 112, 'Akmecet'),
(1990, 112, 'Akmola'),
(1991, 112, 'Aktobe'),
(1992, 112, 'Almati'),
(1993, 112, 'Atirau'),
(1994, 112, 'Batis Kazakstan'),
(1995, 112, 'Burlinsky Region'),
(1996, 112, 'Karagandi'),
(1997, 112, 'Kostanay'),
(1998, 112, 'Mankistau'),
(1999, 112, 'Ontustik Kazakstan'),
(2000, 112, 'Pavlodar'),
(2001, 112, 'Sigis Kazakstan'),
(2002, 112, 'Soltustik Kazakstan'),
(2003, 112, 'Taraz'),
(2004, 113, 'Central'),
(2005, 113, 'Coast'),
(2006, 113, 'Eastern'),
(2007, 113, 'Nairobi'),
(2008, 113, 'North Eastern'),
(2009, 113, 'Nyanza'),
(2010, 113, 'Rift Valley'),
(2011, 113, 'Western'),
(2012, 114, 'Abaiang'),
(2013, 114, 'Abemana'),
(2014, 114, 'Aranuka'),
(2015, 114, 'Arorae'),
(2016, 114, 'Banaba'),
(2017, 114, 'Beru'),
(2018, 114, 'Butaritari'),
(2019, 114, 'Kiritimati'),
(2020, 114, 'Kuria'),
(2021, 114, 'Maiana'),
(2022, 114, 'Makin'),
(2023, 114, 'Marakei'),
(2024, 114, 'Nikunau'),
(2025, 114, 'Nonouti'),
(2026, 114, 'Onotoa'),
(2027, 114, 'Phoenix Islands'),
(2028, 114, 'Tabiteuea North'),
(2029, 114, 'Tabiteuea South'),
(2030, 114, 'Tabuaeran'),
(2031, 114, 'Tamana'),
(2032, 114, 'Tarawa North'),
(2033, 114, 'Tarawa South'),
(2034, 114, 'Teraina'),
(2035, 115, 'Chagangdo'),
(2036, 115, 'Hamgyeongbukto'),
(2037, 115, 'Hamgyeongnamdo'),
(2038, 115, 'Hwanghaebukto'),
(2039, 115, 'Hwanghaenamdo'),
(2040, 115, 'Kaeseong'),
(2041, 115, 'Kangweon'),
(2042, 115, 'Nampo'),
(2043, 115, 'Pyeonganbukto'),
(2044, 115, 'Pyeongannamdo'),
(2045, 115, 'Pyeongyang'),
(2046, 115, 'Yanggang'),
(2047, 116, 'Busan'),
(2048, 116, 'Cheju'),
(2049, 116, 'Chollabuk'),
(2050, 116, 'Chollanam'),
(2051, 116, 'Chungbuk'),
(2052, 116, 'Chungcheongbuk'),
(2053, 116, 'Chungcheongnam'),
(2054, 116, 'Chungnam'),
(2055, 116, 'Daegu'),
(2056, 116, 'Gangwon-do'),
(2057, 116, 'Goyang-si'),
(2058, 116, 'Gyeonggi-do'),
(2059, 116, 'Gyeongsang'),
(2060, 116, 'Gyeongsangnam-do'),
(2061, 116, 'Incheon'),
(2062, 116, 'Jeju-Si'),
(2063, 116, 'Jeonbuk'),
(2064, 116, 'Kangweon'),
(2065, 116, 'Kwangju'),
(2066, 116, 'Kyeonggi'),
(2067, 116, 'Kyeongsangbuk'),
(2068, 116, 'Kyeongsangnam'),
(2069, 116, 'Kyonggi-do'),
(2070, 116, 'Kyungbuk-Do'),
(2071, 116, 'Kyunggi-Do'),
(2072, 116, 'Kyunggi-do'),
(2073, 116, 'Pusan'),
(2074, 116, 'Seoul'),
(2075, 116, 'Sudogwon'),
(2076, 116, 'Taegu'),
(2077, 116, 'Taejeon'),
(2078, 116, 'Taejon-gwangyoksi'),
(2079, 116, 'Ulsan'),
(2080, 116, 'Wonju'),
(2081, 116, 'gwangyoksi'),
(2082, 117, 'Al Asimah'),
(2083, 117, 'Hawalli'),
(2084, 117, 'Mishref'),
(2085, 117, 'Qadesiya'),
(2086, 117, 'Safat'),
(2087, 117, 'Salmiya'),
(2088, 117, 'al-Ahmadi'),
(2089, 117, 'al-Farwaniyah'),
(2090, 117, 'al-Jahra'),
(2091, 117, 'al-Kuwayt'),
(2092, 118, 'Batken'),
(2093, 118, 'Bishkek'),
(2094, 118, 'Chui'),
(2095, 118, 'Issyk-Kul'),
(2096, 118, 'Jalal-Abad'),
(2097, 118, 'Naryn'),
(2098, 118, 'Osh'),
(2099, 118, 'Talas'),
(2100, 119, 'Attopu'),
(2101, 119, 'Bokeo'),
(2102, 119, 'Bolikhamsay'),
(2103, 119, 'Champasak'),
(2104, 119, 'Houaphanh'),
(2105, 119, 'Khammouane'),
(2106, 119, 'Luang Nam Tha'),
(2107, 119, 'Luang Prabang'),
(2108, 119, 'Oudomxay'),
(2109, 119, 'Phongsaly'),
(2110, 119, 'Saravan'),
(2111, 119, 'Savannakhet'),
(2112, 119, 'Sekong'),
(2113, 119, 'Viangchan Prefecture'),
(2114, 119, 'Viangchan Province'),
(2115, 119, 'Xaignabury'),
(2116, 119, 'Xiang Khuang'),
(2117, 120, 'Aizkraukles'),
(2118, 120, 'Aluksnes'),
(2119, 120, 'Balvu'),
(2120, 120, 'Bauskas'),
(2121, 120, 'Cesu'),
(2122, 120, 'Daugavpils'),
(2123, 120, 'Daugavpils City'),
(2124, 120, 'Dobeles'),
(2125, 120, 'Gulbenes'),
(2126, 120, 'Jekabspils'),
(2127, 120, 'Jelgava'),
(2128, 120, 'Jelgavas'),
(2129, 120, 'Jurmala City'),
(2130, 120, 'Kraslavas'),
(2131, 120, 'Kuldigas'),
(2132, 120, 'Liepaja'),
(2133, 120, 'Liepajas'),
(2134, 120, 'Limbazhu'),
(2135, 120, 'Ludzas'),
(2136, 120, 'Madonas'),
(2137, 120, 'Ogres'),
(2138, 120, 'Preilu'),
(2139, 120, 'Rezekne'),
(2140, 120, 'Rezeknes'),
(2141, 120, 'Riga'),
(2142, 120, 'Rigas'),
(2143, 120, 'Saldus'),
(2144, 120, 'Talsu'),
(2145, 120, 'Tukuma'),
(2146, 120, 'Valkas'),
(2147, 120, 'Valmieras'),
(2148, 120, 'Ventspils'),
(2149, 120, 'Ventspils City'),
(2150, 121, 'Beirut'),
(2151, 121, 'Jabal Lubnan'),
(2152, 121, 'Mohafazat Liban-Nord'),
(2153, 121, 'Mohafazat Mont-Liban'),
(2154, 121, 'Sidon'),
(2155, 121, 'al-Biqa'),
(2156, 121, 'al-Janub'),
(2157, 121, 'an-Nabatiyah'),
(2158, 121, 'ash-Shamal'),
(2159, 122, 'Berea'),
(2160, 122, 'Butha-Buthe'),
(2161, 122, 'Leribe'),
(2162, 122, 'Mafeteng'),
(2163, 122, 'Maseru'),
(2164, 122, 'Mohale\'\'s Hoek'),
(2165, 122, 'Mokhotlong'),
(2166, 122, 'Qacha\'\'s Nek'),
(2167, 122, 'Quthing'),
(2168, 122, 'Thaba-Tseka'),
(2169, 123, 'Bomi'),
(2170, 123, 'Bong'),
(2171, 123, 'Grand Bassa'),
(2172, 123, 'Grand Cape Mount'),
(2173, 123, 'Grand Gedeh'),
(2174, 123, 'Loffa'),
(2175, 123, 'Margibi'),
(2176, 123, 'Maryland and Grand Kru'),
(2177, 123, 'Montserrado'),
(2178, 123, 'Nimba'),
(2179, 123, 'Rivercess'),
(2180, 123, 'Sinoe');
INSERT INTO `md_country_state` (`cs_id`, `cs_country_id`, `cs_name`) VALUES
(2181, 124, 'Ajdabiya'),
(2182, 124, 'Fezzan'),
(2183, 124, 'Banghazi'),
(2184, 124, 'Darnah'),
(2185, 124, 'Ghadamis'),
(2186, 124, 'Gharyan'),
(2187, 124, 'Misratah'),
(2188, 124, 'Murzuq'),
(2189, 124, 'Sabha'),
(2190, 124, 'Sawfajjin'),
(2191, 124, 'Surt'),
(2192, 124, 'Tarabulus'),
(2193, 124, 'Tarhunah'),
(2194, 124, 'Tripolitania'),
(2195, 124, 'Tubruq'),
(2196, 124, 'Yafran'),
(2197, 124, 'Zlitan'),
(2198, 124, 'al-\'\'Aziziyah'),
(2199, 124, 'al-Fatih'),
(2200, 124, 'al-Jabal al Akhdar'),
(2201, 124, 'al-Jufrah'),
(2202, 124, 'al-Khums'),
(2203, 124, 'al-Kufrah'),
(2204, 124, 'an-Nuqat al-Khams'),
(2205, 124, 'ash-Shati'),
(2206, 124, 'az-Zawiyah'),
(2207, 125, 'Balzers'),
(2208, 125, 'Eschen'),
(2209, 125, 'Gamprin'),
(2210, 125, 'Mauren'),
(2211, 125, 'Planken'),
(2212, 125, 'Ruggell'),
(2213, 125, 'Schaan'),
(2214, 125, 'Schellenberg'),
(2215, 125, 'Triesen'),
(2216, 125, 'Triesenberg'),
(2217, 125, 'Vaduz'),
(2218, 126, 'Alytaus'),
(2219, 126, 'Anyksciai'),
(2220, 126, 'Kauno'),
(2221, 126, 'Klaipedos'),
(2222, 126, 'Marijampoles'),
(2223, 126, 'Panevezhio'),
(2224, 126, 'Panevezys'),
(2225, 126, 'Shiauliu'),
(2226, 126, 'Taurages'),
(2227, 126, 'Telshiu'),
(2228, 126, 'Telsiai'),
(2229, 126, 'Utenos'),
(2230, 126, 'Vilniaus'),
(2231, 127, 'Capellen'),
(2232, 127, 'Clervaux'),
(2233, 127, 'Diekirch'),
(2234, 127, 'Echternach'),
(2235, 127, 'Esch-sur-Alzette'),
(2236, 127, 'Grevenmacher'),
(2237, 127, 'Luxembourg'),
(2238, 127, 'Mersch'),
(2239, 127, 'Redange'),
(2240, 127, 'Remich'),
(2241, 127, 'Vianden'),
(2242, 127, 'Wiltz'),
(2243, 128, 'Macau'),
(2244, 129, 'Berovo'),
(2245, 129, 'Bitola'),
(2246, 129, 'Brod'),
(2247, 129, 'Debar'),
(2248, 129, 'Delchevo'),
(2249, 129, 'Demir Hisar'),
(2250, 129, 'Gevgelija'),
(2251, 129, 'Gostivar'),
(2252, 129, 'Kavadarci'),
(2253, 129, 'Kichevo'),
(2254, 129, 'Kochani'),
(2255, 129, 'Kratovo'),
(2256, 129, 'Kriva Palanka'),
(2257, 129, 'Krushevo'),
(2258, 129, 'Kumanovo'),
(2259, 129, 'Negotino'),
(2260, 129, 'Ohrid'),
(2261, 129, 'Prilep'),
(2262, 129, 'Probishtip'),
(2263, 129, 'Radovish'),
(2264, 129, 'Resen'),
(2265, 129, 'Shtip'),
(2266, 129, 'Skopje'),
(2267, 129, 'Struga'),
(2268, 129, 'Strumica'),
(2269, 129, 'Sveti Nikole'),
(2270, 129, 'Tetovo'),
(2271, 129, 'Valandovo'),
(2272, 129, 'Veles'),
(2273, 129, 'Vinica'),
(2274, 130, 'Antananarivo'),
(2275, 130, 'Antsiranana'),
(2276, 130, 'Fianarantsoa'),
(2277, 130, 'Mahajanga'),
(2278, 130, 'Toamasina'),
(2279, 130, 'Toliary'),
(2280, 131, 'Balaka'),
(2281, 131, 'Blantyre City'),
(2282, 131, 'Chikwawa'),
(2283, 131, 'Chiradzulu'),
(2284, 131, 'Chitipa'),
(2285, 131, 'Dedza'),
(2286, 131, 'Dowa'),
(2287, 131, 'Karonga'),
(2288, 131, 'Kasungu'),
(2289, 131, 'Lilongwe City'),
(2290, 131, 'Machinga'),
(2291, 131, 'Mangochi'),
(2292, 131, 'Mchinji'),
(2293, 131, 'Mulanje'),
(2294, 131, 'Mwanza'),
(2295, 131, 'Mzimba'),
(2296, 131, 'Mzuzu City'),
(2297, 131, 'Nkhata Bay'),
(2298, 131, 'Nkhotakota'),
(2299, 131, 'Nsanje'),
(2300, 131, 'Ntcheu'),
(2301, 131, 'Ntchisi'),
(2302, 131, 'Phalombe'),
(2303, 131, 'Rumphi'),
(2304, 131, 'Salima'),
(2305, 131, 'Thyolo'),
(2306, 131, 'Zomba Municipality'),
(2307, 132, 'Johor'),
(2308, 132, 'Kedah'),
(2309, 132, 'Kelantan'),
(2310, 132, 'Kuala Lumpur'),
(2311, 132, 'Labuan'),
(2312, 132, 'Melaka'),
(2313, 132, 'Negeri Johor'),
(2314, 132, 'Negeri Sembilan'),
(2315, 132, 'Pahang'),
(2316, 132, 'Penang'),
(2317, 132, 'Perak'),
(2318, 132, 'Perlis'),
(2319, 132, 'Pulau Pinang'),
(2320, 132, 'Sabah'),
(2321, 132, 'Sarawak'),
(2322, 132, 'Selangor'),
(2323, 132, 'Sembilan'),
(2324, 132, 'Terengganu'),
(2325, 133, 'Alif Alif'),
(2326, 133, 'Alif Dhaal'),
(2327, 133, 'Baa'),
(2328, 133, 'Dhaal'),
(2329, 133, 'Faaf'),
(2330, 133, 'Gaaf Alif'),
(2331, 133, 'Gaaf Dhaal'),
(2332, 133, 'Ghaviyani'),
(2333, 133, 'Haa Alif'),
(2334, 133, 'Haa Dhaal'),
(2335, 133, 'Kaaf'),
(2336, 133, 'Laam'),
(2337, 133, 'Lhaviyani'),
(2338, 133, 'Male'),
(2339, 133, 'Miim'),
(2340, 133, 'Nuun'),
(2341, 133, 'Raa'),
(2342, 133, 'Shaviyani'),
(2343, 133, 'Siin'),
(2344, 133, 'Thaa'),
(2345, 133, 'Vaav'),
(2346, 134, 'Bamako'),
(2347, 134, 'Gao'),
(2348, 134, 'Kayes'),
(2349, 134, 'Kidal'),
(2350, 134, 'Koulikoro'),
(2351, 134, 'Mopti'),
(2352, 134, 'Segou'),
(2353, 134, 'Sikasso'),
(2354, 134, 'Tombouctou'),
(2355, 135, 'Gozo and Comino'),
(2356, 135, 'Inner Harbour'),
(2357, 135, 'Northern'),
(2358, 135, 'Outer Harbour'),
(2359, 135, 'South Eastern'),
(2360, 135, 'Valletta'),
(2361, 135, 'Western'),
(2362, 136, 'Castletown'),
(2363, 136, 'Douglas'),
(2364, 136, 'Laxey'),
(2365, 136, 'Onchan'),
(2366, 136, 'Peel'),
(2367, 136, 'Port Erin'),
(2368, 136, 'Port Saint Mary'),
(2369, 136, 'Ramsey'),
(2370, 137, 'Ailinlaplap'),
(2371, 137, 'Ailuk'),
(2372, 137, 'Arno'),
(2373, 137, 'Aur'),
(2374, 137, 'Bikini'),
(2375, 137, 'Ebon'),
(2376, 137, 'Enewetak'),
(2377, 137, 'Jabat'),
(2378, 137, 'Jaluit'),
(2379, 137, 'Kili'),
(2380, 137, 'Kwajalein'),
(2381, 137, 'Lae'),
(2382, 137, 'Lib'),
(2383, 137, 'Likiep'),
(2384, 137, 'Majuro'),
(2385, 137, 'Maloelap'),
(2386, 137, 'Mejit'),
(2387, 137, 'Mili'),
(2388, 137, 'Namorik'),
(2389, 137, 'Namu'),
(2390, 137, 'Rongelap'),
(2391, 137, 'Ujae'),
(2392, 137, 'Utrik'),
(2393, 137, 'Wotho'),
(2394, 137, 'Wotje'),
(2395, 138, 'Fort-de-France'),
(2396, 138, 'La Trinite'),
(2397, 138, 'Le Marin'),
(2398, 138, 'Saint-Pierre'),
(2399, 139, 'Adrar'),
(2400, 139, 'Assaba'),
(2401, 139, 'Brakna'),
(2402, 139, 'Dhakhlat Nawadibu'),
(2403, 139, 'Hudh-al-Gharbi'),
(2404, 139, 'Hudh-ash-Sharqi'),
(2405, 139, 'Inshiri'),
(2406, 139, 'Nawakshut'),
(2407, 139, 'Qidimagha'),
(2408, 139, 'Qurqul'),
(2409, 139, 'Taqant'),
(2410, 139, 'Tiris Zammur'),
(2411, 139, 'Trarza'),
(2412, 140, 'Black River'),
(2413, 140, 'Eau Coulee'),
(2414, 140, 'Flacq'),
(2415, 140, 'Floreal'),
(2416, 140, 'Grand Port'),
(2417, 140, 'Moka'),
(2418, 140, 'Pamplempousses'),
(2419, 140, 'Plaines Wilhelm'),
(2420, 140, 'Port Louis'),
(2421, 140, 'Riviere du Rempart'),
(2422, 140, 'Rodrigues'),
(2423, 140, 'Rose Hill'),
(2424, 140, 'Savanne'),
(2425, 141, 'Mayotte'),
(2426, 141, 'Pamanzi'),
(2427, 142, 'Aguascalientes'),
(2428, 142, 'Baja California'),
(2429, 142, 'Baja California Sur'),
(2430, 142, 'Campeche'),
(2431, 142, 'Chiapas'),
(2432, 142, 'Chihuahua'),
(2433, 142, 'Coahuila'),
(2434, 142, 'Colima'),
(2435, 142, 'Distrito Federal'),
(2436, 142, 'Durango'),
(2437, 142, 'Estado de Mexico'),
(2438, 142, 'Guanajuato'),
(2439, 142, 'Guerrero'),
(2440, 142, 'Hidalgo'),
(2441, 142, 'Jalisco'),
(2442, 142, 'Mexico'),
(2443, 142, 'Michoacan'),
(2444, 142, 'Morelos'),
(2445, 142, 'Nayarit'),
(2446, 142, 'Nuevo Leon'),
(2447, 142, 'Oaxaca'),
(2448, 142, 'Puebla'),
(2449, 142, 'Queretaro'),
(2450, 142, 'Quintana Roo'),
(2451, 142, 'San Luis Potosi'),
(2452, 142, 'Sinaloa'),
(2453, 142, 'Sonora'),
(2454, 142, 'Tabasco'),
(2455, 142, 'Tamaulipas'),
(2456, 142, 'Tlaxcala'),
(2457, 142, 'Veracruz'),
(2458, 142, 'Yucatan'),
(2459, 142, 'Zacatecas'),
(2460, 143, 'Chuuk'),
(2461, 143, 'Kusaie'),
(2462, 143, 'Pohnpei'),
(2463, 143, 'Yap'),
(2464, 144, 'Balti'),
(2465, 144, 'Cahul'),
(2466, 144, 'Chisinau'),
(2467, 144, 'Chisinau Oras'),
(2468, 144, 'Edinet'),
(2469, 144, 'Gagauzia'),
(2470, 144, 'Lapusna'),
(2471, 144, 'Orhei'),
(2472, 144, 'Soroca'),
(2473, 144, 'Taraclia'),
(2474, 144, 'Tighina'),
(2475, 144, 'Transnistria'),
(2476, 144, 'Ungheni'),
(2477, 145, 'Fontvieille'),
(2478, 145, 'La Condamine'),
(2479, 145, 'Monaco-Ville'),
(2480, 145, 'Monte Carlo'),
(2481, 146, 'Arhangaj'),
(2482, 146, 'Bajan-Olgij'),
(2483, 146, 'Bajanhongor'),
(2484, 146, 'Bulgan'),
(2485, 146, 'Darhan-Uul'),
(2486, 146, 'Dornod'),
(2487, 146, 'Dornogovi'),
(2488, 146, 'Dundgovi'),
(2489, 146, 'Govi-Altaj'),
(2490, 146, 'Govisumber'),
(2491, 146, 'Hentij'),
(2492, 146, 'Hovd'),
(2493, 146, 'Hovsgol'),
(2494, 146, 'Omnogovi'),
(2495, 146, 'Orhon'),
(2496, 146, 'Ovorhangaj'),
(2497, 146, 'Selenge'),
(2498, 146, 'Suhbaatar'),
(2499, 146, 'Tov'),
(2500, 146, 'Ulaanbaatar'),
(2501, 146, 'Uvs'),
(2502, 146, 'Zavhan'),
(2503, 147, 'Montserrat'),
(2504, 148, 'Agadir'),
(2505, 148, 'Casablanca'),
(2506, 148, 'Chaouia-Ouardigha'),
(2507, 148, 'Doukkala-Abda'),
(2508, 148, 'Fes-Boulemane'),
(2509, 148, 'Gharb-Chrarda-Beni Hssen'),
(2510, 148, 'Guelmim'),
(2511, 148, 'Kenitra'),
(2512, 148, 'Marrakech-Tensift-Al Haouz'),
(2513, 148, 'Meknes-Tafilalet'),
(2514, 148, 'Oriental'),
(2515, 148, 'Oujda'),
(2516, 148, 'Province de Tanger'),
(2517, 148, 'Rabat-Sale-Zammour-Zaer'),
(2518, 148, 'Sala Al Jadida'),
(2519, 148, 'Settat'),
(2520, 148, 'Souss Massa-Draa'),
(2521, 148, 'Tadla-Azilal'),
(2522, 148, 'Tangier-Tetouan'),
(2523, 148, 'Taza-Al Hoceima-Taounate'),
(2524, 148, 'Wilaya de Casablanca'),
(2525, 148, 'Wilaya de Rabat-Sale'),
(2526, 149, 'Cabo Delgado'),
(2527, 149, 'Gaza'),
(2528, 149, 'Inhambane'),
(2529, 149, 'Manica'),
(2530, 149, 'Maputo'),
(2531, 149, 'Maputo Provincia'),
(2532, 149, 'Nampula'),
(2533, 149, 'Niassa'),
(2534, 149, 'Sofala'),
(2535, 149, 'Tete'),
(2536, 149, 'Zambezia'),
(2537, 150, 'Ayeyarwady'),
(2538, 150, 'Bago'),
(2539, 150, 'Chin'),
(2540, 150, 'Kachin'),
(2541, 150, 'Kayah'),
(2542, 150, 'Kayin'),
(2543, 150, 'Magway'),
(2544, 150, 'Mandalay'),
(2545, 150, 'Mon'),
(2546, 150, 'Nay Pyi Taw'),
(2547, 150, 'Rakhine'),
(2548, 150, 'Sagaing'),
(2549, 150, 'Shan'),
(2550, 150, 'Tanintharyi'),
(2551, 150, 'Yangon'),
(2552, 151, 'Caprivi'),
(2553, 151, 'Erongo'),
(2554, 151, 'Hardap'),
(2555, 151, 'Karas'),
(2556, 151, 'Kavango'),
(2557, 151, 'Khomas'),
(2558, 151, 'Kunene'),
(2559, 151, 'Ohangwena'),
(2560, 151, 'Omaheke'),
(2561, 151, 'Omusati'),
(2562, 151, 'Oshana'),
(2563, 151, 'Oshikoto'),
(2564, 151, 'Otjozondjupa'),
(2565, 152, 'Yaren'),
(2566, 153, 'Bagmati'),
(2567, 153, 'Bheri'),
(2568, 153, 'Dhawalagiri'),
(2569, 153, 'Gandaki'),
(2570, 153, 'Janakpur'),
(2571, 153, 'Karnali'),
(2572, 153, 'Koshi'),
(2573, 153, 'Lumbini'),
(2574, 153, 'Mahakali'),
(2575, 153, 'Mechi'),
(2576, 153, 'Narayani'),
(2577, 153, 'Rapti'),
(2578, 153, 'Sagarmatha'),
(2579, 153, 'Seti'),
(2580, 154, 'Bonaire'),
(2581, 154, 'Curacao'),
(2582, 154, 'Saba'),
(2583, 154, 'Sint Eustatius'),
(2584, 154, 'Sint Maarten'),
(2585, 155, 'Amsterdam'),
(2586, 155, 'Benelux'),
(2587, 155, 'Drenthe'),
(2588, 155, 'Flevoland'),
(2589, 155, 'Friesland'),
(2590, 155, 'Gelderland'),
(2591, 155, 'Groningen'),
(2592, 155, 'Limburg'),
(2593, 155, 'Noord-Brabant'),
(2594, 155, 'Noord-Holland'),
(2595, 155, 'Overijssel'),
(2596, 155, 'South Holland'),
(2597, 155, 'Utrecht'),
(2598, 155, 'Zeeland'),
(2599, 155, 'Zuid-Holland'),
(2600, 156, 'Iles'),
(2601, 156, 'Nord'),
(2602, 156, 'Sud'),
(2603, 157, 'Area Outside Region'),
(2604, 157, 'Auckland'),
(2605, 157, 'Bay of Plenty'),
(2606, 157, 'Canterbury'),
(2607, 157, 'Christchurch'),
(2608, 157, 'Gisborne'),
(2609, 157, 'Hawke\'\'s Bay'),
(2610, 157, 'Manawatu-Wanganui'),
(2611, 157, 'Marlborough'),
(2612, 157, 'Nelson'),
(2613, 157, 'Northland'),
(2614, 157, 'Otago'),
(2615, 157, 'Rodney'),
(2616, 157, 'Southland'),
(2617, 157, 'Taranaki'),
(2618, 157, 'Tasman'),
(2619, 157, 'Waikato'),
(2620, 157, 'Wellington'),
(2621, 157, 'West Coast'),
(2622, 158, 'Atlantico Norte'),
(2623, 158, 'Atlantico Sur'),
(2624, 158, 'Boaco'),
(2625, 158, 'Carazo'),
(2626, 158, 'Chinandega'),
(2627, 158, 'Chontales'),
(2628, 158, 'Esteli'),
(2629, 158, 'Granada'),
(2630, 158, 'Jinotega'),
(2631, 158, 'Leon'),
(2632, 158, 'Madriz'),
(2633, 158, 'Managua'),
(2634, 158, 'Masaya'),
(2635, 158, 'Matagalpa'),
(2636, 158, 'Nueva Segovia'),
(2637, 158, 'Rio San Juan'),
(2638, 158, 'Rivas'),
(2639, 159, 'Agadez'),
(2640, 159, 'Diffa'),
(2641, 159, 'Dosso'),
(2642, 159, 'Maradi'),
(2643, 159, 'Niamey'),
(2644, 159, 'Tahoua'),
(2645, 159, 'Tillabery'),
(2646, 159, 'Zinder'),
(2647, 160, 'Abia'),
(2648, 160, 'Abuja Federal Capital Territor'),
(2649, 160, 'Adamawa'),
(2650, 160, 'Akwa Ibom'),
(2651, 160, 'Anambra'),
(2652, 160, 'Bauchi'),
(2653, 160, 'Bayelsa'),
(2654, 160, 'Benue'),
(2655, 160, 'Borno'),
(2656, 160, 'Cross River'),
(2657, 160, 'Delta'),
(2658, 160, 'Ebonyi'),
(2659, 160, 'Edo'),
(2660, 160, 'Ekiti'),
(2661, 160, 'Enugu'),
(2662, 160, 'Gombe'),
(2663, 160, 'Imo'),
(2664, 160, 'Jigawa'),
(2665, 160, 'Kaduna'),
(2666, 160, 'Kano'),
(2667, 160, 'Katsina'),
(2668, 160, 'Kebbi'),
(2669, 160, 'Kogi'),
(2670, 160, 'Kwara'),
(2671, 160, 'Lagos'),
(2672, 160, 'Nassarawa'),
(2673, 160, 'Niger'),
(2674, 160, 'Ogun'),
(2675, 160, 'Ondo'),
(2676, 160, 'Osun'),
(2677, 160, 'Oyo'),
(2678, 160, 'Plateau'),
(2679, 160, 'Rivers'),
(2680, 160, 'Sokoto'),
(2681, 160, 'Taraba'),
(2682, 160, 'Yobe'),
(2683, 160, 'Zamfara'),
(2684, 161, 'Niue'),
(2685, 162, 'Norfolk Island'),
(2686, 163, 'Northern Islands'),
(2687, 163, 'Rota'),
(2688, 163, 'Saipan'),
(2689, 163, 'Tinian'),
(2690, 164, 'Akershus'),
(2691, 164, 'Aust Agder'),
(2692, 164, 'Bergen'),
(2693, 164, 'Buskerud'),
(2694, 164, 'Finnmark'),
(2695, 164, 'Hedmark'),
(2696, 164, 'Hordaland'),
(2697, 164, 'Moere og Romsdal'),
(2698, 164, 'Nord Trondelag'),
(2699, 164, 'Nordland'),
(2700, 164, 'Oestfold'),
(2701, 164, 'Oppland'),
(2702, 164, 'Oslo'),
(2703, 164, 'Rogaland'),
(2704, 164, 'Soer Troendelag'),
(2705, 164, 'Sogn og Fjordane'),
(2706, 164, 'Stavern'),
(2707, 164, 'Sykkylven'),
(2708, 164, 'Telemark'),
(2709, 164, 'Troms'),
(2710, 164, 'Vest Agder'),
(2711, 164, 'Vestfold'),
(2712, 164, 'stfold'),
(2713, 165, 'Al Buraimi'),
(2714, 165, 'Dhufar'),
(2715, 165, 'Masqat'),
(2716, 165, 'Musandam'),
(2717, 165, 'Rusayl'),
(2718, 165, 'Wadi Kabir'),
(2719, 165, 'ad-Dakhiliyah'),
(2720, 165, 'adh-Dhahirah'),
(2721, 165, 'al-Batinah'),
(2722, 165, 'ash-Sharqiyah'),
(2723, 166, 'Baluchistan'),
(2724, 166, 'Federal Capital Area'),
(2725, 166, 'Federally administered Tribal'),
(2726, 166, 'North-West Frontier'),
(2727, 166, 'Northern Areas'),
(2728, 166, 'Punjab'),
(2729, 166, 'Sind'),
(2730, 167, 'Aimeliik'),
(2731, 167, 'Airai'),
(2732, 167, 'Angaur'),
(2733, 167, 'Hatobohei'),
(2734, 167, 'Kayangel'),
(2735, 167, 'Koror'),
(2736, 167, 'Melekeok'),
(2737, 167, 'Ngaraard'),
(2738, 167, 'Ngardmau'),
(2739, 167, 'Ngaremlengui'),
(2740, 167, 'Ngatpang'),
(2741, 167, 'Ngchesar'),
(2742, 167, 'Ngerchelong'),
(2743, 167, 'Ngiwal'),
(2744, 167, 'Peleliu'),
(2745, 167, 'Sonsorol'),
(2746, 168, 'Ariha'),
(2747, 168, 'Bayt Lahm'),
(2748, 168, 'Bethlehem'),
(2749, 168, 'Dayr-al-Balah'),
(2750, 168, 'Ghazzah'),
(2751, 168, 'Ghazzah ash-Shamaliyah'),
(2752, 168, 'Janin'),
(2753, 168, 'Khan Yunis'),
(2754, 168, 'Nabulus'),
(2755, 168, 'Qalqilyah'),
(2756, 168, 'Rafah'),
(2757, 168, 'Ram Allah wal-Birah'),
(2758, 168, 'Salfit'),
(2759, 168, 'Tubas'),
(2760, 168, 'Tulkarm'),
(2761, 168, 'al-Khalil'),
(2762, 168, 'al-Quds'),
(2763, 169, 'Bocas del Toro'),
(2764, 169, 'Chiriqui'),
(2765, 169, 'Cocle'),
(2766, 169, 'Colon'),
(2767, 169, 'Darien'),
(2768, 169, 'Embera'),
(2769, 169, 'Herrera'),
(2770, 169, 'Kuna Yala'),
(2771, 169, 'Los Santos'),
(2772, 169, 'Ngobe Bugle'),
(2773, 169, 'Panama'),
(2774, 169, 'Veraguas'),
(2775, 170, 'East New Britain'),
(2776, 170, 'East Sepik'),
(2777, 170, 'Eastern Highlands'),
(2778, 170, 'Enga'),
(2779, 170, 'Fly River'),
(2780, 170, 'Gulf'),
(2781, 170, 'Madang'),
(2782, 170, 'Manus'),
(2783, 170, 'Milne Bay'),
(2784, 170, 'Morobe'),
(2785, 170, 'National Capital District'),
(2786, 170, 'New Ireland'),
(2787, 170, 'North Solomons'),
(2788, 170, 'Oro'),
(2789, 170, 'Sandaun'),
(2790, 170, 'Simbu'),
(2791, 170, 'Southern Highlands'),
(2792, 170, 'West New Britain'),
(2793, 170, 'Western Highlands'),
(2794, 171, 'Alto Paraguay'),
(2795, 171, 'Alto Parana'),
(2796, 171, 'Amambay'),
(2797, 171, 'Asuncion'),
(2798, 171, 'Boqueron'),
(2799, 171, 'Caaguazu'),
(2800, 171, 'Caazapa'),
(2801, 171, 'Canendiyu'),
(2802, 171, 'Central'),
(2803, 171, 'Concepcion'),
(2804, 171, 'Cordillera'),
(2805, 171, 'Guaira'),
(2806, 171, 'Itapua'),
(2807, 171, 'Misiones'),
(2808, 171, 'Neembucu'),
(2809, 171, 'Paraguari'),
(2810, 171, 'Presidente Hayes'),
(2811, 171, 'San Pedro'),
(2812, 172, 'Amazonas'),
(2813, 172, 'Ancash'),
(2814, 172, 'Apurimac'),
(2815, 172, 'Arequipa'),
(2816, 172, 'Ayacucho'),
(2817, 172, 'Cajamarca'),
(2818, 172, 'Cusco'),
(2819, 172, 'Huancavelica'),
(2820, 172, 'Huanuco'),
(2821, 172, 'Ica'),
(2822, 172, 'Junin'),
(2823, 172, 'La Libertad'),
(2824, 172, 'Lambayeque'),
(2825, 172, 'Lima y Callao'),
(2826, 172, 'Loreto'),
(2827, 172, 'Madre de Dios'),
(2828, 172, 'Moquegua'),
(2829, 172, 'Pasco'),
(2830, 172, 'Piura'),
(2831, 172, 'Puno'),
(2832, 172, 'San Martin'),
(2833, 172, 'Tacna'),
(2834, 172, 'Tumbes'),
(2835, 172, 'Ucayali'),
(2836, 173, 'Batangas'),
(2837, 173, 'Bicol'),
(2838, 173, 'Bulacan'),
(2839, 173, 'Cagayan'),
(2840, 173, 'Caraga'),
(2841, 173, 'Central Luzon'),
(2842, 173, 'Central Mindanao'),
(2843, 173, 'Central Visayas'),
(2844, 173, 'Cordillera'),
(2845, 173, 'Davao'),
(2846, 173, 'Eastern Visayas'),
(2847, 173, 'Greater Metropolitan Area'),
(2848, 173, 'Ilocos'),
(2849, 173, 'Laguna'),
(2850, 173, 'Luzon'),
(2851, 173, 'Mactan'),
(2852, 173, 'Metropolitan Manila Area'),
(2853, 173, 'Muslim Mindanao'),
(2854, 173, 'Northern Mindanao'),
(2855, 173, 'Southern Mindanao'),
(2856, 173, 'Southern Tagalog'),
(2857, 173, 'Western Mindanao'),
(2858, 173, 'Western Visayas'),
(2859, 174, 'Pitcairn Island'),
(2860, 175, 'Biale Blota'),
(2861, 175, 'Dobroszyce'),
(2862, 175, 'Dolnoslaskie'),
(2863, 175, 'Dziekanow Lesny'),
(2864, 175, 'Hopowo'),
(2865, 175, 'Kartuzy'),
(2866, 175, 'Koscian'),
(2867, 175, 'Krakow'),
(2868, 175, 'Kujawsko-Pomorskie'),
(2869, 175, 'Lodzkie'),
(2870, 175, 'Lubelskie'),
(2871, 175, 'Lubuskie'),
(2872, 175, 'Malomice'),
(2873, 175, 'Malopolskie'),
(2874, 175, 'Mazowieckie'),
(2875, 175, 'Mirkow'),
(2876, 175, 'Opolskie'),
(2877, 175, 'Ostrowiec'),
(2878, 175, 'Podkarpackie'),
(2879, 175, 'Podlaskie'),
(2880, 175, 'Polska'),
(2881, 175, 'Pomorskie'),
(2882, 175, 'Poznan'),
(2883, 175, 'Pruszkow'),
(2884, 175, 'Rymanowska'),
(2885, 175, 'Rzeszow'),
(2886, 175, 'Slaskie'),
(2887, 175, 'Stare Pole'),
(2888, 175, 'Swietokrzyskie'),
(2889, 175, 'Warminsko-Mazurskie'),
(2890, 175, 'Warsaw'),
(2891, 175, 'Wejherowo'),
(2892, 175, 'Wielkopolskie'),
(2893, 175, 'Wroclaw'),
(2894, 175, 'Zachodnio-Pomorskie'),
(2895, 175, 'Zukowo'),
(2896, 176, 'Abrantes'),
(2897, 176, 'Acores'),
(2898, 176, 'Alentejo'),
(2899, 176, 'Algarve'),
(2900, 176, 'Braga'),
(2901, 176, 'Centro'),
(2902, 176, 'Distrito de Leiria'),
(2903, 176, 'Distrito de Viana do Castelo'),
(2904, 176, 'Distrito de Vila Real'),
(2905, 176, 'Distrito do Porto'),
(2906, 176, 'Lisboa e Vale do Tejo'),
(2907, 176, 'Madeira'),
(2908, 176, 'Norte'),
(2909, 176, 'Paivas'),
(2910, 177, 'Arecibo'),
(2911, 177, 'Bayamon'),
(2912, 177, 'Carolina'),
(2913, 177, 'Florida'),
(2914, 177, 'Guayama'),
(2915, 177, 'Humacao'),
(2916, 177, 'Mayaguez-Aguadilla'),
(2917, 177, 'Ponce'),
(2918, 177, 'Salinas'),
(2919, 177, 'San Juan'),
(2920, 178, 'Doha'),
(2921, 178, 'Jarian-al-Batnah'),
(2922, 178, 'Umm Salal'),
(2923, 178, 'ad-Dawhah'),
(2924, 178, 'al-Ghuwayriyah'),
(2925, 178, 'al-Jumayliyah'),
(2926, 178, 'al-Khawr'),
(2927, 178, 'al-Wakrah'),
(2928, 178, 'ar-Rayyan'),
(2929, 178, 'ash-Shamal'),
(2930, 179, 'Saint-Benoit'),
(2931, 179, 'Saint-Denis'),
(2932, 179, 'Saint-Paul'),
(2933, 179, 'Saint-Pierre'),
(2934, 180, 'Alba'),
(2935, 180, 'Arad'),
(2936, 180, 'Arges'),
(2937, 180, 'Bacau'),
(2938, 180, 'Bihor'),
(2939, 180, 'Bistrita-Nasaud'),
(2940, 180, 'Botosani'),
(2941, 180, 'Braila'),
(2942, 180, 'Brasov'),
(2943, 180, 'Bucuresti'),
(2944, 180, 'Buzau'),
(2945, 180, 'Calarasi'),
(2946, 180, 'Caras-Severin'),
(2947, 180, 'Cluj'),
(2948, 180, 'Constanta'),
(2949, 180, 'Covasna'),
(2950, 180, 'Dambovita'),
(2951, 180, 'Dolj'),
(2952, 180, 'Galati'),
(2953, 180, 'Giurgiu'),
(2954, 180, 'Gorj'),
(2955, 180, 'Harghita'),
(2956, 180, 'Hunedoara'),
(2957, 180, 'Ialomita'),
(2958, 180, 'Iasi'),
(2959, 180, 'Ilfov'),
(2960, 180, 'Maramures'),
(2961, 180, 'Mehedinti'),
(2962, 180, 'Mures'),
(2963, 180, 'Neamt'),
(2964, 180, 'Olt'),
(2965, 180, 'Prahova'),
(2966, 180, 'Salaj'),
(2967, 180, 'Satu Mare'),
(2968, 180, 'Sibiu'),
(2969, 180, 'Sondelor'),
(2970, 180, 'Suceava'),
(2971, 180, 'Teleorman'),
(2972, 180, 'Timis'),
(2973, 180, 'Tulcea'),
(2974, 180, 'Valcea'),
(2975, 180, 'Vaslui'),
(2976, 180, 'Vrancea'),
(2977, 181, 'Adygeja'),
(2978, 181, 'Aga'),
(2979, 181, 'Alanija'),
(2980, 181, 'Altaj'),
(2981, 181, 'Amur'),
(2982, 181, 'Arhangelsk'),
(2983, 181, 'Astrahan'),
(2984, 181, 'Bashkortostan'),
(2985, 181, 'Belgorod'),
(2986, 181, 'Brjansk'),
(2987, 181, 'Burjatija'),
(2988, 181, 'Chechenija'),
(2989, 181, 'Cheljabinsk'),
(2990, 181, 'Chita'),
(2991, 181, 'Chukotka'),
(2992, 181, 'Chuvashija'),
(2993, 181, 'Dagestan'),
(2994, 181, 'Evenkija'),
(2995, 181, 'Gorno-Altaj'),
(2996, 181, 'Habarovsk'),
(2997, 181, 'Hakasija'),
(2998, 181, 'Hanty-Mansija'),
(2999, 181, 'Ingusetija'),
(3000, 181, 'Irkutsk'),
(3001, 181, 'Ivanovo'),
(3002, 181, 'Jamalo-Nenets'),
(3003, 181, 'Jaroslavl'),
(3004, 181, 'Jevrej'),
(3005, 181, 'Kabardino-Balkarija'),
(3006, 181, 'Kaliningrad'),
(3007, 181, 'Kalmykija'),
(3008, 181, 'Kaluga'),
(3009, 181, 'Kamchatka'),
(3010, 181, 'Karachaj-Cherkessija'),
(3011, 181, 'Karelija'),
(3012, 181, 'Kemerovo'),
(3013, 181, 'Khabarovskiy Kray'),
(3014, 181, 'Kirov'),
(3015, 181, 'Komi'),
(3016, 181, 'Komi-Permjakija'),
(3017, 181, 'Korjakija'),
(3018, 181, 'Kostroma'),
(3019, 181, 'Krasnodar'),
(3020, 181, 'Krasnojarsk'),
(3021, 181, 'Krasnoyarskiy Kray'),
(3022, 181, 'Kurgan'),
(3023, 181, 'Kursk'),
(3024, 181, 'Leningrad'),
(3025, 181, 'Lipeck'),
(3026, 181, 'Magadan'),
(3027, 181, 'Marij El'),
(3028, 181, 'Mordovija'),
(3029, 181, 'Moscow'),
(3030, 181, 'Moskovskaja Oblast'),
(3031, 181, 'Moskovskaya Oblast'),
(3032, 181, 'Moskva'),
(3033, 181, 'Murmansk'),
(3034, 181, 'Nenets'),
(3035, 181, 'Nizhnij Novgorod'),
(3036, 181, 'Novgorod'),
(3037, 181, 'Novokusnezk'),
(3038, 181, 'Novosibirsk'),
(3039, 181, 'Omsk'),
(3040, 181, 'Orenburg'),
(3041, 181, 'Orjol'),
(3042, 181, 'Penza'),
(3043, 181, 'Perm'),
(3044, 181, 'Primorje'),
(3045, 181, 'Pskov'),
(3046, 181, 'Pskovskaya Oblast'),
(3047, 181, 'Rjazan'),
(3048, 181, 'Rostov'),
(3049, 181, 'Saha'),
(3050, 181, 'Sahalin'),
(3051, 181, 'Samara'),
(3052, 181, 'Samarskaya'),
(3053, 181, 'Sankt-Peterburg'),
(3054, 181, 'Saratov'),
(3055, 181, 'Smolensk'),
(3056, 181, 'Stavropol'),
(3057, 181, 'Sverdlovsk'),
(3058, 181, 'Tajmyrija'),
(3059, 181, 'Tambov'),
(3060, 181, 'Tatarstan'),
(3061, 181, 'Tjumen'),
(3062, 181, 'Tomsk'),
(3063, 181, 'Tula'),
(3064, 181, 'Tver'),
(3065, 181, 'Tyva'),
(3066, 181, 'Udmurtija'),
(3067, 181, 'Uljanovsk'),
(3068, 181, 'Ulyanovskaya Oblast'),
(3069, 181, 'Ust-Orda'),
(3070, 181, 'Vladimir'),
(3071, 181, 'Volgograd'),
(3072, 181, 'Vologda'),
(3073, 181, 'Voronezh'),
(3074, 182, 'Butare'),
(3075, 182, 'Byumba'),
(3076, 182, 'Cyangugu'),
(3077, 182, 'Gikongoro'),
(3078, 182, 'Gisenyi'),
(3079, 182, 'Gitarama'),
(3080, 182, 'Kibungo'),
(3081, 182, 'Kibuye'),
(3082, 182, 'Kigali-ngali'),
(3083, 182, 'Ruhengeri'),
(3084, 183, 'Ascension'),
(3085, 183, 'Gough Island'),
(3086, 183, 'Saint Helena'),
(3087, 183, 'Tristan da Cunha'),
(3088, 184, 'Christ Church Nichola Town'),
(3089, 184, 'Saint Anne Sandy Point'),
(3090, 184, 'Saint George Basseterre'),
(3091, 184, 'Saint George Gingerland'),
(3092, 184, 'Saint James Windward'),
(3093, 184, 'Saint John Capesterre'),
(3094, 184, 'Saint John Figtree'),
(3095, 184, 'Saint Mary Cayon'),
(3096, 184, 'Saint Paul Capesterre'),
(3097, 184, 'Saint Paul Charlestown'),
(3098, 184, 'Saint Peter Basseterre'),
(3099, 184, 'Saint Thomas Lowland'),
(3100, 184, 'Saint Thomas Middle Island'),
(3101, 184, 'Trinity Palmetto Point'),
(3102, 185, 'Anse-la-Raye'),
(3103, 185, 'Canaries'),
(3104, 185, 'Castries'),
(3105, 185, 'Choiseul'),
(3106, 185, 'Dennery'),
(3107, 185, 'Gros Inlet'),
(3108, 185, 'Laborie'),
(3109, 185, 'Micoud'),
(3110, 185, 'Soufriere'),
(3111, 185, 'Vieux Fort'),
(3112, 186, 'Miquelon-Langlade'),
(3113, 186, 'Saint-Pierre'),
(3114, 187, 'Charlotte'),
(3115, 187, 'Grenadines'),
(3116, 187, 'Saint Andrew'),
(3117, 187, 'Saint David'),
(3118, 187, 'Saint George'),
(3119, 187, 'Saint Patrick'),
(3120, 188, 'A\'\'ana'),
(3121, 188, 'Aiga-i-le-Tai'),
(3122, 188, 'Atua'),
(3123, 188, 'Fa\'\'asaleleaga'),
(3124, 188, 'Gaga\'\'emauga'),
(3125, 188, 'Gagaifomauga'),
(3126, 188, 'Palauli'),
(3127, 188, 'Satupa\'\'itea'),
(3128, 188, 'Tuamasaga'),
(3129, 188, 'Va\'\'a-o-Fonoti'),
(3130, 188, 'Vaisigano'),
(3131, 189, 'Acquaviva'),
(3132, 189, 'Borgo Maggiore'),
(3133, 189, 'Chiesanuova'),
(3134, 189, 'Domagnano'),
(3135, 189, 'Faetano'),
(3136, 189, 'Fiorentino'),
(3137, 189, 'Montegiardino'),
(3138, 189, 'San Marino'),
(3139, 189, 'Serravalle'),
(3140, 190, 'Agua Grande'),
(3141, 190, 'Cantagalo'),
(3142, 190, 'Lemba'),
(3143, 190, 'Lobata'),
(3144, 190, 'Me-Zochi'),
(3145, 190, 'Pague'),
(3146, 191, 'Al Khobar'),
(3147, 191, 'Aseer'),
(3148, 191, 'Ash Sharqiyah'),
(3149, 191, 'Asir'),
(3150, 191, 'Central Province'),
(3151, 191, 'Eastern Province'),
(3152, 191, 'Ha\'\'il'),
(3153, 191, 'Jawf'),
(3154, 191, 'Jizan'),
(3155, 191, 'Makkah'),
(3156, 191, 'Najran'),
(3157, 191, 'Qasim'),
(3158, 191, 'Tabuk'),
(3159, 191, 'Western Province'),
(3160, 191, 'al-Bahah'),
(3161, 191, 'al-Hudud-ash-Shamaliyah'),
(3162, 191, 'al-Madinah'),
(3163, 191, 'ar-Riyad'),
(3164, 192, 'Dakar'),
(3165, 192, 'Diourbel'),
(3166, 192, 'Fatick'),
(3167, 192, 'Kaolack'),
(3168, 192, 'Kolda'),
(3169, 192, 'Louga'),
(3170, 192, 'Saint-Louis'),
(3171, 192, 'Tambacounda'),
(3172, 192, 'Thies'),
(3173, 192, 'Ziguinchor'),
(3174, 193, 'Central Serbia'),
(3175, 193, 'Kosovo and Metohija'),
(3176, 193, 'Vojvodina'),
(3177, 194, 'Anse Boileau'),
(3178, 194, 'Anse Royale'),
(3179, 194, 'Cascade'),
(3180, 194, 'Takamaka'),
(3181, 194, 'Victoria'),
(3182, 195, 'Eastern'),
(3183, 195, 'Northern'),
(3184, 195, 'Southern'),
(3185, 195, 'Western'),
(3186, 196, 'Singapore'),
(3187, 197, 'Banskobystricky'),
(3188, 197, 'Bratislavsky'),
(3189, 197, 'Kosicky'),
(3190, 197, 'Nitriansky'),
(3191, 197, 'Presovsky'),
(3192, 197, 'Trenciansky'),
(3193, 197, 'Trnavsky'),
(3194, 197, 'Zilinsky'),
(3195, 198, 'Benedikt'),
(3196, 198, 'Gorenjska'),
(3197, 198, 'Gorishka'),
(3198, 198, 'Jugovzhodna Slovenija'),
(3199, 198, 'Koroshka'),
(3200, 198, 'Notranjsko-krashka'),
(3201, 198, 'Obalno-krashka'),
(3202, 198, 'Obcina Domzale'),
(3203, 198, 'Obcina Vitanje'),
(3204, 198, 'Osrednjeslovenska'),
(3205, 198, 'Podravska'),
(3206, 198, 'Pomurska'),
(3207, 198, 'Savinjska'),
(3208, 198, 'Slovenian Littoral'),
(3209, 198, 'Spodnjeposavska'),
(3210, 198, 'Zasavska'),
(3211, 199, 'Pitcairn'),
(3212, 200, 'Central'),
(3213, 200, 'Choiseul'),
(3214, 200, 'Guadalcanal'),
(3215, 200, 'Isabel'),
(3216, 200, 'Makira and Ulawa'),
(3217, 200, 'Malaita'),
(3218, 200, 'Rennell and Bellona'),
(3219, 200, 'Temotu'),
(3220, 200, 'Western'),
(3221, 201, 'Awdal'),
(3222, 201, 'Bakol'),
(3223, 201, 'Banadir'),
(3224, 201, 'Bari'),
(3225, 201, 'Bay'),
(3226, 201, 'Galgudug'),
(3227, 201, 'Gedo'),
(3228, 201, 'Hiran'),
(3229, 201, 'Jubbada Hose'),
(3230, 201, 'Jubbadha Dexe'),
(3231, 201, 'Mudug'),
(3232, 201, 'Nugal'),
(3233, 201, 'Sanag'),
(3234, 201, 'Shabellaha Dhexe'),
(3235, 201, 'Shabellaha Hose'),
(3236, 201, 'Togdher'),
(3237, 201, 'Woqoyi Galbed'),
(3238, 202, 'Eastern Cape'),
(3239, 202, 'Free State'),
(3240, 202, 'Gauteng'),
(3241, 202, 'Kempton Park'),
(3242, 202, 'Kramerville'),
(3243, 202, 'KwaZulu Natal'),
(3244, 202, 'Limpopo'),
(3245, 202, 'Mpumalanga'),
(3246, 202, 'North West'),
(3247, 202, 'Northern Cape'),
(3248, 202, 'Parow'),
(3249, 202, 'Table View'),
(3250, 202, 'Umtentweni'),
(3251, 202, 'Western Cape'),
(3252, 203, 'South Georgia'),
(3253, 204, 'Central Equatoria'),
(3254, 205, 'A Coruna'),
(3255, 205, 'Alacant'),
(3256, 205, 'Alava'),
(3257, 205, 'Albacete'),
(3258, 205, 'Almeria'),
(3259, 205, 'Andalucia'),
(3260, 205, 'Asturias'),
(3261, 205, 'Avila'),
(3262, 205, 'Badajoz'),
(3263, 205, 'Balears'),
(3264, 205, 'Barcelona'),
(3265, 205, 'Bertamirans'),
(3266, 205, 'Biscay'),
(3267, 205, 'Burgos'),
(3268, 205, 'Caceres'),
(3269, 205, 'Cadiz'),
(3270, 205, 'Cantabria'),
(3271, 205, 'Castello'),
(3272, 205, 'Catalunya'),
(3273, 205, 'Ceuta'),
(3274, 205, 'Ciudad Real'),
(3275, 205, 'Comunidad Autonoma de Canarias'),
(3276, 205, 'Comunidad Autonoma de Cataluna'),
(3277, 205, 'Comunidad Autonoma de Galicia'),
(3278, 205, 'Comunidad Autonoma de las Isla'),
(3279, 205, 'Comunidad Autonoma del Princip'),
(3280, 205, 'Comunidad Valenciana'),
(3281, 205, 'Cordoba'),
(3282, 205, 'Cuenca'),
(3283, 205, 'Gipuzkoa'),
(3284, 205, 'Girona'),
(3285, 205, 'Granada'),
(3286, 205, 'Guadalajara'),
(3287, 205, 'Guipuzcoa'),
(3288, 205, 'Huelva'),
(3289, 205, 'Huesca'),
(3290, 205, 'Jaen'),
(3291, 205, 'La Rioja'),
(3292, 205, 'Las Palmas'),
(3293, 205, 'Leon'),
(3294, 205, 'Lerida'),
(3295, 205, 'Lleida'),
(3296, 205, 'Lugo'),
(3297, 205, 'Madrid'),
(3298, 205, 'Malaga'),
(3299, 205, 'Melilla'),
(3300, 205, 'Murcia'),
(3301, 205, 'Navarra'),
(3302, 205, 'Ourense'),
(3303, 205, 'Pais Vasco'),
(3304, 205, 'Palencia'),
(3305, 205, 'Pontevedra'),
(3306, 205, 'Salamanca'),
(3307, 205, 'Santa Cruz de Tenerife'),
(3308, 205, 'Segovia'),
(3309, 205, 'Sevilla'),
(3310, 205, 'Soria'),
(3311, 205, 'Tarragona'),
(3312, 205, 'Tenerife'),
(3313, 205, 'Teruel'),
(3314, 205, 'Toledo'),
(3315, 205, 'Valencia'),
(3316, 205, 'Valladolid'),
(3317, 205, 'Vizcaya'),
(3318, 205, 'Zamora'),
(3319, 205, 'Zaragoza'),
(3320, 206, 'Amparai'),
(3321, 206, 'Anuradhapuraya'),
(3322, 206, 'Badulla'),
(3323, 206, 'Boralesgamuwa'),
(3324, 206, 'Colombo'),
(3325, 206, 'Galla'),
(3326, 206, 'Gampaha'),
(3327, 206, 'Hambantota'),
(3328, 206, 'Kalatura'),
(3329, 206, 'Kegalla'),
(3330, 206, 'Kilinochchi'),
(3331, 206, 'Kurunegala'),
(3332, 206, 'Madakalpuwa'),
(3333, 206, 'Maha Nuwara'),
(3334, 206, 'Malwana'),
(3335, 206, 'Mannarama'),
(3336, 206, 'Matale'),
(3337, 206, 'Matara'),
(3338, 206, 'Monaragala'),
(3339, 206, 'Mullaitivu'),
(3340, 206, 'North Eastern Province'),
(3341, 206, 'North Western Province'),
(3342, 206, 'Nuwara Eliya'),
(3343, 206, 'Polonnaruwa'),
(3344, 206, 'Puttalama'),
(3345, 206, 'Ratnapuraya'),
(3346, 206, 'Southern Province'),
(3347, 206, 'Tirikunamalaya'),
(3348, 206, 'Tuscany'),
(3349, 206, 'Vavuniyawa'),
(3350, 206, 'Western Province'),
(3351, 206, 'Yapanaya'),
(3352, 206, 'kadawatha'),
(3353, 207, 'A\'\'ali-an-Nil'),
(3354, 207, 'Bahr-al-Jabal'),
(3355, 207, 'Central Equatoria'),
(3356, 207, 'Gharb Bahr-al-Ghazal'),
(3357, 207, 'Gharb Darfur'),
(3358, 207, 'Gharb Kurdufan'),
(3359, 207, 'Gharb-al-Istiwa\'\'iyah'),
(3360, 207, 'Janub Darfur'),
(3361, 207, 'Janub Kurdufan'),
(3362, 207, 'Junqali'),
(3363, 207, 'Kassala'),
(3364, 207, 'Nahr-an-Nil'),
(3365, 207, 'Shamal Bahr-al-Ghazal'),
(3366, 207, 'Shamal Darfur'),
(3367, 207, 'Shamal Kurdufan'),
(3368, 207, 'Sharq-al-Istiwa\'\'iyah'),
(3369, 207, 'Sinnar'),
(3370, 207, 'Warab'),
(3371, 207, 'Wilayat al Khartum'),
(3372, 207, 'al-Bahr-al-Ahmar'),
(3373, 207, 'al-Buhayrat'),
(3374, 207, 'al-Jazirah'),
(3375, 207, 'al-Khartum'),
(3376, 207, 'al-Qadarif'),
(3377, 207, 'al-Wahdah'),
(3378, 207, 'an-Nil-al-Abyad'),
(3379, 207, 'an-Nil-al-Azraq'),
(3380, 207, 'ash-Shamaliyah'),
(3381, 208, 'Brokopondo'),
(3382, 208, 'Commewijne'),
(3383, 208, 'Coronie'),
(3384, 208, 'Marowijne'),
(3385, 208, 'Nickerie'),
(3386, 208, 'Para'),
(3387, 208, 'Paramaribo'),
(3388, 208, 'Saramacca'),
(3389, 208, 'Wanica'),
(3390, 209, 'Svalbard'),
(3391, 210, 'Hhohho'),
(3392, 210, 'Lubombo'),
(3393, 210, 'Manzini'),
(3394, 210, 'Shiselweni'),
(3395, 211, 'Alvsborgs Lan'),
(3396, 211, 'Angermanland'),
(3397, 211, 'Blekinge'),
(3398, 211, 'Bohuslan'),
(3399, 211, 'Dalarna'),
(3400, 211, 'Gavleborg'),
(3401, 211, 'Gaza'),
(3402, 211, 'Gotland'),
(3403, 211, 'Halland'),
(3404, 211, 'Jamtland'),
(3405, 211, 'Jonkoping'),
(3406, 211, 'Kalmar'),
(3407, 211, 'Kristianstads'),
(3408, 211, 'Kronoberg'),
(3409, 211, 'Norrbotten'),
(3410, 211, 'Orebro'),
(3411, 211, 'Ostergotland'),
(3412, 211, 'Saltsjo-Boo'),
(3413, 211, 'Skane'),
(3414, 211, 'Smaland'),
(3415, 211, 'Sodermanland'),
(3416, 211, 'Stockholm'),
(3417, 211, 'Uppsala'),
(3418, 211, 'Varmland'),
(3419, 211, 'Vasterbotten'),
(3420, 211, 'Vastergotland'),
(3421, 211, 'Vasternorrland'),
(3422, 211, 'Vastmanland'),
(3423, 211, 'Vastra Gotaland'),
(3424, 212, 'Aargau'),
(3425, 212, 'Appenzell Inner-Rhoden'),
(3426, 212, 'Appenzell-Ausser Rhoden'),
(3427, 212, 'Basel-Landschaft'),
(3428, 212, 'Basel-Stadt'),
(3429, 212, 'Bern'),
(3430, 212, 'Canton Ticino'),
(3431, 212, 'Fribourg'),
(3432, 212, 'Geneve'),
(3433, 212, 'Glarus'),
(3434, 212, 'Graubunden'),
(3435, 212, 'Heerbrugg'),
(3436, 212, 'Jura'),
(3437, 212, 'Kanton Aargau'),
(3438, 212, 'Luzern'),
(3439, 212, 'Morbio Inferiore'),
(3440, 212, 'Muhen'),
(3441, 212, 'Neuchatel'),
(3442, 212, 'Nidwalden'),
(3443, 212, 'Obwalden'),
(3444, 212, 'Sankt Gallen'),
(3445, 212, 'Schaffhausen'),
(3446, 212, 'Schwyz'),
(3447, 212, 'Solothurn'),
(3448, 212, 'Thurgau'),
(3449, 212, 'Ticino'),
(3450, 212, 'Uri'),
(3451, 212, 'Valais'),
(3452, 212, 'Vaud'),
(3453, 212, 'Vauffelin'),
(3454, 212, 'Zug'),
(3455, 212, 'Zurich'),
(3456, 213, 'Aleppo'),
(3457, 213, 'Dar\'\'a'),
(3458, 213, 'Dayr-az-Zawr'),
(3459, 213, 'Dimashq'),
(3460, 213, 'Halab'),
(3461, 213, 'Hamah'),
(3462, 213, 'Hims'),
(3463, 213, 'Idlib'),
(3464, 213, 'Madinat Dimashq'),
(3465, 213, 'Tartus'),
(3466, 213, 'al-Hasakah'),
(3467, 213, 'al-Ladhiqiyah'),
(3468, 213, 'al-Qunaytirah'),
(3469, 213, 'ar-Raqqah'),
(3470, 213, 'as-Suwayda'),
(3471, 214, 'Changhua County'),
(3472, 214, 'Chiayi County'),
(3473, 214, 'Chiayi City'),
(3474, 214, 'Taipei City'),
(3475, 214, 'Hsinchu County'),
(3476, 214, 'Hsinchu City'),
(3477, 214, 'Hualien County'),
(3480, 214, 'Kaohsiung City'),
(3481, 214, 'Keelung City'),
(3482, 214, 'Kinmen County'),
(3483, 214, 'Miaoli County'),
(3484, 214, 'Nantou County'),
(3486, 214, 'Penghu County'),
(3487, 214, 'Pingtung County'),
(3488, 214, 'Taichung City'),
(3492, 214, 'Tainan City'),
(3493, 214, 'New Taipei City'),
(3495, 214, 'Taitung County'),
(3496, 214, 'Taoyuan City'),
(3497, 214, 'Yilan County'),
(3498, 214, 'YunLin County'),
(3500, 215, 'Dushanbe'),
(3501, 215, 'Gorno-Badakhshan'),
(3502, 215, 'Karotegin'),
(3503, 215, 'Khatlon'),
(3504, 215, 'Sughd'),
(3505, 216, 'Arusha'),
(3506, 216, 'Dar es Salaam'),
(3507, 216, 'Dodoma'),
(3508, 216, 'Iringa'),
(3509, 216, 'Kagera'),
(3510, 216, 'Kigoma'),
(3511, 216, 'Kilimanjaro'),
(3512, 216, 'Lindi'),
(3513, 216, 'Mara'),
(3514, 216, 'Mbeya'),
(3515, 216, 'Morogoro'),
(3516, 216, 'Mtwara'),
(3517, 216, 'Mwanza'),
(3518, 216, 'Pwani'),
(3519, 216, 'Rukwa'),
(3520, 216, 'Ruvuma'),
(3521, 216, 'Shinyanga'),
(3522, 216, 'Singida'),
(3523, 216, 'Tabora'),
(3524, 216, 'Tanga'),
(3525, 216, 'Zanzibar and Pemba'),
(3526, 217, 'Amnat Charoen'),
(3527, 217, 'Ang Thong'),
(3528, 217, 'Bangkok'),
(3529, 217, 'Buri Ram'),
(3530, 217, 'Chachoengsao'),
(3531, 217, 'Chai Nat'),
(3532, 217, 'Chaiyaphum'),
(3533, 217, 'Changwat Chaiyaphum'),
(3534, 217, 'Chanthaburi'),
(3535, 217, 'Chiang Mai'),
(3536, 217, 'Chiang Rai'),
(3537, 217, 'Chon Buri'),
(3538, 217, 'Chumphon'),
(3539, 217, 'Kalasin'),
(3540, 217, 'Kamphaeng Phet'),
(3541, 217, 'Kanchanaburi'),
(3542, 217, 'Khon Kaen'),
(3543, 217, 'Krabi'),
(3544, 217, 'Krung Thep'),
(3545, 217, 'Lampang'),
(3546, 217, 'Lamphun'),
(3547, 217, 'Loei'),
(3548, 217, 'Lop Buri'),
(3549, 217, 'Mae Hong Son'),
(3550, 217, 'Maha Sarakham'),
(3551, 217, 'Mukdahan'),
(3552, 217, 'Nakhon Nayok'),
(3553, 217, 'Nakhon Pathom'),
(3554, 217, 'Nakhon Phanom'),
(3555, 217, 'Nakhon Ratchasima'),
(3556, 217, 'Nakhon Sawan'),
(3557, 217, 'Nakhon Si Thammarat'),
(3558, 217, 'Nan'),
(3559, 217, 'Narathiwat'),
(3560, 217, 'Nong Bua Lam Phu'),
(3561, 217, 'Nong Khai'),
(3562, 217, 'Nonthaburi'),
(3563, 217, 'Pathum Thani'),
(3564, 217, 'Pattani'),
(3565, 217, 'Phangnga'),
(3566, 217, 'Phatthalung'),
(3567, 217, 'Phayao'),
(3568, 217, 'Phetchabun'),
(3569, 217, 'Phetchaburi'),
(3570, 217, 'Phichit'),
(3571, 217, 'Phitsanulok'),
(3572, 217, 'Phra Nakhon Si Ayutthaya'),
(3573, 217, 'Phrae'),
(3574, 217, 'Phuket'),
(3575, 217, 'Prachin Buri'),
(3576, 217, 'Prachuap Khiri Khan'),
(3577, 217, 'Ranong'),
(3578, 217, 'Ratchaburi'),
(3579, 217, 'Rayong'),
(3580, 217, 'Roi Et'),
(3581, 217, 'Sa Kaeo'),
(3582, 217, 'Sakon Nakhon'),
(3583, 217, 'Samut Prakan'),
(3584, 217, 'Samut Sakhon'),
(3585, 217, 'Samut Songkhran'),
(3586, 217, 'Saraburi'),
(3587, 217, 'Satun'),
(3588, 217, 'Si Sa Ket'),
(3589, 217, 'Sing Buri'),
(3590, 217, 'Songkhla'),
(3591, 217, 'Sukhothai'),
(3592, 217, 'Suphan Buri'),
(3593, 217, 'Surat Thani'),
(3594, 217, 'Surin'),
(3595, 217, 'Tak'),
(3596, 217, 'Trang'),
(3597, 217, 'Trat'),
(3598, 217, 'Ubon Ratchathani'),
(3599, 217, 'Udon Thani'),
(3600, 217, 'Uthai Thani'),
(3601, 217, 'Uttaradit'),
(3602, 217, 'Yala'),
(3603, 217, 'Yasothon'),
(3604, 218, 'Centre'),
(3605, 218, 'Kara'),
(3606, 218, 'Maritime'),
(3607, 218, 'Plateaux'),
(3608, 218, 'Savanes'),
(3609, 219, 'Atafu'),
(3610, 219, 'Fakaofo'),
(3611, 219, 'Nukunonu'),
(3612, 220, 'Eua'),
(3613, 220, 'Ha\'\'apai'),
(3614, 220, 'Niuas'),
(3615, 220, 'Tongatapu'),
(3616, 220, 'Vava\'\'u'),
(3617, 221, 'Arima-Tunapuna-Piarco'),
(3618, 221, 'Caroni'),
(3619, 221, 'Chaguanas'),
(3620, 221, 'Couva-Tabaquite-Talparo'),
(3621, 221, 'Diego Martin'),
(3622, 221, 'Glencoe'),
(3623, 221, 'Penal Debe'),
(3624, 221, 'Point Fortin'),
(3625, 221, 'Port of Spain'),
(3626, 221, 'Princes Town'),
(3627, 221, 'Saint George'),
(3628, 221, 'San Fernando'),
(3629, 221, 'San Juan'),
(3630, 221, 'Sangre Grande'),
(3631, 221, 'Siparia'),
(3632, 221, 'Tobago'),
(3633, 222, 'Aryanah'),
(3634, 222, 'Bajah'),
(3635, 222, 'Bin \'\'Arus'),
(3636, 222, 'Binzart'),
(3637, 222, 'Gouvernorat de Ariana'),
(3638, 222, 'Gouvernorat de Nabeul'),
(3639, 222, 'Gouvernorat de Sousse'),
(3640, 222, 'Hammamet Yasmine'),
(3641, 222, 'Jundubah'),
(3642, 222, 'Madaniyin'),
(3643, 222, 'Manubah'),
(3644, 222, 'Monastir'),
(3645, 222, 'Nabul'),
(3646, 222, 'Qabis'),
(3647, 222, 'Qafsah'),
(3648, 222, 'Qibili'),
(3649, 222, 'Safaqis'),
(3650, 222, 'Sfax'),
(3651, 222, 'Sidi Bu Zayd'),
(3652, 222, 'Silyanah'),
(3653, 222, 'Susah'),
(3654, 222, 'Tatawin'),
(3655, 222, 'Tawzar'),
(3656, 222, 'Tunis'),
(3657, 222, 'Zaghwan'),
(3658, 222, 'al-Kaf'),
(3659, 222, 'al-Mahdiyah'),
(3660, 222, 'al-Munastir'),
(3661, 222, 'al-Qasrayn'),
(3662, 222, 'al-Qayrawan'),
(3663, 223, 'Adana'),
(3664, 223, 'Adiyaman'),
(3665, 223, 'Afyon'),
(3666, 223, 'Agri'),
(3667, 223, 'Aksaray'),
(3668, 223, 'Amasya'),
(3669, 223, 'Ankara'),
(3670, 223, 'Antalya'),
(3671, 223, 'Ardahan'),
(3672, 223, 'Artvin'),
(3673, 223, 'Aydin'),
(3674, 223, 'Balikesir'),
(3675, 223, 'Bartin'),
(3676, 223, 'Batman'),
(3677, 223, 'Bayburt'),
(3678, 223, 'Bilecik'),
(3679, 223, 'Bingol'),
(3680, 223, 'Bitlis'),
(3681, 223, 'Bolu'),
(3682, 223, 'Burdur'),
(3683, 223, 'Bursa'),
(3684, 223, 'Canakkale'),
(3685, 223, 'Cankiri'),
(3686, 223, 'Corum'),
(3687, 223, 'Denizli'),
(3688, 223, 'Diyarbakir'),
(3689, 223, 'Duzce'),
(3690, 223, 'Edirne'),
(3691, 223, 'Elazig'),
(3692, 223, 'Erzincan'),
(3693, 223, 'Erzurum'),
(3694, 223, 'Eskisehir'),
(3695, 223, 'Gaziantep'),
(3696, 223, 'Giresun'),
(3697, 223, 'Gumushane'),
(3698, 223, 'Hakkari'),
(3699, 223, 'Hatay'),
(3700, 223, 'Icel'),
(3701, 223, 'Igdir'),
(3702, 223, 'Isparta'),
(3703, 223, 'Istanbul'),
(3704, 223, 'Izmir'),
(3705, 223, 'Kahramanmaras'),
(3706, 223, 'Karabuk'),
(3707, 223, 'Karaman'),
(3708, 223, 'Kars'),
(3709, 223, 'Karsiyaka'),
(3710, 223, 'Kastamonu'),
(3711, 223, 'Kayseri'),
(3712, 223, 'Kilis'),
(3713, 223, 'Kirikkale'),
(3714, 223, 'Kirklareli'),
(3715, 223, 'Kirsehir'),
(3716, 223, 'Kocaeli'),
(3717, 223, 'Konya'),
(3718, 223, 'Kutahya'),
(3719, 223, 'Lefkosa'),
(3720, 223, 'Malatya'),
(3721, 223, 'Manisa'),
(3722, 223, 'Mardin'),
(3723, 223, 'Mugla'),
(3724, 223, 'Mus'),
(3725, 223, 'Nevsehir'),
(3726, 223, 'Nigde'),
(3727, 223, 'Ordu'),
(3728, 223, 'Osmaniye'),
(3729, 223, 'Rize'),
(3730, 223, 'Sakarya'),
(3731, 223, 'Samsun'),
(3732, 223, 'Sanliurfa'),
(3733, 223, 'Siirt'),
(3734, 223, 'Sinop'),
(3735, 223, 'Sirnak'),
(3736, 223, 'Sivas'),
(3737, 223, 'Tekirdag'),
(3738, 223, 'Tokat'),
(3739, 223, 'Trabzon'),
(3740, 223, 'Tunceli'),
(3741, 223, 'Usak'),
(3742, 223, 'Van'),
(3743, 223, 'Yalova'),
(3744, 223, 'Yozgat'),
(3745, 223, 'Zonguldak'),
(3746, 224, 'Ahal'),
(3747, 224, 'Asgabat'),
(3748, 224, 'Balkan'),
(3749, 224, 'Dasoguz'),
(3750, 224, 'Lebap'),
(3751, 224, 'Mari'),
(3752, 225, 'Grand Turk'),
(3753, 225, 'South Caicos and East Caicos'),
(3754, 226, 'Funafuti'),
(3755, 226, 'Nanumanga'),
(3756, 226, 'Nanumea'),
(3757, 226, 'Niutao'),
(3758, 226, 'Nui'),
(3759, 226, 'Nukufetau'),
(3760, 226, 'Nukulaelae'),
(3761, 226, 'Vaitupu'),
(3762, 227, 'Central'),
(3763, 227, 'Eastern'),
(3764, 227, 'Northern'),
(3765, 227, 'Western'),
(3766, 228, 'Cherkas\'\'ka'),
(3767, 228, 'Chernihivs\'\'ka'),
(3768, 228, 'Chernivets\'\'ka'),
(3769, 228, 'Crimea'),
(3770, 228, 'Dnipropetrovska'),
(3771, 228, 'Donets\'\'ka'),
(3772, 228, 'Ivano-Frankivs\'\'ka'),
(3773, 228, 'Kharkiv'),
(3774, 228, 'Kharkov'),
(3775, 228, 'Khersonska'),
(3776, 228, 'Khmel\'\'nyts\'\'ka'),
(3777, 228, 'Kirovohrad'),
(3778, 228, 'Krym'),
(3779, 228, 'Kyyiv'),
(3780, 228, 'Kyyivs\'\'ka'),
(3781, 228, 'L\'\'vivs\'\'ka'),
(3782, 228, 'Luhans\'\'ka'),
(3783, 228, 'Mykolayivs\'\'ka'),
(3784, 228, 'Odes\'\'ka'),
(3785, 228, 'Odessa'),
(3786, 228, 'Poltavs\'\'ka'),
(3787, 228, 'Rivnens\'\'ka'),
(3788, 228, 'Sevastopol'),
(3789, 228, 'Sums\'\'ka'),
(3790, 228, 'Ternopil\'\'s\'\'ka'),
(3791, 228, 'Volyns\'\'ka'),
(3792, 228, 'Vynnyts\'\'ka'),
(3793, 228, 'Zakarpats\'\'ka'),
(3794, 228, 'Zaporizhia'),
(3795, 228, 'Zhytomyrs\'\'ka'),
(3796, 229, 'Abu Zabi'),
(3797, 229, 'Ajman'),
(3798, 229, 'Dubai'),
(3799, 229, 'Ras al-Khaymah'),
(3800, 229, 'Sharjah'),
(3801, 229, 'Sharjha'),
(3802, 229, 'Umm al Qaywayn'),
(3803, 229, 'al-Fujayrah'),
(3804, 229, 'ash-Shariqah'),
(3805, 230, 'Aberdeen'),
(3806, 230, 'Aberdeenshire'),
(3807, 230, 'Argyll'),
(3808, 230, 'Armagh'),
(3809, 230, 'Bedfordshire'),
(3810, 230, 'Belfast'),
(3811, 230, 'Berkshire'),
(3812, 230, 'Birmingham'),
(3813, 230, 'Brechin'),
(3814, 230, 'Bridgnorth'),
(3815, 230, 'Bristol'),
(3816, 230, 'Buckinghamshire'),
(3817, 230, 'Cambridge'),
(3818, 230, 'Cambridgeshire'),
(3819, 230, 'Channel Islands'),
(3820, 230, 'Cheshire'),
(3821, 230, 'Cleveland'),
(3822, 230, 'Co Fermanagh'),
(3823, 230, 'Conwy'),
(3824, 230, 'Cornwall'),
(3825, 230, 'Coventry'),
(3826, 230, 'Craven Arms'),
(3827, 230, 'Cumbria'),
(3828, 230, 'Denbighshire'),
(3829, 230, 'Derby'),
(3830, 230, 'Derbyshire'),
(3831, 230, 'Devon'),
(3832, 230, 'Dial Code Dungannon'),
(3833, 230, 'Didcot'),
(3834, 230, 'Dorset'),
(3835, 230, 'Dunbartonshire'),
(3836, 230, 'Durham'),
(3837, 230, 'East Dunbartonshire'),
(3838, 230, 'East Lothian'),
(3839, 230, 'East Midlands'),
(3840, 230, 'East Sussex'),
(3841, 230, 'East Yorkshire'),
(3842, 230, 'England'),
(3843, 230, 'Essex'),
(3844, 230, 'Fermanagh'),
(3845, 230, 'Fife'),
(3846, 230, 'Flintshire'),
(3847, 230, 'Fulham'),
(3848, 230, 'Gainsborough'),
(3849, 230, 'Glocestershire'),
(3850, 230, 'Gwent'),
(3851, 230, 'Hampshire'),
(3852, 230, 'Hants'),
(3853, 230, 'Herefordshire'),
(3854, 230, 'Hertfordshire'),
(3855, 230, 'Ireland'),
(3856, 230, 'Isle Of Man'),
(3857, 230, 'Isle of Wight'),
(3858, 230, 'Kenford'),
(3859, 230, 'Kent'),
(3860, 230, 'Kilmarnock'),
(3861, 230, 'Lanarkshire'),
(3862, 230, 'Lancashire'),
(3863, 230, 'Leicestershire'),
(3864, 230, 'Lincolnshire'),
(3865, 230, 'Llanymynech'),
(3866, 230, 'London'),
(3867, 230, 'Ludlow'),
(3868, 230, 'Manchester'),
(3869, 230, 'Mayfair'),
(3870, 230, 'Merseyside'),
(3871, 230, 'Mid Glamorgan'),
(3872, 230, 'Middlesex'),
(3873, 230, 'Mildenhall'),
(3874, 230, 'Monmouthshire'),
(3875, 230, 'Newton Stewart'),
(3876, 230, 'Norfolk'),
(3877, 230, 'North Humberside'),
(3878, 230, 'North Yorkshire'),
(3879, 230, 'Northamptonshire'),
(3880, 230, 'Northants'),
(3881, 230, 'Northern Ireland'),
(3882, 230, 'Northumberland'),
(3883, 230, 'Nottinghamshire'),
(3884, 230, 'Oxford'),
(3885, 230, 'Powys'),
(3886, 230, 'Roos-shire'),
(3887, 230, 'SUSSEX'),
(3888, 230, 'Sark'),
(3889, 230, 'Scotland'),
(3890, 230, 'Scottish Borders'),
(3891, 230, 'Shropshire'),
(3892, 230, 'Somerset'),
(3893, 230, 'South Glamorgan'),
(3894, 230, 'South Wales'),
(3895, 230, 'South Yorkshire'),
(3896, 230, 'Southwell'),
(3897, 230, 'Staffordshire'),
(3898, 230, 'Strabane'),
(3899, 230, 'Suffolk'),
(3900, 230, 'Surrey'),
(3901, 230, 'Sussex'),
(3902, 230, 'Twickenham'),
(3903, 230, 'Tyne and Wear'),
(3904, 230, 'Tyrone'),
(3905, 230, 'Utah'),
(3906, 230, 'Wales'),
(3907, 230, 'Warwickshire'),
(3908, 230, 'West Lothian'),
(3909, 230, 'West Midlands'),
(3910, 230, 'West Sussex'),
(3911, 230, 'West Yorkshire'),
(3912, 230, 'Whissendine'),
(3913, 230, 'Wiltshire'),
(3914, 230, 'Wokingham'),
(3915, 230, 'Worcestershire'),
(3916, 230, 'Wrexham'),
(3917, 230, 'Wurttemberg'),
(3918, 230, 'Yorkshire'),
(3919, 231, 'Alabama'),
(3920, 231, 'Alaska'),
(3921, 231, 'Arizona'),
(3922, 231, 'Arkansas'),
(3923, 231, 'Byram'),
(3924, 231, 'California'),
(3925, 231, 'Cokato'),
(3926, 231, 'Colorado'),
(3927, 231, 'Connecticut'),
(3928, 231, 'Delaware'),
(3929, 231, 'District of Columbia'),
(3930, 231, 'Florida'),
(3931, 231, 'Georgia'),
(3932, 231, 'Hawaii'),
(3933, 231, 'Idaho'),
(3934, 231, 'Illinois'),
(3935, 231, 'Indiana'),
(3936, 231, 'Iowa'),
(3937, 231, 'Kansas'),
(3938, 231, 'Kentucky'),
(3939, 231, 'Louisiana'),
(3940, 231, 'Lowa'),
(3941, 231, 'Maine'),
(3942, 231, 'Maryland'),
(3943, 231, 'Massachusetts'),
(3944, 231, 'Medfield'),
(3945, 231, 'Michigan'),
(3946, 231, 'Minnesota'),
(3947, 231, 'Mississippi'),
(3948, 231, 'Missouri'),
(3949, 231, 'Montana'),
(3950, 231, 'Nebraska'),
(3951, 231, 'Nevada'),
(3952, 231, 'New Hampshire'),
(3953, 231, 'New Jersey'),
(3954, 231, 'New Jersy'),
(3955, 231, 'New Mexico'),
(3956, 231, 'New York'),
(3957, 231, 'North Carolina'),
(3958, 231, 'North Dakota'),
(3959, 231, 'Ohio'),
(3960, 231, 'Oklahoma'),
(3961, 231, 'Ontario'),
(3962, 231, 'Oregon'),
(3963, 231, 'Pennsylvania'),
(3964, 231, 'Ramey'),
(3965, 231, 'Rhode Island'),
(3966, 231, 'South Carolina'),
(3967, 231, 'South Dakota'),
(3968, 231, 'Sublimity'),
(3969, 231, 'Tennessee'),
(3970, 231, 'Texas'),
(3971, 231, 'Trimble'),
(3972, 231, 'Utah'),
(3973, 231, 'Vermont'),
(3974, 231, 'Virginia'),
(3975, 231, 'Washington'),
(3976, 231, 'West Virginia'),
(3977, 231, 'Wisconsin'),
(3978, 231, 'Wyoming'),
(3979, 232, 'United States Minor Outlying I'),
(3980, 233, 'Artigas'),
(3981, 233, 'Canelones'),
(3982, 233, 'Cerro Largo'),
(3983, 233, 'Colonia'),
(3984, 233, 'Durazno'),
(3985, 233, 'FLorida'),
(3986, 233, 'Flores'),
(3987, 233, 'Lavalleja'),
(3988, 233, 'Maldonado'),
(3989, 233, 'Montevideo'),
(3990, 233, 'Paysandu'),
(3991, 233, 'Rio Negro'),
(3992, 233, 'Rivera'),
(3993, 233, 'Rocha'),
(3994, 233, 'Salto'),
(3995, 233, 'San Jose'),
(3996, 233, 'Soriano'),
(3997, 233, 'Tacuarembo'),
(3998, 233, 'Treinta y Tres'),
(3999, 234, 'Andijon'),
(4000, 234, 'Buhoro'),
(4001, 234, 'Buxoro Viloyati'),
(4002, 234, 'Cizah'),
(4003, 234, 'Fargona'),
(4004, 234, 'Horazm'),
(4005, 234, 'Kaskadar'),
(4006, 234, 'Korakalpogiston'),
(4007, 234, 'Namangan'),
(4008, 234, 'Navoi'),
(4009, 234, 'Samarkand'),
(4010, 234, 'Sirdare'),
(4011, 234, 'Surhondar'),
(4012, 234, 'Toskent'),
(4013, 235, 'Malampa'),
(4014, 235, 'Penama'),
(4015, 235, 'Sanma'),
(4016, 235, 'Shefa'),
(4017, 235, 'Tafea'),
(4018, 235, 'Torba'),
(4019, 236, 'Vatican City State (Holy See)'),
(4020, 237, 'Amazonas'),
(4021, 237, 'Anzoategui'),
(4022, 237, 'Apure'),
(4023, 237, 'Aragua'),
(4024, 237, 'Barinas'),
(4025, 237, 'Bolivar'),
(4026, 237, 'Carabobo'),
(4027, 237, 'Cojedes'),
(4028, 237, 'Delta Amacuro'),
(4029, 237, 'Distrito Federal'),
(4030, 237, 'Falcon'),
(4031, 237, 'Guarico'),
(4032, 237, 'Lara'),
(4033, 237, 'Merida'),
(4034, 237, 'Miranda'),
(4035, 237, 'Monagas'),
(4036, 237, 'Nueva Esparta'),
(4037, 237, 'Portuguesa'),
(4038, 237, 'Sucre'),
(4039, 237, 'Tachira'),
(4040, 237, 'Trujillo'),
(4041, 237, 'Vargas'),
(4042, 237, 'Yaracuy'),
(4043, 237, 'Zulia'),
(4044, 238, 'Bac Giang'),
(4045, 238, 'Binh Dinh'),
(4046, 238, 'Binh Duong'),
(4047, 238, 'Da Nang'),
(4048, 238, 'Dong Bang Song Cuu Long'),
(4049, 238, 'Dong Bang Song Hong'),
(4050, 238, 'Dong Nai'),
(4051, 238, 'Dong Nam Bo'),
(4052, 238, 'Duyen Hai Mien Trung'),
(4053, 238, 'Hanoi'),
(4054, 238, 'Hung Yen'),
(4055, 238, 'Khu Bon Cu'),
(4056, 238, 'Long An'),
(4057, 238, 'Mien Nui Va Trung Du'),
(4058, 238, 'Thai Nguyen'),
(4059, 238, 'Thanh Pho Ho Chi Minh'),
(4060, 238, 'Thu Do Ha Noi'),
(4061, 238, 'Tinh Can Tho'),
(4062, 238, 'Tinh Da Nang'),
(4063, 238, 'Tinh Gia Lai'),
(4064, 239, 'Anegada'),
(4065, 239, 'Jost van Dyke'),
(4066, 239, 'Tortola'),
(4067, 240, 'Saint Croix'),
(4068, 240, 'Saint John'),
(4069, 240, 'Saint Thomas'),
(4070, 241, 'Alo'),
(4071, 241, 'Singave'),
(4072, 241, 'Wallis'),
(4073, 242, 'Bu Jaydur'),
(4074, 242, 'Wad-adh-Dhahab'),
(4075, 242, 'al-\'\'Ayun'),
(4076, 242, 'as-Samarah'),
(4077, 243, 'Adan'),
(4078, 243, 'Abyan'),
(4079, 243, 'Dhamar'),
(4080, 243, 'Hadramaut'),
(4081, 243, 'Hajjah'),
(4082, 243, 'Hudaydah'),
(4083, 243, 'Ibb'),
(4084, 243, 'Lahij'),
(4085, 243, 'Ma\'\'rib'),
(4086, 243, 'Madinat San\'\'a'),
(4087, 243, 'Sa\'\'dah'),
(4088, 243, 'Sana'),
(4089, 243, 'Shabwah'),
(4090, 243, 'Ta\'\'izz'),
(4091, 243, 'al-Bayda'),
(4092, 243, 'al-Hudaydah'),
(4093, 243, 'al-Jawf'),
(4094, 243, 'al-Mahrah'),
(4095, 243, 'al-Mahwit'),
(4096, 244, 'Central Serbia'),
(4097, 244, 'Kosovo and Metohija'),
(4098, 244, 'Montenegro'),
(4099, 244, 'Republic of Serbia'),
(4100, 244, 'Serbia'),
(4101, 244, 'Vojvodina'),
(4102, 245, 'Central'),
(4103, 245, 'Copperbelt'),
(4104, 245, 'Eastern'),
(4105, 245, 'Luapala'),
(4106, 245, 'Lusaka'),
(4107, 245, 'North-Western'),
(4108, 245, 'Northern'),
(4109, 245, 'Southern'),
(4110, 245, 'Western'),
(4111, 246, 'Bulawayo'),
(4112, 246, 'Harare'),
(4113, 246, 'Manicaland'),
(4114, 246, 'Mashonaland Central'),
(4115, 246, 'Mashonaland East'),
(4116, 246, 'Mashonaland West'),
(4117, 246, 'Masvingo'),
(4118, 246, 'Matabeleland North'),
(4119, 246, 'Matabeleland South'),
(4120, 246, 'Midlands'),
(4121, 214, 'Lienchiang County');

-- --------------------------------------------------------

--
-- Table structure for table `md_course`
--

CREATE TABLE `md_course` (
  `course_id` int(11) NOT NULL,
  `course_name` varchar(225) DEFAULT NULL,
  `course_identity` varchar(225) DEFAULT NULL,
  `course_level` varchar(225) DEFAULT NULL,
  `course_state_id` int(11) DEFAULT '0',
  `course_category_id` int(11) NOT NULL DEFAULT '0',
  `course_slug` varchar(100) DEFAULT NULL,
  `course_image` varchar(225) DEFAULT NULL,
  `course_image2` varchar(225) DEFAULT NULL,
  `course_image_path` varchar(225) DEFAULT NULL,
  `course_video` varchar(255) DEFAULT NULL,
  `course_video_path` varchar(255) DEFAULT NULL,
  `course_status` tinyint(4) NOT NULL DEFAULT '1',
  `course_desc` text,
  `course_desc2` text,
  `course_desc3` text,
  `course_keywords` text,
  `course_duration` varchar(50) DEFAULT NULL,
  `course_quiz_time` int(11) DEFAULT '20',
  `course_price` float DEFAULT '0',
  `course_featured` int(11) DEFAULT '0',
  `course_createdon` timestamp NOT NULL DEFAULT CURRENT_TIMESTAMP ON UPDATE CURRENT_TIMESTAMP
) ENGINE=InnoDB DEFAULT CHARSET=latin1;

--
-- Dumping data for table `md_course`
--

INSERT INTO `md_course` (`course_id`, `course_name`, `course_identity`, `course_level`, `course_state_id`, `course_category_id`, `course_slug`, `course_image`, `course_image2`, `course_image_path`, `course_video`, `course_video_path`, `course_status`, `course_desc`, `course_desc2`, `course_desc3`, `course_keywords`, `course_duration`, `course_quiz_time`, `course_price`, `course_featured`, `course_createdon`) VALUES
(26, 'test', '12323', 'BEGINNER', 0, 1, 'test', 'mage_shape2x161588168542.png', NULL, 'assets/uploads/course/', 'test161604763627.mp4', 'assets/uploads/course/', 1, 'test', '&lt;p&gt;test&lt;/p&gt;', NULL, 'tset', '12', 20, 23, 1, '2021-03-18 06:07:16'),
(27, 'test1', NULL, 'MIDDLE', 0, 2, 'test1', 'mage_shape-2161588170851.png', NULL, 'assets/uploads/course/', 'sample-5s161604716381.mp4', 'assets/uploads/course/', 1, 'test1', '&lt;p&gt;test1&lt;/p&gt;', NULL, 'test1', '12', 20, 23, 1, '2021-03-18 05:59:23'),
(29, 'Test Course', NULL, 'MIDDLE', 0, 0, 'test-course', 'mage_shape-3161605663020.png', NULL, 'assets/uploads/course/', 'test161605663050.mp4', 'assets/uploads/course/', 1, 'test', '&lt;p&gt;test&lt;/p&gt;', NULL, 'test', '15', 20, 10, 1, '2021-03-18 08:37:10');

-- --------------------------------------------------------

--
-- Table structure for table `md_course_category`
--

CREATE TABLE `md_course_category` (
  `cp_id` int(10) NOT NULL,
  `cp_course_id` int(10) DEFAULT NULL,
  `cp_category_id` int(10) DEFAULT NULL
) ENGINE=InnoDB DEFAULT CHARSET=latin1;

--
-- Dumping data for table `md_course_category`
--

INSERT INTO `md_course_category` (`cp_id`, `cp_course_id`, `cp_category_id`) VALUES
(519, 9, 2),
(520, 9, 3),
(521, 9, 4),
(522, 9, 5),
(529, 28, 1),
(530, 28, 2),
(531, 29, 3);

-- --------------------------------------------------------

--
-- Table structure for table `md_course_lecture`
--

CREATE TABLE `md_course_lecture` (
  `cp_id` int(10) NOT NULL,
  `cp_course_id` int(10) DEFAULT NULL,
  `cp_lecture_id` int(10) DEFAULT NULL
) ENGINE=InnoDB DEFAULT CHARSET=latin1;

--
-- Dumping data for table `md_course_lecture`
--

INSERT INTO `md_course_lecture` (`cp_id`, `cp_course_id`, `cp_lecture_id`) VALUES
(358, 6, 2),
(359, 6, 3),
(360, 6, 4),
(361, 6, 5),
(372, 11, 1),
(373, 11, 2),
(374, 11, 3),
(375, 11, 4),
(376, 11, 5),
(377, 11, 6),
(378, 12, 2),
(379, 12, 3),
(380, 12, 4),
(381, 12, 5),
(382, 13, 1),
(383, 13, 2),
(384, 13, 3),
(385, 13, 4),
(386, 13, 5),
(387, 14, 2),
(388, 14, 3),
(389, 14, 4),
(390, 14, 5),
(391, 15, 2),
(392, 15, 3),
(393, 15, 4),
(394, 15, 5),
(416, 21, 2),
(417, 21, 3),
(418, 21, 4),
(419, 21, 5),
(442, 22, 2),
(443, 22, 3),
(444, 22, 4),
(445, 22, 5),
(446, 20, 3),
(447, 20, 4),
(448, 20, 5),
(449, 2, 1),
(450, 2, 2),
(451, 2, 3),
(452, 2, 4),
(453, 2, 5),
(454, 2, 6),
(455, 3, 2),
(456, 3, 6),
(459, 5, 2),
(460, 5, 3),
(461, 5, 4),
(462, 5, 5),
(463, 4, 1),
(464, 4, 2),
(465, 4, 3),
(466, 4, 4),
(467, 4, 5),
(468, 4, 6),
(473, 10, 1),
(474, 10, 2),
(475, 10, 3),
(476, 10, 4),
(477, 10, 5),
(478, 10, 6),
(479, 16, 2),
(480, 16, 3),
(481, 16, 4),
(482, 16, 5),
(483, 17, 2),
(484, 17, 3),
(485, 17, 4),
(486, 17, 5),
(487, 19, 2),
(488, 19, 3),
(489, 19, 4),
(490, 19, 5),
(491, 23, 3),
(492, 23, 4),
(493, 23, 5),
(494, 8, 3),
(495, 8, 4),
(496, 8, 5),
(497, 7, 3),
(498, 7, 4),
(499, 7, 5),
(500, 7, 6),
(501, 1, 1),
(502, 1, 2),
(505, 18, 1),
(506, 18, 2),
(507, 24, 2),
(508, 24, 3),
(509, 24, 4),
(510, 24, 5),
(519, 9, 2),
(520, 9, 3),
(521, 9, 4),
(522, 9, 5),
(527, NULL, 25),
(528, 25, 7),
(529, 25, 9),
(546, 28, 11),
(547, 28, 14),
(548, 27, 13),
(549, 27, 14),
(550, 26, 7),
(551, 26, 9),
(552, 26, 10),
(553, 29, 7),
(554, 29, 10);

-- --------------------------------------------------------

--
-- Table structure for table `md_course_profession`
--

CREATE TABLE `md_course_profession` (
  `cp_id` int(10) NOT NULL,
  `cp_course_id` int(10) DEFAULT NULL,
  `cp_lecture_id` int(10) DEFAULT NULL
) ENGINE=InnoDB DEFAULT CHARSET=latin1;

--
-- Dumping data for table `md_course_profession`
--

INSERT INTO `md_course_profession` (`cp_id`, `cp_course_id`, `cp_lecture_id`) VALUES
(358, 6, 2),
(359, 6, 3),
(360, 6, 4),
(361, 6, 5),
(372, 11, 1),
(373, 11, 2),
(374, 11, 3),
(375, 11, 4),
(376, 11, 5),
(377, 11, 6),
(378, 12, 2),
(379, 12, 3),
(380, 12, 4),
(381, 12, 5),
(382, 13, 1),
(383, 13, 2),
(384, 13, 3),
(385, 13, 4),
(386, 13, 5),
(387, 14, 2),
(388, 14, 3),
(389, 14, 4),
(390, 14, 5),
(391, 15, 2),
(392, 15, 3),
(393, 15, 4),
(394, 15, 5),
(416, 21, 2),
(417, 21, 3),
(418, 21, 4),
(419, 21, 5),
(442, 22, 2),
(443, 22, 3),
(444, 22, 4),
(445, 22, 5),
(446, 20, 3),
(447, 20, 4),
(448, 20, 5),
(449, 2, 1),
(450, 2, 2),
(451, 2, 3),
(452, 2, 4),
(453, 2, 5),
(454, 2, 6),
(455, 3, 2),
(456, 3, 6),
(459, 5, 2),
(460, 5, 3),
(461, 5, 4),
(462, 5, 5),
(463, 4, 1),
(464, 4, 2),
(465, 4, 3),
(466, 4, 4),
(467, 4, 5),
(468, 4, 6),
(473, 10, 1),
(474, 10, 2),
(475, 10, 3),
(476, 10, 4),
(477, 10, 5),
(478, 10, 6),
(479, 16, 2),
(480, 16, 3),
(481, 16, 4),
(482, 16, 5),
(483, 17, 2),
(484, 17, 3),
(485, 17, 4),
(486, 17, 5),
(487, 19, 2),
(488, 19, 3),
(489, 19, 4),
(490, 19, 5),
(491, 23, 3),
(492, 23, 4),
(493, 23, 5),
(494, 8, 3),
(495, 8, 4),
(496, 8, 5),
(497, 7, 3),
(498, 7, 4),
(499, 7, 5),
(500, 7, 6),
(501, 1, 1),
(502, 1, 2),
(505, 18, 1),
(506, 18, 2),
(507, 24, 2),
(508, 24, 3),
(509, 24, 4),
(510, 24, 5),
(519, 9, 2),
(520, 9, 3),
(521, 9, 4),
(522, 9, 5);

-- --------------------------------------------------------

--
-- Table structure for table `md_evaluation`
--

CREATE TABLE `md_evaluation` (
  `evaluation_id` int(11) UNSIGNED NOT NULL,
  `evaluation_course_id` int(11) UNSIGNED NOT NULL,
  `evaluation_user_id` int(11) UNSIGNED NOT NULL,
  `evaluation_quiz_id` int(11) UNSIGNED NOT NULL,
  `evaluation_objectives` varchar(225) DEFAULT NULL,
  `evaluation_appropriate` varchar(225) DEFAULT NULL,
  `evaluation_consistent` varchar(225) DEFAULT NULL,
  `evaluation_information` varchar(225) DEFAULT NULL,
  `evaluation_goals` varchar(225) DEFAULT NULL,
  `evaluation_expertise` varchar(225) DEFAULT NULL,
  `evaluation_recommend` varchar(225) DEFAULT NULL,
  `evaluation_createdon` timestamp NOT NULL DEFAULT CURRENT_TIMESTAMP,
  `evaluation_status` tinyint(4) NOT NULL DEFAULT '1' COMMENT '1-Unread ; 2-Read'
) ENGINE=MyISAM DEFAULT CHARSET=utf8 COMMENT='evaluation';

--
-- Dumping data for table `md_evaluation`
--

INSERT INTO `md_evaluation` (`evaluation_id`, `evaluation_course_id`, `evaluation_user_id`, `evaluation_quiz_id`, `evaluation_objectives`, `evaluation_appropriate`, `evaluation_consistent`, `evaluation_information`, `evaluation_goals`, `evaluation_expertise`, `evaluation_recommend`, `evaluation_createdon`, `evaluation_status`) VALUES
(2, 2, 14, 0, '2', '2', '2', '3', '3', 'on', 'on', '2020-07-31 09:50:13', 1),
(3, 2, 14, 0, '1', '2', '3', '3', '3', 'on', 'on', '2020-07-31 09:51:53', 1),
(4, 2, 14, 3, '1', '3', '3', '3', '4', 'on', 'on', '2020-07-31 10:03:28', 1),
(5, 2, 14, 3, '3', '1', '4', '3', '4', 'on', 'on', '2020-07-31 10:05:23', 1),
(6, 3, 14, 9, '2', '2', '4', '2', '1', 'on', 'on', '2020-07-31 03:32:41', 1),
(7, 4, 36, 10, '2', '2', '2', '2', '2', 'on', 'on', '2020-08-04 05:04:46', 1),
(8, 1, 37, 11, '5', '5', '5', '5', '5', 'on', 'on', '2020-08-04 14:18:19', 1),
(9, 3, 32, 29, '3', '1', '3', '2', '3', 'on', 'on', '2020-08-04 23:38:02', 1),
(10, 1, 37, 22, '5', '5', '5', '5', '5', 'on', 'on', '2020-08-05 00:18:33', 1),
(11, 20, 37, 31, '5', '5', '5', '5', '5', 'on', 'on', '2020-08-05 10:10:52', 1),
(12, 19, 37, 33, '5', '5', '5', '5', '5', 'on', 'on', '2020-08-05 10:52:28', 1),
(13, 9, 37, 36, '5', '4', '3', '1', '1', 'on', 'on', '2020-08-05 14:10:33', 1),
(14, 1, 37, 32, '2', '2', '3', '3', '3', 'on', 'on', '2020-08-05 17:32:35', 1),
(15, 1, 37, 39, '5', '5', '5', '5', '5', 'on', 'on', '2020-08-05 18:52:41', 1),
(16, 2, 40, 30, '3', '3', '3', '3', '3', 'on', 'on', '2021-02-23 01:22:26', 1);

-- --------------------------------------------------------

--
-- Table structure for table `md_faq`
--

CREATE TABLE `md_faq` (
  `faq_id` int(11) NOT NULL,
  `faq_category` int(11) NOT NULL,
  `faq_question` text,
  `faq_answer` text,
  `faq_status` int(11) NOT NULL DEFAULT '0',
  `faq_createdon` timestamp NOT NULL DEFAULT CURRENT_TIMESTAMP
) ENGINE=InnoDB DEFAULT CHARSET=latin1;

--
-- Dumping data for table `md_faq`
--

INSERT INTO `md_faq` (`faq_id`, `faq_category`, `faq_question`, `faq_answer`, `faq_status`, `faq_createdon`) VALUES
(1, 0, 'What do Mind Cloud Tribe Expert tutorials include?', '&lt;p&gt;Building a website is extremely easy. With a working knowledge of HTML and CSS you will be able to have a site up and running in no time.&lt;/p&gt;', 1, '2018-05-02 13:37:37'),
(2, 0, 'How do I enroll in a Mind Cloud Tribe tutorial?', '&lt;p&gt;Using Amazon AWS technology which is an industry leader for reliability you will be able to experience an uptime in the vicinity of 99.95%.&lt;/p&gt;', 1, '2018-05-02 13:37:39'),
(3, 0, 'How long do I have to complete my tutorials?', '&lt;p&gt;Yes, Solodev CMS is built to handle the needs of any size company. With our Multi-Site Management, you will be able to easily manage all of your websites.&lt;/p&gt;', 1, '2018-05-02 13:37:40');

-- --------------------------------------------------------

--
-- Table structure for table `md_gallery`
--

CREATE TABLE `md_gallery` (
  `gallery_id` int(22) NOT NULL,
  `gallery_name` varchar(255) DEFAULT NULL,
  `gallery_desc` mediumtext,
  `gallery_category_id` int(11) DEFAULT '0',
  `gallery_image` mediumtext,
  `gallery_image_thumb` varchar(225) DEFAULT NULL,
  `gallery_feature` int(22) NOT NULL DEFAULT '0',
  `gallery_image_path` mediumtext,
  `gallery_status` tinyint(2) NOT NULL DEFAULT '1',
  `gallery_createdon` timestamp NOT NULL DEFAULT CURRENT_TIMESTAMP
) ENGINE=InnoDB DEFAULT CHARSET=latin1;

-- --------------------------------------------------------

--
-- Table structure for table `md_inner_banner`
--

CREATE TABLE `md_inner_banner` (
  `inner_banner_id` int(10) UNSIGNED NOT NULL,
  `page_id` int(11) NOT NULL,
  `tutor_id` int(11) NOT NULL,
  `inner_banner_title` varchar(60) DEFAULT NULL,
  `inner_banner_content` text NOT NULL,
  `inner_banner_content1` text NOT NULL,
  `inner_banner_page` text NOT NULL,
  `inner_banner_image` varchar(60) DEFAULT NULL,
  `inner_banner_icon` varchar(60) DEFAULT NULL,
  `inner_banner_image_path` varchar(512) DEFAULT NULL,
  `inner_banner_status` tinyint(4) DEFAULT '1'
) ENGINE=InnoDB DEFAULT CHARSET=utf8 COMMENT='inner_Banners';

--
-- Dumping data for table `md_inner_banner`
--

INSERT INTO `md_inner_banner` (`inner_banner_id`, `page_id`, `tutor_id`, `inner_banner_title`, `inner_banner_content`, `inner_banner_content1`, `inner_banner_page`, `inner_banner_image`, `inner_banner_icon`, `inner_banner_image_path`, `inner_banner_status`) VALUES
(1, 21, 0, 'ABOUT', '', '', 'ABOUT-US', 'creenhot2020-07-25at54758161483504379.png', NULL, 'assets/uploads/inner_banner/', 1),
(2, 2, 0, 'Home', '', '', 'HOME', 'creenhot2020-07-25at54758161483504379.png', NULL, 'assets/uploads/inner_banner/', 1);

-- --------------------------------------------------------

--
-- Table structure for table `md_inquiry`
--

CREATE TABLE `md_inquiry` (
  `inquiry_id` int(11) UNSIGNED NOT NULL,
  `inquiry_phone` varchar(20) DEFAULT NULL,
  `inquiry_type` varchar(100) NOT NULL DEFAULT 'Contact Inquiry' COMMENT 'Identifies from where inquiry comes from . eg. contactus',
  `inquiry_name` varchar(100) DEFAULT NULL,
  `inquiry_lastname` varchar(100) DEFAULT NULL,
  `inquiry_email` varchar(100) DEFAULT NULL,
  `inquiry_subject` varchar(225) DEFAULT NULL,
  `inquiry_message` text,
  `inquiry_createdon` timestamp NOT NULL DEFAULT CURRENT_TIMESTAMP,
  `inquiry_status` tinyint(4) NOT NULL DEFAULT '1' COMMENT '1-Unread ; 2-Read',
  `inquiry_image` varchar(225) DEFAULT NULL,
  `inquiry_image_path` varchar(225) DEFAULT NULL
) ENGINE=MyISAM DEFAULT CHARSET=utf8 COMMENT='INquiry';

--
-- Dumping data for table `md_inquiry`
--

INSERT INTO `md_inquiry` (`inquiry_id`, `inquiry_phone`, `inquiry_type`, `inquiry_name`, `inquiry_lastname`, `inquiry_email`, `inquiry_subject`, `inquiry_message`, `inquiry_createdon`, `inquiry_status`, `inquiry_image`, `inquiry_image_path`) VALUES
(1, '123123123', 'Contact Inquiry', 'john watson', 'watson', 'test@email.cxom', NULL, 'asdasdasd', '2019-08-20 19:58:33', 0, NULL, NULL),
(2, NULL, 'Contact Inquiry', 'martin green', NULL, 'martingren@gmail.com', 'asdasd', 'asdasdasd', '2019-09-03 22:24:19', 1, NULL, NULL),
(3, NULL, 'Contact Inquiry', 'asdas', NULL, 'martingren@gmail.com', 'asdasasd', 'adsad', '2019-09-03 22:31:26', 1, NULL, NULL),
(4, NULL, 'Contact Inquiry', 'martin green', NULL, 'martingren@gmail.com', 'sdfsdf', 'sdfsdf', '2019-09-03 22:47:20', 1, NULL, NULL),
(5, NULL, 'Contact Inquiry', 'aaadaaa', NULL, 'martingren@gmail.com', 'asd', 'asdasd', '2019-09-03 22:47:32', 1, NULL, NULL),
(6, NULL, 'Contact Inquiry', 'elea', NULL, 'elea@gmail.com', 'subject', 'test test test mesage', '2019-09-12 20:47:47', 0, NULL, NULL),
(7, NULL, 'Contact Inquiry', 'martin green', NULL, 'martingren@gmail.com', NULL, 'testetse', '2019-09-26 15:59:58', 0, NULL, NULL),
(8, NULL, 'Contact Inquiry', 'martin green', NULL, 'martingren@gmail.com', NULL, 'testtste', '2019-10-11 16:23:52', 0, NULL, NULL),
(9, NULL, 'Contact Inquiry', 'martin green', NULL, 'martingren@gmail.com', NULL, '12312312312', '2019-10-11 22:07:47', 1, NULL, NULL),
(10, NULL, 'Contact Inquiry', 'martin green', NULL, 'martingren@gmail.com', NULL, 'testtste', '2019-10-11 22:08:12', 2, NULL, NULL),
(11, '012321123', 'Contact Inquiry', 'martin green', NULL, 'martingren@gmail.com', NULL, 'SSasAS', '2019-11-11 21:06:11', 1, NULL, NULL),
(12, NULL, 'Contact Inquiry', 'aref m salama', NULL, 'banoub@aol.com', NULL, 'hi there just check if its working', '2019-11-23 18:30:11', 1, NULL, NULL),
(13, NULL, 'Contact Inquiry', 'rowan cunningham', NULL, 'sacolyh@mailinator.com', 'expedita facere est', 'Sed ex minim volupta', '2020-07-31 02:24:55', 0, NULL, NULL),
(14, NULL, 'Contact Inquiry', 'ana', NULL, 'n.lambert8711@gmail.com', 'account', 'Hello there!!!!', '2020-08-04 23:50:40', 0, NULL, NULL);

-- --------------------------------------------------------

--
-- Table structure for table `md_jobs`
--

CREATE TABLE `md_jobs` (
  `jobs_id` int(10) UNSIGNED NOT NULL,
  `jobs_user_id` int(10) UNSIGNED NOT NULL DEFAULT '0',
  `jobs_category_id` int(10) DEFAULT NULL,
  `jobs_name` varchar(256) NOT NULL DEFAULT '0',
  `jobs_slug` varchar(256) NOT NULL DEFAULT '0',
  `jobs_intro` text NOT NULL,
  `jobs_desc` text NOT NULL,
  `jobs_desc2` text NOT NULL COMMENT 'Applying procedure',
  `jobs_desc3` text NOT NULL COMMENT 'requirements',
  `jobs_salary` float NOT NULL,
  `jobs_salaryrange_id` int(10) UNSIGNED NOT NULL DEFAULT '0',
  `jobs_experience` varchar(256) NOT NULL,
  `jobs_city` varchar(255) NOT NULL DEFAULT '0',
  `jobs_state` varchar(255) NOT NULL DEFAULT '0' COMMENT 'STATE OR PROVINCE',
  `jobs_genre` int(11) NOT NULL DEFAULT '0',
  `jobs_country` varchar(255) NOT NULL DEFAULT '0',
  `jobs_address` varchar(255) NOT NULL DEFAULT '0',
  `jobs_organization` varchar(225) NOT NULL,
  `jobs_type` int(11) NOT NULL DEFAULT '0' COMMENT '0=admin, else user',
  `jobs_email` varchar(225) NOT NULL,
  `jobs_startdate` varchar(255) NOT NULL,
  `jobs_image` varchar(225) NOT NULL,
  `jobs_image_path` varchar(225) NOT NULL,
  `jobs_lastdate` varchar(225) NOT NULL COMMENT 'DEADLINE',
  `jobs_keywords` varchar(555) NOT NULL,
  `jobs_status` int(11) NOT NULL,
  `jobs_featured` int(11) NOT NULL,
  `jobs_approval` int(11) DEFAULT '0',
  `jobs_createdon` datetime NOT NULL DEFAULT CURRENT_TIMESTAMP
) ENGINE=InnoDB DEFAULT CHARSET=latin1;

--
-- Dumping data for table `md_jobs`
--

INSERT INTO `md_jobs` (`jobs_id`, `jobs_user_id`, `jobs_category_id`, `jobs_name`, `jobs_slug`, `jobs_intro`, `jobs_desc`, `jobs_desc2`, `jobs_desc3`, `jobs_salary`, `jobs_salaryrange_id`, `jobs_experience`, `jobs_city`, `jobs_state`, `jobs_genre`, `jobs_country`, `jobs_address`, `jobs_organization`, `jobs_type`, `jobs_email`, `jobs_startdate`, `jobs_image`, `jobs_image_path`, `jobs_lastdate`, `jobs_keywords`, `jobs_status`, `jobs_featured`, `jobs_approval`, `jobs_createdon`) VALUES
(1, 1, 1, 'Frim Administtator', '0', '', '&lt;p&gt;Lorem ipsum dolor sit amet, consectetur adipisicing elit. Repudiandae ea praesentium architecto magni placeat error mollitia accusantium officiis, asperiores porro animi, facere ducimus. Ipsum laudantium quod, ullam debitis exercitationem vel.Lorem ipsum dolor sit amet, consectetur adipisicing elit. Repudiandae ea praesentium architecto magni placeat error mollitia accusantium officiis, asperiores porro animi, facere ducimus. Ipsum laudantium quod, ullam debitis exercitationem vel.&lt;/p&gt;', '<p>Lorem ipsum dolor sit amet, consectetur adipisicing elit. Repudiandae ea praesentium architecto magni placeat error mollitia accusantium officiis, asperiores porro animi, facere ducimus. Ipsum laudantium quod, ullam debitis exercitationem vel.Lorem ipsum dolor sit amet, consectetur adipisicing elit. Repudiandae ea praesentium architecto magni placeat error mollitia accusantium officiis, asperiores porro animi, facere ducimus. Ipsum laudantium quod, ullam debitis exercitationem vel.</p>\r\n', '<p>Lorem ipsum dolor sit amet, consectetur adipisicing elit. Repudiandae ea praesentium architecto magni placeat error mollitia accusantium officiis, asperiores porro animi, facere ducimus. Ipsum laudantium quod, ullam debitis exercitationem vel.Lorem ipsum dolor sit amet, consectetur adipisicing elit. Repudiandae ea praesentium architecto magni placeat error mollitia accusantium officiis, asperiores porro animi, facere ducimus. Ipsum laudantium quod, ullam debitis exercitationem vel.</p>\r\n', 50000, 4, '2 years', 'lahore', 'CA', 1, '5', '31 Ridgeview Ave.', 'Tester Club', 0, '', '', 'vid1157002583452.jpg', 'assets/uploads/jobs/', '2019-10-02', 'admin, HR', 1, 0, 1, '2019-10-25 12:03:06'),
(2, 12, 4, 'Maths Teache', '0', '', '&lt;p&gt;Lorem ipsum dolor sit amet, consectetur adipisicing elit. Repudiandae ea praesentium architecto magni placeat error mollitia accusantium officiis, asperiores porro animi, facere ducimus. Ipsum laudantium quod, ullam debitis exercitationem vel.Lorem ipsum dolor sit amet, consectetur adipisicing elit. Repudiandae ea praesentium architecto magni placeat error mollitia accusantium officiis, asperiores porro animi, facere ducimus. Ipsum laudantium quod, ullam debitis exercitationem vel.&lt;/p&gt;', '<p>Lorem ipsum dolor sit amet, consectetur adipisicing elit. Repudiandae ea praesentium architecto magni placeat error mollitia accusantium officiis, asperiores porro animi, facere ducimus. Ipsum laudantium quod, ullam debitis exercitationem vel.Lorem ipsum dolor sit amet, consectetur adipisicing elit. Repudiandae ea praesentium architecto magni placeat error mollitia accusantium officiis, asperiores porro animi, facere ducimus. Ipsum laudantium quod, ullam debitis exercitationem vel.</p>\r\n', '<p>Lorem ipsum dolor sit amet, consectetur adipisicing elit. Repudiandae ea praesentium architecto magni placeat error mollitia accusantium officiis, asperiores porro animi, facere ducimus. Ipsum laudantium quod, ullam debitis exercitationem vel.Lorem ipsum dolor sit amet, consectetur adipisicing elit. Repudiandae ea praesentium architecto magni placeat error mollitia accusantium officiis, asperiores porro animi, facere ducimus. Ipsum laudantium quod, ullam debitis exercitationem vel.</p>\r\n', 50000, 4, '5 years', 'California', 'CA', 2, '5', '31 Ridgeview Ave.', 'Paragon Schooling System', 0, '', '', 'services-2157009925051.png', 'assets/uploads/jobs/', '2019-10-03', 'education, teacher', 1, 0, 1, '2019-10-25 12:03:06'),
(3, 1, 2, 'English Teacher', '0', '&lt;p&gt;Lorem ipsum dolor sit amet, consectetur adipisicing elit. Repudiandae ea praesentium architecto magni placeat error mollitia accusantium officiis, asperiores porro animi, facere ducimus. Ipsum laudantium quod, ullam debitis exercitationem vel.Lorem ipsum dolor sit amet, consectetur adipisicing elit. Repudiandae ea praesentium architecto magni placeat error mollitia accusantium officiis, asperiores porro animi, facere ducimus. Ipsum laudantium quod, ullam debitis exercitationem vel.&lt;/p&gt;', '&lt;p&gt;Lorem ipsum dolor sit amet, consectetur adipisicing elit. Repudiandae ea praesentium architecto magni placeat error mollitia accusantium officiis, asperiores porro animi, facere ducimus. Ipsum laudantium quod, ullam debitis exercitationem vel.Lorem ipsum dolor sit amet, consectetur adipisicing elit. Repudiandae ea praesentium architecto magni placeat error mollitia accusantium officiis, asperiores porro animi, facere ducimus. Ipsum laudantium quod, ullam debitis exercitationem vel.&lt;/p&gt;', '<p>Lorem ipsum dolor sit amet, consectetur adipisicing elit. Repudiandae ea praesentium architecto magni placeat error mollitia accusantium officiis, asperiores porro animi, facere ducimus. Ipsum laudantium quod, ullam debitis exercitationem vel.Lorem ipsum dolor sit amet, consectetur adipisicing elit. Repudiandae ea praesentium architecto magni placeat error mollitia accusantium officiis, asperiores porro animi, facere ducimus. Ipsum laudantium quod, ullam debitis exercitationem vel.</p>\r\n', '<p>Lorem ipsum dolor sit amet, consectetur adipisicing elit. Repudiandae ea praesentium architecto magni placeat error mollitia accusantium officiis, asperiores porro animi, facere ducimus. Ipsum laudantium quod, ullam debitis exercitationem vel.Lorem ipsum dolor sit amet, consectetur adipisicing elit. Repudiandae ea praesentium architecto magni placeat error mollitia accusantium officiis, asperiores porro animi, facere ducimus. Ipsum laudantium quod, ullam debitis exercitationem vel.</p>\r\n', 20000, 4, 'Minimum 2  year', 'California', 'CA', 1, '5', '31 Ridgeview Ave.', 'Burk Assocites', 0, '', '', '', '', '2019-10-03', 'admin, corporate,teacher', 1, 1, 1, '2019-10-25 12:03:06'),
(4, 1, 4, 'Maths Teache', '0', '', '&lt;p&gt;tstesetse&lt;/p&gt;', '', '', 12000, 3, 'Minimum 2  year', 'California', 'CA', 2, '2', '31 Ridgeview Ave.', 'Tester Club', 0, '', '', '', '', '2019-10-24', 'acadamic', 1, 0, 1, '2019-10-25 12:03:06'),
(5, 1, 4, 'Maths Teacher', '0', '', '&lt;p&gt;t fdsyavdajhvdatyfdjyasd&lt;/p&gt;', '', '', 20000, 4, 'Minimum 2  year', 'lahore', 'CA', 3, '2', '31 Ridgeview Ave.', 'Tester Club', 0, '', '', '', '', '2019-10-24', 'education', 1, 0, 1, '2019-10-25 12:03:06'),
(6, 1, 3, 'Administrator', '0', '&lt;p&gt;Lorem ipsum dolor sit amet, consectetur adipisicing elit. Repudiandae ea praesentium architecto magni placeat error mollitia accusantium officiis, asperiores porro animi, facere ducimus. Ipsum laudantium quod, ullam debitis exercitationem vel.Lorem ipsum dolor sit amet, consectetur adipisicing elit. Repudiandae ea praesentium architecto magni placeat error mollitia accusantium officiis, asperiores porro animi, facere ducimus. Ipsum laudantium quod, ullam debitis exercitationem vel.&lt;/p&gt;', '&lt;p&gt;Lorem ipsum dolor sit amet, consectetur adipisicing elit. Repudiandae ea praesentium architecto magni placeat error mollitia accusantium officiis, asperiores porro animi, facere ducimus. Ipsum laudantium quod, ullam debitis exercitationem vel.Lorem ipsum dolor sit amet, consectetur adipisicing elit. Repudiandae ea praesentium architecto magni placeat error mollitia accusantium officiis, asperiores porro animi, facere ducimus. Ipsum laudantium quod, ullam debitis exercitationem vel.&lt;/p&gt;\r\n\r\n&lt;p&gt;Lorem ipsum dolor sit amet, consectetur adipisicing elit. Repudiandae ea praesentium architecto magni placeat error mollitia accusantium officiis, asperiores porro animi, facere ducimus. Ipsum laudantium quod, ullam debitis exercitationem vel.Lorem ipsum dolor sit amet, consectetur adipisicing elit. Repudiandae ea praesentium architecto magni placeat error mollitia accusantium officiis, asperiores porro animi, facere ducimus. Ipsum laudantium quod, ullam debitis exercitationem vel.&lt;/p&gt;', '', '', 30000, 4, '5 years', 'karachi', 'CA', 2, '2', '31 Ridgeview Ave.', 'ABCD College', 0, '', '', 'download157191562766.png', 'assets/uploads/jobs/', '2019-11-14', 'admin,administrator', 1, 0, 1, '2019-10-25 12:03:06'),
(7, 1, 6, 'Cook', '0', '&lt;p&gt;This jobs full time and part time&nbsp;&lt;/p&gt;', '&lt;p&gt;Must be a good cook and clean&nbsp;&lt;/p&gt;', '<p>Email your cv or stop by</p>\r\n', '<p>5 years experience</p>\r\n', 600, 0, '3 years', 'Reading', 'Pa', 1, '223', '1138 lancester ave', 'Michele diner', 0, '', '', '9217-390-487-924-7437304157451116947.jpeg', 'assets/uploads/jobs/', '2019-11-23', 'Cook,chef,restaurant,diner', 1, 0, 1, '2019-11-23 17:12:49'),
(8, 1, 2, 'Accounting', '0', '&lt;p&gt;Fhg&lt;/p&gt;', '&lt;p&gt;Gyfg&lt;/p&gt;', '<p>Guhjjjhj</p>\r\n', '<p>Hgthh</p>\r\n', 1000, 1, 'Stuff', 'Reading', 'Pa', 2, '223', '1138 Lancaster Avenue', 'Stuff', 0, '', '', '', '', '2019-12-26', 'Accounting, acount', 1, 0, 1, '2019-11-23 23:13:55'),
(9, 1, 6, 'waitress', '0', '&lt;p&gt;must be exp&lt;/p&gt;', '&lt;p&gt;clean&lt;/p&gt;', '<p>at the diner</p>\r\n', '<p>nice cloth</p>\r\n', 500, 0, '5 years', 'pottstown', 'PA', 1, '223', 'high street', 'Royal Diner', 0, '', '', '', '', '2019-12-23', 'waitress, diner, restaurant', 1, 0, 1, '2019-11-23 23:54:18'),
(10, 29, 4, 'Maths Teache', '0', '', '&lt;p&gt;tetet&lt;/p&gt;', '', '', 15000, 3, 'Minimum 2  year', 'California', 'CA', 2, '223', '31 Ridgeview Ave.', 'Tester Club', 0, '', '', 'download157494435811.png', 'assets/uploads/jobs/', '2019-11-28', 'ads adas', 1, 0, 1, '2019-11-28 17:32:38');

-- --------------------------------------------------------

--
-- Table structure for table `md_jobs_skills`
--

CREATE TABLE `md_jobs_skills` (
  `js_id` int(10) NOT NULL,
  `js_jobs_id` int(10) DEFAULT NULL,
  `js_skills_id` int(10) DEFAULT NULL
) ENGINE=InnoDB DEFAULT CHARSET=latin1;

--
-- Dumping data for table `md_jobs_skills`
--

INSERT INTO `md_jobs_skills` (`js_id`, `js_jobs_id`, `js_skills_id`) VALUES
(7, 2, 1),
(8, 2, 2),
(9, 2, 5),
(31, 5, 3),
(32, 5, 4),
(33, 3, 2),
(34, 3, 4),
(35, 10, 1),
(36, 10, 2),
(37, 10, 3);

-- --------------------------------------------------------

--
-- Table structure for table `md_learning`
--

CREATE TABLE `md_learning` (
  `learning_id` int(11) NOT NULL,
  `learning_name` varchar(100) DEFAULT NULL,
  `learning_desc` text,
  `learning_image` varchar(255) DEFAULT NULL,
  `learning_image_path` varchar(255) DEFAULT NULL,
  `learning_status` tinyint(4) NOT NULL DEFAULT '1',
  `learning_featured` tinyint(4) NOT NULL DEFAULT '0',
  `learning_createdon` timestamp NOT NULL DEFAULT CURRENT_TIMESTAMP ON UPDATE CURRENT_TIMESTAMP
) ENGINE=InnoDB DEFAULT CHARSET=latin1;

--
-- Dumping data for table `md_learning`
--

INSERT INTO `md_learning` (`learning_id`, `learning_name`, `learning_desc`, `learning_image`, `learning_image_path`, `learning_status`, `learning_featured`, `learning_createdon`) VALUES
(1, '1. Intro To Learning Journey', '', 'icons8-physics161639095376.svg', 'assets/uploads/learning/', 1, 1, '2021-03-22 05:29:29'),
(2, '2. Business Model Canvas', '&lt;ul&gt;\r\n &lt;li&gt;Business Model Canvas&lt;/li&gt;\r\n &lt;li&gt;Value Proposition Canvas&lt;/li&gt;\r\n&lt;/ul&gt;', 'icons8-physics161639095376.svg', 'assets/uploads/learning/', 1, 1, '2021-03-22 05:30:09'),
(3, '3. Marketing Strategies', '&lt;ul&gt;\r\n &lt;li&gt;SWOT Analysis Template&lt;/li&gt;\r\n &lt;li&gt;Position And Marketing Mix&lt;/li&gt;\r\n &lt;li&gt;Strategic Marketing Plan&lt;/li&gt;\r\n &lt;li&gt;Customer Journey&lt;/li&gt;\r\n &lt;li&gt;Marketing Campaigns&lt;/li&gt;\r\n &lt;li&gt;Online Sales Funnel&lt;/li&gt;\r\n&lt;/ul&gt;', 'icons8-physics161639095376.svg', 'assets/uploads/learning/', 1, 1, '2021-03-22 05:31:00'),
(4, '4. Financial Management', '&lt;ul&gt;\r\n &lt;li&gt;Intro To Financial Management&lt;/li&gt;\r\n &lt;li&gt;Income Statement&lt;/li&gt;\r\n &lt;li&gt;Balance Sheet Statement&lt;/li&gt;\r\n &lt;li&gt;Break Even Point-Sheet&lt;/li&gt;\r\n &lt;li&gt;Discounted Cashflow Valuation&lt;/li&gt;\r\n&lt;/ul&gt;', 'icons8-physics161639095376.svg', 'assets/uploads/learning/', 1, 1, '2021-03-22 05:31:17'),
(5, '5. Legal Structures', '&lt;ul&gt;\r\n &lt;li&gt;Legal Term Sheet&lt;/li&gt;\r\n&lt;/ul&gt;', 'icons8-physics161639095376.svg', 'assets/uploads/learning/', 1, 1, '2021-03-22 05:31:35'),
(6, '6. Investment Deck', '&lt;ul&gt;\r\n &lt;li&gt;Investment Or Pitch Deck&lt;/li&gt;\r\n&lt;/ul&gt;', 'icons8-physics161639095376.svg', 'assets/uploads/learning/', 1, 1, '2021-03-22 05:31:49');

-- --------------------------------------------------------

--
-- Table structure for table `md_lecture`
--

CREATE TABLE `md_lecture` (
  `lecture_id` int(11) NOT NULL,
  `lecture_name` varchar(100) DEFAULT NULL,
  `lecture_desc` text,
  `lecture_image` varchar(225) DEFAULT NULL,
  `lecture_image_path` varchar(225) DEFAULT NULL,
  `lecture_slug` varchar(100) DEFAULT NULL,
  `lecture_status` tinyint(4) NOT NULL DEFAULT '1',
  `lecture_featured` tinyint(4) NOT NULL DEFAULT '0',
  `lecture_createdon` timestamp NOT NULL DEFAULT CURRENT_TIMESTAMP ON UPDATE CURRENT_TIMESTAMP
) ENGINE=InnoDB DEFAULT CHARSET=latin1;

--
-- Dumping data for table `md_lecture`
--

INSERT INTO `md_lecture` (`lecture_id`, `lecture_name`, `lecture_desc`, `lecture_image`, `lecture_image_path`, `lecture_slug`, `lecture_status`, `lecture_featured`, `lecture_createdon`) VALUES
(7, 'Lecture 1.1', '&lt;p&gt;Lorem Ipsum&lt;/p&gt;', 'check161586968799.png', 'assets/uploads/lecture/', 'lecture-11', 1, 1, '2021-03-16 04:41:27'),
(9, 'Lecture 1.2', '&lt;p&gt;Lorem Ipsum&lt;/p&gt;', 'check161586968799.png', 'assets/uploads/lecture/', 'lecture-12', 1, 1, '2021-03-16 04:41:27'),
(10, 'Lecture 1.3', '&lt;p&gt;Lorem Ipsum&lt;/p&gt;', 'check161586968799.png', 'assets/uploads/lecture/', 'lecture-13', 1, 1, '2021-03-16 04:41:27'),
(11, 'Lecture 1.4', '&lt;p&gt;Lorem Ipsum&lt;/p&gt;', 'check161586968799.png', 'assets/uploads/lecture/', 'lecture-14', 1, 1, '2021-03-16 04:41:27'),
(12, 'Lecture 1.5', '&lt;p&gt;Lorem Ipsum&lt;/p&gt;', 'check161586968799.png', 'assets/uploads/lecture/', 'lecture-15', 1, 1, '2021-03-16 04:41:27'),
(13, 'Lecture 1.6', '&lt;p&gt;Lorem Ipsum&lt;/p&gt;', 'check161586968799.png', 'assets/uploads/lecture/', 'lecture-16', 1, 1, '2021-03-16 04:41:27'),
(14, 'Lecture 1.8', '&lt;p&gt;test&lt;/p&gt;', 'arrow-down161587016332.png', 'assets/uploads/lecture/', 'lecture-18', 1, 1, '2021-03-16 04:49:23');

-- --------------------------------------------------------

--
-- Table structure for table `md_location`
--

CREATE TABLE `md_location` (
  `location_id` int(10) NOT NULL,
  `location_country` int(10) DEFAULT '0',
  `location_city` int(10) DEFAULT '0',
  `location_state` int(10) DEFAULT '0',
  `location_store_id` int(10) DEFAULT '0',
  `location_createdon` timestamp NOT NULL DEFAULT CURRENT_TIMESTAMP,
  `location_status` tinyint(1) DEFAULT '1' COMMENT '1=Active; 0= Inactive'
) ENGINE=InnoDB DEFAULT CHARSET=utf8;

-- --------------------------------------------------------

--
-- Table structure for table `md_logo`
--

CREATE TABLE `md_logo` (
  `logo_id` int(10) NOT NULL,
  `logo_name` varchar(50) COLLATE utf8_bin DEFAULT '0',
  `logo_image` varchar(255) COLLATE utf8_bin DEFAULT NULL,
  `logo_footer_image` varchar(255) COLLATE utf8_bin DEFAULT NULL,
  `logo_favicon` varchar(255) COLLATE utf8_bin DEFAULT NULL,
  `logo_image_path` varchar(512) COLLATE utf8_bin DEFAULT NULL,
  `logo_status` tinyint(4) NOT NULL DEFAULT '1',
  `ondate` timestamp NOT NULL DEFAULT CURRENT_TIMESTAMP ON UPDATE CURRENT_TIMESTAMP
) ENGINE=InnoDB DEFAULT CHARSET=utf8 COLLATE=utf8_bin;

--
-- Dumping data for table `md_logo`
--

INSERT INTO `md_logo` (`logo_id`, `logo_name`, `logo_image`, `logo_footer_image`, `logo_favicon`, `logo_image_path`, `logo_status`, `ondate`) VALUES
(1, 'Logo', 'headerlogo161544262992.png', '', 'headerlogo161544262989.png', 'assets/uploads/logo/', 1, '2021-03-11 06:03:49');

-- --------------------------------------------------------

--
-- Table structure for table `md_newsletter`
--

CREATE TABLE `md_newsletter` (
  `newsletter_id` int(11) NOT NULL,
  `newsletter_email` varchar(100) NOT NULL,
  `newsletter_name` varchar(100) NOT NULL,
  `newsletter_status` tinyint(4) NOT NULL DEFAULT '1' COMMENT '0 = Inactive, 1 = Active',
  `newsletter_createdon` timestamp NOT NULL DEFAULT CURRENT_TIMESTAMP
) ENGINE=MyISAM DEFAULT CHARSET=utf8 COMMENT='Newsletter';

--
-- Dumping data for table `md_newsletter`
--

INSERT INTO `md_newsletter` (`newsletter_id`, `newsletter_email`, `newsletter_name`, `newsletter_status`, `newsletter_createdon`) VALUES
(1, 'asd@asdad.com', '', 1, '2019-07-04 17:18:41'),
(2, 'asd@asdad.coms', '', 1, '2019-07-04 17:23:24'),
(3, 'abc@gmail.com', '', 1, '2019-08-02 21:33:02'),
(4, 'asd@sda.asd', '', 1, '2019-08-02 21:33:37'),
(5, 'user@whitzy.com', '', 1, '2019-09-03 20:00:54'),
(6, 'asda@asd.asdasdas', '', 1, '2019-09-25 20:57:13'),
(7, 'gsgdfgs@asd.asd', '', 1, '2019-09-25 20:57:16'),
(8, 'banoubegypt@gmail.com', '', 1, '2019-11-23 18:26:50'),
(9, 'banoub@aol.com', '', 1, '2019-11-24 02:39:27'),
(10, 'imdigi1990@gmail.com', '', 1, '2020-07-31 02:02:33');

-- --------------------------------------------------------

--
-- Table structure for table `md_options`
--

CREATE TABLE `md_options` (
  `options_id` int(11) NOT NULL,
  `options_qs_id` int(11) NOT NULL DEFAULT '0',
  `options_name` text,
  `options_status` tinyint(4) NOT NULL DEFAULT '1',
  `options_createdon` timestamp NOT NULL DEFAULT CURRENT_TIMESTAMP ON UPDATE CURRENT_TIMESTAMP
) ENGINE=InnoDB DEFAULT CHARSET=latin1;

--
-- Dumping data for table `md_options`
--

INSERT INTO `md_options` (`options_id`, `options_qs_id`, `options_name`, `options_status`, `options_createdon`) VALUES
(1, 0, 'Once or twice a day', 2, '2020-08-05 10:37:00'),
(2, 0, 'Every 6 hours', 1, '2020-07-17 13:12:54'),
(3, 0, '3 times a day', 1, '2020-07-17 13:12:58'),
(4, 0, 'After each meal', 1, '2020-07-17 13:13:03'),
(5, 0, 'Glargine', 1, '2020-07-17 13:13:09'),
(6, 0, 'Detemir', 1, '2020-07-17 13:13:13'),
(7, 0, 'Humalog', 1, '2020-07-17 13:13:18'),
(8, 0, '4 hours', 1, '2020-07-24 15:39:02'),
(9, 0, '30 minutes', 1, '2020-07-24 15:39:07'),
(10, 0, '0-15 minutes', 1, '2020-07-24 15:39:11'),
(11, 0, 'It doesn&rsquo;t have a peak', 1, '2020-07-24 15:41:02'),
(12, 0, 'By clicking here I confirm, under penalty of law that  I  have reviewed in its entirety all of the content of this lesson.', 1, '2020-08-05 10:08:16'),
(13, 0, 'they love the abuser', 1, '2020-08-05 10:37:54'),
(14, 0, 'they have plenty of options', 1, '2020-08-05 10:38:13'),
(15, 0, 'their large support system will accept them at anytime', 1, '2020-08-05 10:38:29'),
(16, 0, 'they can leave; but just don&rsquo;t want to', 1, '2020-08-05 10:38:46'),
(17, 0, 'Yes', 1, '2020-08-05 10:40:49'),
(18, 0, 'No', 1, '2020-08-05 10:40:56'),
(19, 0, '1950', 1, '2020-08-05 13:53:50'),
(20, 0, '1924', 1, '2020-08-05 13:54:02'),
(21, 0, '1999', 1, '2020-08-05 13:54:15'),
(22, 0, '2007', 1, '2020-08-05 13:54:22'),
(23, 0, 'A person that may have a lack of sexual attraction to anyone, or low or absent interest in sexual activity.', 1, '2020-08-05 13:54:38'),
(24, 0, 'A person whose biological anatomy and/or genes vary from the expected male or female anatomy and/or genetics.', 1, '2020-08-05 13:55:07'),
(25, 0, 'A woman who is sexually attracted to other women.', 1, '2020-08-05 13:55:21'),
(26, 0, 'Lesbian, Gay, Bisexual, Transgender, Queer, Questioning, Intersex, Ally', 1, '2020-08-05 13:55:37'),
(27, 0, 'No surgery should be performed while a patient is actively psychotic.', 1, '2020-08-05 13:56:12'),
(28, 0, 'Persistent, well-documented Gender Dysphoria;', 1, '2020-08-05 13:56:34'),
(29, 0, 'capacity to make a fully informed decision and to consent for treatment;', 1, '2020-08-05 13:56:58'),
(30, 0, 'If significant medical or mental health concerns are present, they must be reasonably well Controlled.', 1, '2020-08-05 13:57:14'),
(31, 0, 'Full healthcare coverage by all healthcare plans', 1, '2020-08-05 13:57:41'),
(32, 0, 'A lack of specific education and training for health care workers', 1, '2020-08-05 13:57:57'),
(33, 0, 'A lack of clinical research on LGBT health-related issues', 1, '2020-08-05 13:58:21'),
(34, 0, 'Restrictive health benefits', 1, '2020-08-05 13:58:44'),
(35, 0, 'End of shift', 1, '2020-08-05 18:19:08'),
(36, 0, 'After lunch break', 1, '2020-08-05 18:19:23'),
(37, 0, 'Whenever time permits', 1, '2020-08-05 18:19:45'),
(38, 0, 'After care is given', 1, '2020-08-05 18:20:16'),
(39, 0, 'Erase the error', 1, '2020-08-05 18:21:55'),
(40, 0, 'Use correction fluid over the error', 1, '2020-08-05 18:22:23'),
(41, 0, 'Draw a single line through the error, write error and initial', 1, '2020-08-05 18:23:19'),
(42, 0, 'Delete the error', 1, '2020-08-05 18:23:43');

-- --------------------------------------------------------

--
-- Table structure for table `md_order`
--

CREATE TABLE `md_order` (
  `order_id` int(10) NOT NULL,
  `order_user_id` int(10) NOT NULL DEFAULT '0',
  `order_package_id` int(10) NOT NULL DEFAULT '0',
  `order_amount` float NOT NULL,
  `order_package_name` varchar(225) NOT NULL,
  `order_discount` float NOT NULL,
  `order_firstname` varchar(50) NOT NULL,
  `order_lastname` varchar(50) NOT NULL,
  `order_email` varchar(50) NOT NULL,
  `order_address` varchar(100) NOT NULL,
  `order_phone` varchar(50) NOT NULL,
  `order_state` varchar(100) NOT NULL,
  `order_city` varchar(50) NOT NULL,
  `order_country` varchar(225) NOT NULL,
  `order_zip` int(10) NOT NULL,
  `order_status` int(10) NOT NULL DEFAULT '0' COMMENT '0=default,1=approve,2=declined,3=error',
  `order_status_message` varchar(50) NOT NULL DEFAULT '0',
  `order_txn_id` varchar(225) NOT NULL,
  `order_txn_message` varchar(50) NOT NULL DEFAULT '0',
  `order_createdon` timestamp NOT NULL DEFAULT CURRENT_TIMESTAMP,
  `order_type` int(11) NOT NULL DEFAULT '0' COMMENT '1=fund,2=mini',
  `order_payment_method` varchar(100) NOT NULL,
  `order_payment_status` varchar(50) NOT NULL DEFAULT '0',
  `order_paypal_date` varchar(225) NOT NULL,
  `order_package_start` datetime NOT NULL DEFAULT CURRENT_TIMESTAMP,
  `order_package_expire` varchar(50) NOT NULL,
  `order_package_year` int(11) NOT NULL
) ENGINE=MyISAM DEFAULT CHARSET=latin1;

--
-- Dumping data for table `md_order`
--

INSERT INTO `md_order` (`order_id`, `order_user_id`, `order_package_id`, `order_amount`, `order_package_name`, `order_discount`, `order_firstname`, `order_lastname`, `order_email`, `order_address`, `order_phone`, `order_state`, `order_city`, `order_country`, `order_zip`, `order_status`, `order_status_message`, `order_txn_id`, `order_txn_message`, `order_createdon`, `order_type`, `order_payment_method`, `order_payment_status`, `order_paypal_date`, `order_package_start`, `order_package_expire`, `order_package_year`) VALUES
(1, 5, 2, 29, '', 0, 'Elle', 'MArks', 'elle28dev@gmail.com', '', '31235645', '', '', '', 0, 0, '0', '', '0', '2019-08-09 20:16:58', 0, '', '0', '', '2019-08-09 16:16:58', '2019-09-09', 0),
(2, 5, 2, 29, '', 0, 'Elle', 'MArks', 'elle28dev@gmail.com', '', '31235645', '', '', '', 0, 0, '0', '', '0', '2019-08-09 20:17:07', 0, '', '0', '', '2019-08-09 16:17:07', '2019-09-09', 0),
(3, 5, 2, 29, 'Premium', 0, 'Elle', 'MArks', 'elle28dev@gmail.com', '', '31235645', '', '', '', 0, 0, '0', '', '0', '2019-08-09 20:21:06', 0, '', '0', '', '2019-08-09 16:21:06', '2019-09-09', 0);

-- --------------------------------------------------------

--
-- Table structure for table `md_package`
--

CREATE TABLE `md_package` (
  `package_id` int(10) NOT NULL,
  `package_name` varchar(225) DEFAULT NULL,
  `package_slug` varchar(225) DEFAULT NULL,
  `package_image` varchar(225) DEFAULT NULL,
  `package_image_path` varchar(225) DEFAULT NULL,
  `package_price` float DEFAULT '0',
  `package_basic_price` float DEFAULT '0',
  `package_period` tinyint(2) DEFAULT '0' COMMENT '1=week , 2= month, 3= year',
  `package_period_no` int(11) DEFAULT '0',
  `package_desc` text NOT NULL,
  `package_desc2` mediumtext NOT NULL,
  `package_hour` varchar(50) NOT NULL DEFAULT '',
  `package_createdon` timestamp NOT NULL DEFAULT CURRENT_TIMESTAMP,
  `package_status` tinyint(1) DEFAULT '1' COMMENT '1=Active; 0= Inactive'
) ENGINE=InnoDB DEFAULT CHARSET=utf8;

--
-- Dumping data for table `md_package`
--

INSERT INTO `md_package` (`package_id`, `package_name`, `package_slug`, `package_image`, `package_image_path`, `package_price`, `package_basic_price`, `package_period`, `package_period_no`, `package_desc`, `package_desc2`, `package_hour`, `package_createdon`, `package_status`) VALUES
(1, 'Certified Medication Aide (CMA)', 'certified-medication-aide-cma', 'img32159549069778.jpg', 'assets/uploads/package/', 20, 34.99, 1, 1, '&lt;ul&gt;\r\n &lt;li&gt;reach more audiences across the web&rsquo;s.&lt;/li&gt;\r\n &lt;li&gt;reach users monthly across mobile &amp; desktop.&lt;/li&gt;\r\n &lt;li&gt;reach consumers everywhere and engaged in web traffic&nbsp;&lt;/li&gt;\r\n&lt;/ul&gt;\r\n', '0', '20 hours', '2019-08-05 18:49:42', 1),
(2, 'Florida- Certified Nursing Assistant', 'florida--certified-nursing-assistant', 'img29159549072368.jpg', 'assets/uploads/package/', 20, 34.99, 2, 1, '&lt;p xss=&quot;removed&quot;&gt;&nbsp;&lt;/p&gt;\r\n\r\n&lt;ul&gt;\r\n &lt;li xss=&quot;removed&quot;&gt;hiv/aids&nbsp; &lt;b&gt;&lt;u&gt;2 hours&lt;/u&gt;&lt;/b&gt;&lt;/li&gt;\r\n &lt;li xss=&quot;removed&quot;&gt;human trafficking &lt;b&gt;&lt;u&gt;2 hours&lt;/u&gt;&lt;/b&gt;&lt;/li&gt;\r\n &lt;li xss=&quot;removed&quot;&gt;adult pain management&lt;b&gt;&lt;u&gt; 3 hours&lt;/u&gt;&lt;/b&gt;&lt;/li&gt;\r\n &lt;li xss=&quot;removed&quot;&gt;phlebotomy &lt;b&gt;&lt;u&gt;3 hours&lt;/u&gt;&lt;/b&gt;&lt;/li&gt;\r\n&lt;/ul&gt;\r\n', '&lt;p&gt;0&lt;/p&gt;\r\n', '24 hours', '2019-08-05 18:50:34', 1),
(3, 'Florida- Licensed Practical Nurse', 'florida--licensed-practical-nurse', 'img32159549068418.jpg', 'assets/uploads/package/', 20, 29.99, 2, 3, '&lt;p&gt;&nbsp;&nbsp; &nbsp;conquering nurse burnout 1 hour&lt;br&gt;\r\n&nbsp;&nbsp; &nbsp;adult diabetes: an overview 3 hours&lt;br&gt;\r\n&nbsp;&nbsp; &nbsp;adult pain management 3 hours&lt;br&gt;\r\n&nbsp;&nbsp; &nbsp;hipaa compliance 2 hours&lt;br&gt;\r\n&nbsp;&nbsp; &nbsp;hypertension update 3 hours&lt;br&gt;\r\n&nbsp;&nbsp; &nbsp;phlebotomy 3 hours&lt;/p&gt;\r\n', '&lt;ul&gt;\r\n &lt;li&gt;\r\n &lt;p&gt;verified reviews&lt;/p&gt;\r\n &lt;/li&gt;\r\n&lt;/ul&gt;\r\n', '27-hour', '2019-08-05 18:50:36', 1),
(4, 'Florida- Registered Nurse', 'florida--registered-nurse', 'img17159622412199.jpg', 'assets/uploads/package/', 20, 29.99, 2, 6, '&lt;p xss=&quot;removed&quot;&gt;&nbsp;&lt;/p&gt;\r\n\r\n&lt;ul&gt;\r\n &lt;li xss=&quot;removed&quot;&gt;&lt;span xss=&quot;removed&quot;&gt;&lt;span xss=&quot;removed&quot;&gt;&lt;span xss=&quot;removed&quot;&gt;&lt;span xss=&quot;removed&quot;&gt;&lt;span xss=&quot;removed&quot;&gt;&lt;span xss=&quot;removed&quot;&gt;conquering nurse burnout &lt;b&gt;&lt;u&gt;1 hour&lt;/u&gt;&lt;/b&gt;&lt;/span&gt;&lt;/span&gt;&lt;/span&gt;&lt;/span&gt;&lt;/span&gt;&lt;/span&gt;&lt;/li&gt;\r\n &lt;li xss=&quot;removed&quot;&gt;&lt;span xss=&quot;removed&quot;&gt;&lt;span xss=&quot;removed&quot;&gt;&lt;span xss=&quot;removed&quot;&gt;&lt;span xss=&quot;removed&quot;&gt;&lt;span xss=&quot;removed&quot;&gt;&lt;span xss=&quot;removed&quot;&gt;adult diabetes: an overview&lt;b&gt;&lt;u&gt; 3 hours&lt;/u&gt;&lt;/b&gt;&lt;/span&gt;&lt;/span&gt;&lt;/span&gt;&lt;/span&gt;&lt;/span&gt;&lt;/span&gt;&lt;/li&gt;\r\n &lt;li xss=&quot;removed&quot;&gt;&lt;span xss=&quot;removed&quot;&gt;&lt;span xss=&quot;removed&quot;&gt;&lt;span xss=&quot;removed&quot;&gt;&lt;span xss=&quot;removed&quot;&gt;&lt;span xss=&quot;removed&quot;&gt;&lt;span xss=&quot;removed&quot;&gt;adult pain management&lt;b&gt;&lt;u&gt; 3 hours&lt;/u&gt;&lt;/b&gt;&lt;/span&gt;&lt;/span&gt;&lt;/span&gt;&lt;/span&gt;&lt;/span&gt;&lt;/span&gt;&lt;/li&gt;\r\n &lt;li xss=&quot;removed&quot;&gt;&lt;span xss=&quot;removed&quot;&gt;&lt;span xss=&quot;removed&quot;&gt;&lt;span xss=&quot;removed&quot;&gt;&lt;span xss=&quot;removed&quot;&gt;&lt;span xss=&quot;removed&quot;&gt;&lt;span xss=&quot;removed&quot;&gt;hipaa compliance&lt;b&gt;&lt;u&gt; 2 hours&lt;/u&gt;&lt;/b&gt;&lt;/span&gt;&lt;/span&gt;&lt;/span&gt;&lt;/span&gt;&lt;/span&gt;&lt;/span&gt;&lt;/li&gt;\r\n &lt;li xss=&quot;removed&quot;&gt;&lt;span xss=&quot;removed&quot;&gt;&lt;span xss=&quot;removed&quot;&gt;&lt;span xss=&quot;removed&quot;&gt;&lt;span xss=&quot;removed&quot;&gt;&lt;span xss=&quot;removed&quot;&gt;&lt;span xss=&quot;removed&quot;&gt;hypertension update &lt;b&gt;&lt;u&gt;3 hours&lt;/u&gt;&lt;/b&gt;&lt;/span&gt;&lt;/span&gt;&lt;/span&gt;&lt;/span&gt;&lt;/span&gt;&lt;/span&gt;&lt;/li&gt;\r\n &lt;li xss=&quot;removed&quot;&gt;&lt;span xss=&quot;removed&quot;&gt;&lt;span xss=&quot;removed&quot;&gt;&lt;span xss=&quot;removed&quot;&gt;&lt;span xss=&quot;removed&quot;&gt;&lt;span xss=&quot;removed&quot;&gt;&lt;span xss=&quot;removed&quot;&gt;phlebotomy &lt;b&gt;&lt;u&gt;3 hours&lt;/u&gt;&lt;/b&gt;&lt;/span&gt;&lt;/span&gt;&lt;/span&gt;&lt;/span&gt;&lt;/span&gt;&lt;/span&gt;&lt;br&gt;\r\n &nbsp;&lt;/li&gt;\r\n&lt;/ul&gt;\r\n', '&lt;ul&gt;\r\n &lt;li&gt;\r\n &lt;p&gt;verified reviews&lt;/p&gt;\r\n &lt;/li&gt;\r\n &lt;li&gt;\r\n &lt;p&gt;franchise locator with drop down&nbsp;&lt;br&gt;\r\n of all store listings&lt;/p&gt;\r\n &lt;/li&gt;\r\n&lt;/ul&gt;\r\n', '27-hour', '2019-09-03 18:44:17', 1),
(5, 'Florida- Advanced Practice Registered Nurse', 'florida--advanced-practice-registered-nurse', 'img15159549213377.jpg', 'assets/uploads/package/', 20, 29.99, 3, 1, '&lt;p&gt;lgbtq &nbsp;2 hours&lt;br&gt;\r\nadult diabetes: an overview 3 hours&lt;br&gt;\r\nadult pain management 3 hours&lt;br&gt;\r\nhipaa compliance 2 hours&lt;br&gt;\r\nhypertension update 3 hours&lt;br&gt;\r\ncultural competence &nbsp;2 hours&lt;/p&gt;\r\n', '', '27 hours', '2019-10-11 14:46:19', 1),
(6, 'Arkansas- Licensed Practical Nurse', 'arkansas--licensed-practical-nurse', 'img24159622370724.jpg', 'assets/uploads/package/', 20, 29.99, 0, 0, '&lt;ul&gt;\r\n &lt;li xss=removed&gt;&lt;span xss=removed&gt;&lt;span xss=removed&gt;&lt;span xss=removed&gt;&lt;span xss=removed&gt;&lt;span xss=removed&gt;&lt;span xss=removed&gt;conquering nurse burnout &lt;b&gt;&lt;u&gt;1 hour&lt;/u&gt;&lt;/b&gt;&lt;/span&gt;&lt;/span&gt;&lt;/span&gt;&lt;/span&gt;&lt;/span&gt;&lt;/span&gt;&lt;/li&gt;\r\n &lt;li xss=removed&gt;&lt;span xss=removed&gt;&lt;span xss=removed&gt;&lt;span xss=removed&gt;&lt;span xss=removed&gt;&lt;span xss=removed&gt;&lt;span xss=removed&gt;adult diabetes: an overview&lt;b&gt;&lt;u&gt; 3 hours&lt;/u&gt;&lt;/b&gt;&lt;/span&gt;&lt;/span&gt;&lt;/span&gt;&lt;/span&gt;&lt;/span&gt;&lt;/span&gt;&lt;/li&gt;\r\n &lt;li xss=removed&gt;&lt;span xss=removed&gt;&lt;span xss=removed&gt;&lt;span xss=removed&gt;&lt;span xss=removed&gt;&lt;span xss=removed&gt;&lt;span xss=removed&gt;hypertension update &lt;b&gt;&lt;u&gt;3 hours&lt;/u&gt;&lt;/b&gt;&lt;/span&gt;&lt;/span&gt;&lt;/span&gt;&lt;/span&gt;&lt;/span&gt;&lt;/span&gt;&lt;/li&gt;\r\n&lt;/ul&gt;\r\n', '', '24 hours', '2020-07-31 10:27:21', 1),
(7, 'Arkansas- Registered Nurse', 'arkansas--registered-nurse', 'img15159643694679.jpg', 'assets/uploads/package/', 20, 29.99, 0, 0, '', '', '15 hour', '2020-08-02 20:57:36', 1),
(8, 'Arkansas- Advanced Practice Registered Nurse', 'arkansas--advanced-practice-registered-nurse', NULL, NULL, 20, 29.99, 0, 0, '', '', '20 hour', '2020-08-02 21:02:17', 1),
(9, 'DC- Licensed Practical Nurse', 'dc--licensed-practical-nurse', 'img15159643480728.jpg', 'assets/uploads/package/', 20, 29, 0, 0, '', '', '18-hour', '2020-08-02 21:04:36', 1),
(10, 'DC- Registered Nurse', 'dc--registered-nurse', 'img15159643488128.jpg', 'assets/uploads/package/', 20, 29.99, 0, 0, '', '', '24 hour', '2020-08-02 21:08:01', 1),
(11, 'DC- Advanced Practice Registered Nurse', 'dc--advanced-practice-registered-nurse', 'img15159643508738.jpg', 'assets/uploads/package/', 20, 29.99, 0, 0, '&lt;p xss=&quot;removed&quot;&gt;&lt;span xss=&quot;removed&quot;&gt;&lt;span xss=&quot;removed&quot;&gt;&lt;span xss=&quot;removed&quot;&gt;&lt;span xss=&quot;removed&quot;&gt;&lt;span xss=&quot;removed&quot;&gt;*includes mandatory pharmacology course*&lt;/span&gt;&lt;/span&gt;&lt;/span&gt;&lt;/span&gt;&lt;/span&gt;&lt;/p&gt;\r\n', '', '24 hour', '2020-08-02 21:11:27', 1),
(12, 'Georgia- Licensed Practical Nurse', 'georgia--licensed-practical-nurse', 'img15159643529078.jpg', 'assets/uploads/package/', 29.99, 20, 0, 0, '', '', '20-hour', '2020-08-02 21:13:28', 1),
(13, 'Georgia- Registered Nurse', 'georgia--registered-nurse', 'img15159643536218.jpg', 'assets/uploads/package/', 34.99, 20, 0, 0, '', '', '30-hour', '2020-08-02 21:16:02', 1),
(14, 'Georgia- Advanced Practice Registered Nurse', 'georgia--advanced-practice-registered-nurse', 'img15159643554438.jpg', 'assets/uploads/package/', 34.99, 20, 0, 0, '', '', '30-hour', '2020-08-02 21:19:04', 1),
(15, 'New Mexico- Registered Nurse', 'new-mexico--registered-nurse', 'img15159643570671.jpg', 'assets/uploads/package/', 34.99, 20, 0, 0, '', '', '31-hour', '2020-08-02 21:21:28', 1),
(16, 'New Mexico-  Licensed Practical Nurse', 'new-mexico--licensed-practical-nurse', 'img16159643584385.jpg', 'assets/uploads/package/', 34.99, 20, 0, 0, '', '', '31-hour', '2020-08-02 21:23:33', 1),
(17, 'New Mexico- Certified Medication Aide', 'new-mexico--certified-medication-aide', 'img19159643597058.jpg', 'assets/uploads/package/', 20, 34.99, 0, 0, '', '', '20 hours', '2020-08-02 21:26:10', 1),
(18, 'New Mexico- Advanced Practice Registered Nurse', 'new-mexico--advanced-practice-registered-nurse', 'img15159643611788.jpg', 'assets/uploads/package/', 45, 29.99, 0, 0, '', '', '50 hours', '2020-08-02 21:28:37', 1),
(19, 'South Carolina-  Licensed Practical Nurse', 'south-carolina--licensed-practical-nurse', 'img15159643639352.jpg', 'assets/uploads/package/', 29.99, 20, 0, 0, '', '', '31-hour', '2020-08-02 21:33:01', 1),
(20, 'South Carolina- Registered Nurse', 'south-carolina--registered-nurse', 'img15159643651576.jpg', 'assets/uploads/package/', 29.99, 20, 0, 0, '', '', '31-hour', '2020-08-02 21:34:50', 1),
(21, 'South Carolina-  Advanced Practice Registered Nurse', 'south-carolina--advanced-practice-registered-nurse', 'img15159643664510.jpg', 'assets/uploads/package/', 29.99, 20, 0, 0, '', '', '30-hour', '2020-08-02 21:37:25', 1);

-- --------------------------------------------------------

--
-- Table structure for table `md_package_addon`
--

CREATE TABLE `md_package_addon` (
  `pa_id` int(10) NOT NULL,
  `pa_package_id` int(10) DEFAULT NULL,
  `pa_addon_id` int(10) DEFAULT NULL
) ENGINE=InnoDB DEFAULT CHARSET=latin1;

--
-- Dumping data for table `md_package_addon`
--

INSERT INTO `md_package_addon` (`pa_id`, `pa_package_id`, `pa_addon_id`) VALUES
(1, 1, 1),
(2, 1, 5),
(3, 1, 6),
(23, 3, 1),
(24, 3, 2),
(25, 3, 3),
(26, 3, 4),
(27, 3, 10),
(28, 4, 1),
(29, 4, 2),
(30, 4, 3),
(31, 4, 4),
(32, 4, 8),
(33, 4, 10);

-- --------------------------------------------------------

--
-- Table structure for table `md_package_course`
--

CREATE TABLE `md_package_course` (
  `pc_id` int(10) NOT NULL,
  `pc_package_id` int(10) DEFAULT NULL,
  `pc_course_id` int(10) DEFAULT NULL
) ENGINE=InnoDB DEFAULT CHARSET=latin1;

--
-- Dumping data for table `md_package_course`
--

INSERT INTO `md_package_course` (`pc_id`, `pc_package_id`, `pc_course_id`) VALUES
(79, 1, 3),
(80, 1, 7),
(172, 12, 5),
(173, 12, 10),
(174, 12, 12),
(175, 12, 14),
(176, 12, 16),
(177, 12, 19),
(178, 12, 21),
(179, 12, 22),
(180, 12, 24),
(194, 13, 4),
(195, 13, 5),
(196, 13, 9),
(197, 13, 11),
(198, 13, 12),
(199, 13, 14),
(200, 13, 15),
(201, 13, 16),
(202, 13, 17),
(203, 13, 19),
(204, 13, 21),
(205, 13, 22),
(206, 13, 24),
(207, 14, 4),
(208, 14, 5),
(209, 14, 9),
(210, 14, 11),
(211, 14, 12),
(212, 14, 14),
(213, 14, 15),
(214, 14, 16),
(215, 14, 17),
(216, 14, 19),
(217, 14, 21),
(218, 14, 22),
(219, 14, 24),
(246, 15, 4),
(247, 15, 5),
(248, 15, 9),
(249, 15, 10),
(250, 15, 12),
(251, 15, 15),
(252, 15, 16),
(253, 15, 17),
(254, 15, 19),
(255, 15, 20),
(256, 15, 21),
(257, 15, 22),
(258, 15, 24),
(285, 16, 4),
(286, 16, 5),
(287, 16, 9),
(288, 16, 10),
(289, 16, 12),
(290, 16, 15),
(291, 16, 16),
(292, 16, 17),
(293, 16, 19),
(294, 16, 20),
(295, 16, 21),
(296, 16, 22),
(297, 16, 24),
(314, 18, 4),
(315, 18, 6),
(316, 18, 8),
(317, 18, 9),
(318, 18, 11),
(319, 18, 12),
(320, 18, 15),
(321, 18, 16),
(322, 18, 17),
(323, 18, 19),
(324, 18, 20),
(325, 18, 21),
(326, 18, 22),
(327, 18, 24),
(354, 19, 4),
(355, 19, 5),
(356, 19, 9),
(357, 19, 10),
(358, 19, 12),
(359, 19, 15),
(360, 19, 16),
(361, 19, 17),
(362, 19, 19),
(363, 19, 20),
(364, 19, 21),
(365, 19, 22),
(366, 19, 24),
(379, 20, 4),
(380, 20, 5),
(381, 20, 9),
(382, 20, 10),
(383, 20, 12),
(384, 20, 15),
(385, 20, 16),
(386, 20, 17),
(387, 20, 20),
(388, 20, 21),
(389, 20, 22),
(390, 20, 24),
(391, 21, 4),
(392, 21, 5),
(393, 21, 9),
(394, 21, 11),
(395, 21, 12),
(396, 21, 14),
(397, 21, 15),
(398, 21, 16),
(399, 21, 17),
(400, 21, 19),
(401, 21, 21),
(402, 21, 22),
(403, 21, 24),
(461, 17, 3),
(462, 17, 7),
(463, 9, 4),
(464, 9, 5),
(465, 9, 9),
(466, 9, 11),
(467, 9, 12),
(468, 9, 15),
(469, 9, 16),
(477, 11, 4),
(478, 11, 8),
(479, 11, 9),
(480, 11, 11),
(481, 11, 21),
(490, 10, 4),
(491, 10, 6),
(492, 10, 9),
(493, 10, 11),
(494, 10, 12),
(495, 10, 14),
(496, 10, 15),
(497, 10, 16),
(498, 10, 20),
(513, 4, 10),
(514, 4, 19),
(515, 4, 21),
(516, 4, 22),
(517, 4, 23),
(518, 4, 24),
(519, 3, 10),
(520, 3, 19),
(521, 3, 21),
(522, 3, 22),
(523, 3, 23),
(524, 3, 24),
(525, 5, 10),
(526, 5, 19),
(527, 5, 21),
(528, 5, 22),
(529, 5, 23),
(530, 5, 24),
(538, 6, 10),
(539, 6, 12),
(540, 6, 14),
(541, 6, 16),
(542, 6, 19),
(543, 6, 22),
(544, 6, 24),
(545, 7, 5),
(546, 7, 12),
(547, 7, 14),
(548, 7, 15),
(549, 7, 16),
(550, 7, 20),
(551, 8, 6),
(552, 8, 10),
(553, 8, 12),
(554, 8, 14),
(555, 8, 16),
(556, 8, 19),
(557, 8, 21),
(558, 8, 24),
(559, 2, 1),
(560, 2, 2),
(561, 2, 13),
(562, 2, 17),
(563, 2, 18),
(564, 2, 19),
(565, 2, 24);

-- --------------------------------------------------------

--
-- Table structure for table `md_partnership_inquiry`
--

CREATE TABLE `md_partnership_inquiry` (
  `pinquiry_id` int(11) NOT NULL,
  `pinquiry_name` varchar(255) DEFAULT NULL,
  `pinquiry_email` varchar(255) DEFAULT NULL,
  `pinquiry_phone` varchar(255) DEFAULT NULL,
  `pinquiry_company` varchar(255) DEFAULT NULL,
  `pinquiry_desc` mediumtext,
  `pinquiry_status` int(10) NOT NULL DEFAULT '1',
  `pinquiry_createdon` timestamp NOT NULL DEFAULT CURRENT_TIMESTAMP
) ENGINE=InnoDB DEFAULT CHARSET=latin1;

--
-- Dumping data for table `md_partnership_inquiry`
--

INSERT INTO `md_partnership_inquiry` (`pinquiry_id`, `pinquiry_name`, `pinquiry_email`, `pinquiry_phone`, `pinquiry_company`, `pinquiry_desc`, `pinquiry_status`, `pinquiry_createdon`) VALUES
(1, 'martin green', 'martingren@gmail.com', '012321123', 'tester club', 'trerxdxcghvg', 0, '2019-10-17 20:55:36');

-- --------------------------------------------------------

--
-- Table structure for table `md_product`
--

CREATE TABLE `md_product` (
  `product_id` int(10) UNSIGNED NOT NULL,
  `product_category_id` int(10) UNSIGNED NOT NULL DEFAULT '0',
  `product_parent_category_id` int(10) UNSIGNED NOT NULL DEFAULT '0',
  `product_name` varchar(100) DEFAULT NULL,
  `product_slug` varchar(100) DEFAULT NULL,
  `product_sku` varchar(100) DEFAULT NULL,
  `product_in_stock` int(11) NOT NULL,
  `product_qty_sold` int(11) NOT NULL DEFAULT '0',
  `product_is_new` int(11) NOT NULL DEFAULT '0',
  `product_price` float UNSIGNED DEFAULT '0',
  `product_basic_price` float NOT NULL DEFAULT '0',
  `product_brand_id` varchar(225) DEFAULT NULL,
  `product_qty` float UNSIGNED DEFAULT '0',
  `product_status` int(11) NOT NULL DEFAULT '1',
  `product_desc` text,
  `product_desc2` text,
  `product_image` varchar(60) DEFAULT NULL,
  `product_image_thumb` varchar(60) DEFAULT NULL,
  `product_image_path` varchar(150) DEFAULT NULL,
  `product_desc3` text,
  `product_featured_image` varchar(150) DEFAULT NULL,
  `product_meta_title` varchar(50) DEFAULT NULL,
  `product_meta_description` varchar(120) DEFAULT NULL,
  `product_meta_keywords` varchar(120) DEFAULT NULL,
  `product_createdon` timestamp NULL DEFAULT CURRENT_TIMESTAMP,
  `product_is_featured` tinyint(1) DEFAULT '0',
  `product_is_popular` int(11) NOT NULL DEFAULT '0',
  `product_on_sale` int(11) NOT NULL DEFAULT '0',
  `product_top_rated` int(11) NOT NULL DEFAULT '0',
  `product_best_seller` int(11) NOT NULL,
  `product_width` varchar(100) NOT NULL,
  `product_height` varchar(100) NOT NULL,
  `product_keywords` varchar(225) NOT NULL
) ENGINE=InnoDB DEFAULT CHARSET=utf8;

--
-- Dumping data for table `md_product`
--

INSERT INTO `md_product` (`product_id`, `product_category_id`, `product_parent_category_id`, `product_name`, `product_slug`, `product_sku`, `product_in_stock`, `product_qty_sold`, `product_is_new`, `product_price`, `product_basic_price`, `product_brand_id`, `product_qty`, `product_status`, `product_desc`, `product_desc2`, `product_image`, `product_image_thumb`, `product_image_path`, `product_desc3`, `product_featured_image`, `product_meta_title`, `product_meta_description`, `product_meta_keywords`, `product_createdon`, `product_is_featured`, `product_is_popular`, `product_on_sale`, `product_top_rated`, `product_best_seller`, `product_width`, `product_height`, `product_keywords`) VALUES
(1, 1, 0, 'LOREM IPSAM DOLOR Inist       1 Review(s)', 'LOREM-IPSAM-DOLOR-Inist-1-Reviews', '120', 0, 0, 0, 220, 0, NULL, 0, 1, '&lt;p&gt;Lorem ipsum dolor sit amet, consectetuire adoipisicing elate sed doi dolore ipsam eiusmoide tempore inist incididunt ut labore et dolore magna aliqua. Ut eni minim veniam nostrud exercitation ullamco laboris ulit aliquip ex ea commodo consequat. Duist dolore inist reprehendert iniste voluptate veliat esse cillum dolore eu fugiat nulla pariatur.&lt;/p&gt;\r\n\r\n&lt;p&gt;Excepteur sunt occaecat cupdataut inon proident, sunt inist culpa qui officia deseruent mollit anim idis est laborum. Sed ut perspiciatis unde omnis iste natused ipsam eror sit voluptatem accusantium doloremque laudantium, totaem rem aperiam, eaque quae abore illore inventore veritatis elate dolore quasi architecto ipsam beatae vitae dicta sunt explicabo.&lt;/p&gt;', '&lt;p&gt;Lorem ipsum dolor sit amet, consectetuire adoipisicing elate sed doi dolore ipsam eiusmoide tempore inist incididunt ut labore et dolore magna aliqua. Ut eni minim veniam nostrud exercitation ullamco laboris ulit aliquip ex ea commodo consequat. Duist dolore inist reprehendert iniste voluptate veliat esse cillum dolore eu fugiat nulla pariatur.&lt;/p&gt;\r\n\r\n&lt;p&gt;Excepteur sunt occaecat cupdataut inon proident, sunt inist culpa qui officia deseruent mollit anim idis est laborum. Sed ut perspiciatis unde omnis iste natused ipsam eror sit voluptatem accusantium doloremque laudantium, totaem rem aperiam, eaque quae abore illore inventore veritatis elate dolore quasi architecto ipsam beatae vitae dicta sunt explicabo.&lt;/p&gt;', 'product-detail-img158834995942.jpg', 'product-detail-img158834995942.jpg', 'assets/uploads/product/', '&lt;p&gt;Lorem ipsum dolor sit amet, consectetuire adoipisicing elate sed doi dolore ipsam eiusmoide tempore inist incididunt ut labore et dolore magna aliqua. Ut eni minim veniam nostrud exercitation ullamco laboris ulit aliquip ex ea commodo consequat. Duist dolore inist reprehendert iniste voluptate veliat esse cillum dolore eu fugiat nulla pariatur.&lt;/p&gt;\r\n\r\n&lt;p&gt;Excepteur sunt occaecat cupdataut inon proident, sunt inist culpa qui officia deseruent mollit anim idis est laborum. Sed ut perspiciatis unde omnis iste natused ipsam eror sit voluptatem accusantium doloremque laudantium, totaem rem aperiam, eaque quae abore illore inventore veritatis elate dolore quasi architecto ipsam beatae vitae dicta sunt explicabo.&lt;/p&gt;', NULL, NULL, NULL, NULL, '2020-05-01 16:19:19', 0, 0, 0, 0, 0, '', '', '');

-- --------------------------------------------------------

--
-- Table structure for table `md_profession`
--

CREATE TABLE `md_profession` (
  `profession_id` int(11) NOT NULL,
  `profession_name` varchar(100) DEFAULT NULL,
  `profession_desc` text,
  `profession_image` varchar(225) DEFAULT NULL,
  `profession_image_path` varchar(225) DEFAULT NULL,
  `profession_slug` varchar(100) DEFAULT NULL,
  `profession_status` tinyint(4) NOT NULL DEFAULT '1',
  `profession_featured` tinyint(4) NOT NULL DEFAULT '0',
  `profession_createdon` timestamp NOT NULL DEFAULT CURRENT_TIMESTAMP ON UPDATE CURRENT_TIMESTAMP
) ENGINE=InnoDB DEFAULT CHARSET=latin1;

--
-- Dumping data for table `md_profession`
--

INSERT INTO `md_profession` (`profession_id`, `profession_name`, `profession_desc`, `profession_image`, `profession_image_path`, `profession_slug`, `profession_status`, `profession_featured`, `profession_createdon`) VALUES
(1, 'Home Health Aide', '&lt;ul&gt;\r\n &lt;li&gt;\r\n &lt;p&gt;Medical Error Prevention and Safety&lt;/p&gt;\r\n &lt;/li&gt;\r\n &lt;li&gt;\r\n &lt;p&gt;Communication with the cognitively impaired individuals&lt;/p&gt;\r\n &lt;/li&gt;\r\n &lt;li&gt;\r\n &lt;p&gt;Resident Rights&lt;/p&gt;\r\n &lt;/li&gt;\r\n &lt;li&gt;\r\n &lt;p&gt;Domestic Violence&lt;/p&gt;\r\n &lt;/li&gt;\r\n &lt;li&gt;\r\n &lt;p&gt;Human Trafficking&lt;/p&gt;\r\n &lt;/li&gt;\r\n &lt;li&gt;\r\n &lt;p&gt;Infection Control Practices and Blood Borne Pathogens Overview&lt;/p&gt;\r\n &lt;/li&gt;\r\n &lt;li&gt;\r\n &lt;p&gt;HIV/AIDS (2 hours course)&lt;/p&gt;\r\n &lt;/li&gt;\r\n&lt;/ul&gt;', 'img14159422409432.jpg', 'assets/uploads/profession/', 'home-health-aide', 1, 1, '2020-07-08 16:01:57'),
(2, 'Certified Nursing Assistant', '&lt;ul&gt;\r\n &lt;li&gt;\r\n &lt;p&gt;Medical Error Prevention and Safety&lt;/p&gt;\r\n &lt;/li&gt;\r\n &lt;li&gt;\r\n &lt;p&gt;Communication with the cognitively impaired individuals&lt;/p&gt;\r\n &lt;/li&gt;\r\n &lt;li&gt;\r\n &lt;p&gt;Resident Rights&lt;/p&gt;\r\n &lt;/li&gt;\r\n &lt;li&gt;\r\n &lt;p&gt;Domestic Violence&lt;/p&gt;\r\n &lt;/li&gt;\r\n &lt;li&gt;\r\n &lt;p&gt;Human Trafficking&lt;/p&gt;\r\n &lt;/li&gt;\r\n &lt;li&gt;\r\n &lt;p&gt;Infection Control Practices and Blood Borne Pathogens Overview&lt;/p&gt;\r\n &lt;/li&gt;\r\n &lt;li&gt;\r\n &lt;p&gt;HIV/AIDS (2 hours course)&lt;/p&gt;\r\n &lt;/li&gt;\r\n&lt;/ul&gt;', 'img15159422415020.jpg', 'assets/uploads/profession/', 'certified-nursing-assistant', 1, 1, '2020-07-08 16:02:30'),
(3, 'Licensed Practical Nurse', '&lt;ul&gt;\r\n &lt;li&gt;\r\n &lt;p&gt;Medical Error Prevention and Safety&lt;/p&gt;\r\n &lt;/li&gt;\r\n &lt;li&gt;\r\n &lt;p&gt;Communication with the cognitively impaired individuals&lt;/p&gt;\r\n &lt;/li&gt;\r\n &lt;li&gt;\r\n &lt;p&gt;Resident Rights&lt;/p&gt;\r\n &lt;/li&gt;\r\n &lt;li&gt;\r\n &lt;p&gt;Domestic Violence&lt;/p&gt;\r\n &lt;/li&gt;\r\n &lt;li&gt;\r\n &lt;p&gt;Human Trafficking&lt;/p&gt;\r\n &lt;/li&gt;\r\n &lt;li&gt;\r\n &lt;p&gt;Infection Control Practices and Blood Borne Pathogens Overview&lt;/p&gt;\r\n &lt;/li&gt;\r\n &lt;li&gt;\r\n &lt;p&gt;HIV/AIDS (2 hours course)&lt;/p&gt;\r\n &lt;/li&gt;\r\n&lt;/ul&gt;', 'img16159422417761.jpg', 'assets/uploads/profession/', 'licensed-practical-nurse', 1, 1, '2020-08-04 23:42:15'),
(4, 'Registered Nurse', '&lt;ul&gt;\r\n &lt;li&gt;\r\n &lt;p&gt;Medical Error Prevention and Safety&lt;/p&gt;\r\n &lt;/li&gt;\r\n &lt;li&gt;\r\n &lt;p&gt;Communication with the cognitively impaired individuals&lt;/p&gt;\r\n &lt;/li&gt;\r\n &lt;li&gt;\r\n &lt;p&gt;Resident Rights&lt;/p&gt;\r\n &lt;/li&gt;\r\n &lt;li&gt;\r\n &lt;p&gt;Domestic Violence&lt;/p&gt;\r\n &lt;/li&gt;\r\n &lt;li&gt;\r\n &lt;p&gt;Human Trafficking&lt;/p&gt;\r\n &lt;/li&gt;\r\n &lt;li&gt;\r\n &lt;p&gt;Infection Control Practices and Blood Borne Pathogens Overview&lt;/p&gt;\r\n &lt;/li&gt;\r\n &lt;li&gt;\r\n &lt;p&gt;HIV/AIDS (2 hours course)&lt;/p&gt;\r\n &lt;/li&gt;\r\n&lt;/ul&gt;', 'img17159422421163.jpg', 'assets/uploads/profession/', 'registered-nurse', 1, 1, '2020-07-08 16:03:31'),
(5, 'Advanced Practice Registered Nurse', '&lt;ul&gt;\r\n &lt;li&gt;\r\n &lt;p&gt;Medical Error Prevention and Safety&lt;/p&gt;\r\n &lt;/li&gt;\r\n &lt;li&gt;\r\n &lt;p&gt;Communication with the cognitively impaired individuals&lt;/p&gt;\r\n &lt;/li&gt;\r\n &lt;li&gt;\r\n &lt;p&gt;Resident Rights&lt;/p&gt;\r\n &lt;/li&gt;\r\n &lt;li&gt;\r\n &lt;p&gt;Domestic Violence&lt;/p&gt;\r\n &lt;/li&gt;\r\n &lt;li&gt;\r\n &lt;p&gt;Human Trafficking&lt;/p&gt;\r\n &lt;/li&gt;\r\n &lt;li&gt;\r\n &lt;p&gt;Infection Control Practices and Blood Borne Pathogens Overview&lt;/p&gt;\r\n &lt;/li&gt;\r\n &lt;li&gt;\r\n &lt;p&gt;HIV/AIDS (2 hours course)&lt;/p&gt;\r\n &lt;/li&gt;\r\n&lt;/ul&gt;', 'img18159422427263.jpg', 'assets/uploads/profession/', 'advanced-practice-registered-nurse', 1, 1, '2020-07-08 16:04:32'),
(6, 'Certified Medication Aide (CMA)', '&lt;ul&gt;\r\n &lt;li&gt;\r\n &lt;p&gt;Medication Aide - Pharmacology&lt;/p&gt;\r\n &lt;/li&gt;\r\n &lt;li&gt;\r\n &lt;p&gt;Pharmacology: Insulin&lt;/p&gt;\r\n &lt;/li&gt;\r\n&lt;/ul&gt;', 'img19159422432789.jpg', 'assets/uploads/profession/', 'certified-medication-aide-cma', 1, 1, '2020-08-04 04:57:54');

-- --------------------------------------------------------

--
-- Table structure for table `md_questions`
--

CREATE TABLE `md_questions` (
  `questions_id` int(11) NOT NULL,
  `questions_course_id` int(11) NOT NULL DEFAULT '0',
  `questions_name` text NOT NULL,
  `questions_status` int(11) NOT NULL DEFAULT '0',
  `questions_createdon` timestamp NOT NULL DEFAULT CURRENT_TIMESTAMP
) ENGINE=InnoDB DEFAULT CHARSET=latin1;

--
-- Dumping data for table `md_questions`
--

INSERT INTO `md_questions` (`questions_id`, `questions_course_id`, `questions_name`, `questions_status`, `questions_createdon`) VALUES
(1, 1, 'How often is basal insulin administered?', 2, '2020-07-17 13:16:09'),
(2, 1, 'Which of the below is considered Rapid Acting insulin?', 2, '2020-07-24 15:38:07'),
(3, 1, 'What is the onset action of humalog?', 2, '2020-07-24 15:40:02'),
(4, 1, 'When does insulin, glargine have its peak?', 2, '2020-07-24 15:40:39'),
(5, 1, 'hen should rapid acting insulin ideally be administered.', 2, '2020-07-24 15:42:04'),
(6, 2, 'How often is basal insulin administered?', 2, '2020-07-24 19:43:19'),
(7, 2, 'When should rapid acting insulin ideally be administered.', 2, '2020-07-24 15:42:04'),
(8, 2, 'How often is basal insulin administered?', 2, '2020-07-17 13:16:09'),
(9, 2, 'Which of the below is considered Rapid Acting insulin?', 2, '2020-07-24 15:38:07'),
(10, 2, 'What is the onset action of humalog?', 2, '2020-07-24 15:40:02'),
(11, 3, 'What is the onset action of humalog?', 2, '2020-07-30 11:28:10'),
(12, 15, 'What is the onset action of humalog?', 2, '2020-08-04 05:35:28'),
(13, 15, 'What is the Lorem action of humalog?', 2, '2020-08-04 05:36:06'),
(14, 15, 'How long does it take?', 2, '2020-08-04 05:36:46'),
(15, 15, 'How long Lore,it take ong Lore,it tak ong Lore,it takong Lore,it tak?', 2, '2020-08-04 05:37:12'),
(16, 1, 'What is the Lorem action of humalog?', 2, '2020-08-04 05:43:24'),
(17, 20, 'There is no quiz for this lesson. Please confirm the information below!', 1, '2020-08-05 10:09:34'),
(18, 19, 'Why doesn&rsquo;t the abuse leave the abuser', 1, '2020-08-05 10:34:17'),
(19, 19, 'One of the personality traits of an abuser is jealousy', 1, '2020-08-05 10:34:40'),
(20, 19, 'There are approximately 3 or more deaths per day due to domestic violence', 1, '2020-08-05 10:35:03'),
(21, 19, 'It&rsquo;s ok to document in the patient&rsquo;s chart that they are a victim of abuse under assumptions', 1, '2020-08-05 10:35:31'),
(22, 19, 'It is not ok to ask victims questions regarding potential abuse as this may embarrass them', 1, '2020-08-05 10:36:05'),
(23, 21, 'Victims of human trafficking often are provided a way out, but most stay because they enjoy the lifestyle ?', 1, '2020-08-05 11:10:30'),
(24, 21, 'It&rsquo;s quite difficult to have access to human trafficked victims as they rarely seek medical treatment', 1, '2020-08-05 11:19:37'),
(25, 21, 'The human trafficking business is extremely lucrative to perpetrators as it is a 100 million dollar annual business.', 1, '2020-08-05 11:20:05'),
(26, 21, 'Human traffickers target strong members of society because they like the thrill of capturing them.', 1, '2020-08-05 11:20:32'),
(27, 21, 'Healthcare professionals should not ask questions to potential victims as this may embarrass them.', 1, '2020-08-05 11:20:58'),
(28, 9, 'When was the first LGBTQ community founded in the US?', 1, '2020-08-05 13:51:52'),
(29, 9, 'The term intersex means:', 1, '2020-08-05 13:52:12'),
(30, 9, 'One of the limitations for CMS coverage for surgery includes', 1, '2020-08-05 13:52:41'),
(31, 9, 'Healthcare disparities for the LGBTQ community include all of the following except;', 1, '2020-08-05 13:53:02'),
(32, 9, 'Healthcare professionals should educate, advocate and listen; in order to be well informed and care for all of the individuals needs', 1, '2020-08-05 13:53:19'),
(33, 1, 'When is the best time to document?', 2, '2020-08-05 14:38:45'),
(34, 1, 'It is acceptable to use neon colored pens to document patient care', 2, '2020-08-05 14:39:02'),
(35, 1, 'You should document that an incident report was filed in your documentation for that patient?', 2, '2020-08-05 14:39:21'),
(36, 1, 'To correct a charting error you would', 2, '2020-08-05 14:39:49'),
(37, 1, 'It is acceptable to allow others to chart for you?', 2, '2020-08-05 14:40:09'),
(38, 1, 'When documenting, is it acceptable to use any type of abbreviation?', 2, '2020-08-05 14:40:27'),
(39, 1, 'Is the patient&rsquo;s name required to be on all documentation sheets?', 2, '2020-08-05 14:40:58'),
(40, 1, 'If a patient refuses care, documentation is not required, just notify the nurse!   Yes   or    No', 2, '2020-08-05 14:41:12'),
(41, 1, 'It is acceptable to give a colleague your EHR login information', 2, '2020-08-05 14:41:29'),
(42, 1, 'You must write legible while documenting as others may come behind you and read your documentation', 2, '2020-08-05 14:41:48'),
(43, 1, 'When is the best time to document?', 1, '2020-08-05 18:13:22'),
(44, 1, 'It is acceptable to use neon colored pens to document patient care', 1, '2020-08-05 18:13:40'),
(45, 1, 'You should document that an incident report was filed in your documentation for that patient?', 1, '2020-08-05 18:14:09'),
(46, 1, 'To correct a charting error you would', 1, '2020-08-05 18:14:58'),
(47, 1, 'It is acceptable to allow others to chart for you?', 1, '2020-08-05 18:15:22'),
(48, 1, 'When documenting, is it acceptable to use any type of abbreviation?', 1, '2020-08-05 18:15:46'),
(49, 1, 'Is the patient&rsquo;s name required to be on all documentation sheets?', 1, '2020-08-05 18:16:30'),
(50, 1, 'If a patient refuses care, documentation is not required, just notify the nurse!', 1, '2020-08-05 18:16:55'),
(51, 1, 'It is acceptable to give a colleague your EHR login information', 1, '2020-08-05 18:17:26'),
(52, 1, 'You must write legible while documenting as others may come behind you and read your documentation', 1, '2020-08-05 18:17:57');

-- --------------------------------------------------------

--
-- Table structure for table `md_questions_options`
--

CREATE TABLE `md_questions_options` (
  `qo_id` int(10) NOT NULL,
  `qo_questions_id` int(10) DEFAULT NULL,
  `qo_options_id` int(10) DEFAULT NULL,
  `qo_correct_answer` int(10) DEFAULT '0'
) ENGINE=InnoDB DEFAULT CHARSET=latin1;

--
-- Dumping data for table `md_questions_options`
--

INSERT INTO `md_questions_options` (`qo_id`, `qo_questions_id`, `qo_options_id`, `qo_correct_answer`) VALUES
(4, 1, 1, 1),
(5, 1, 2, 0),
(6, 1, 3, 0),
(7, 2, 5, 0),
(8, 2, 6, 1),
(9, 2, 7, 0),
(10, 3, 8, 0),
(11, 3, 9, 0),
(12, 3, 10, 1),
(17, 4, 1, 0),
(18, 4, 8, 0),
(19, 4, 9, 0),
(20, 4, 11, 1),
(21, 5, 4, 0),
(22, 5, 5, 0),
(23, 5, 6, 1),
(24, 5, 9, 0),
(25, 6, 1, 1),
(26, 6, 2, 0),
(27, 6, 3, 0),
(28, 6, 4, 0),
(29, 7, 7, 1),
(30, 7, 8, 0),
(31, 7, 10, 0),
(32, 7, 11, 0),
(33, 8, 5, 1),
(34, 8, 7, 0),
(35, 8, 8, 0),
(36, 8, 9, 0),
(37, 9, 4, 1),
(38, 9, 5, 0),
(39, 9, 6, 0),
(40, 9, 8, 0),
(41, 10, 5, 1),
(42, 10, 6, 0),
(43, 10, 7, 0),
(44, 10, 8, 0),
(45, 11, 8, 0),
(46, 11, 9, 1),
(47, 11, 10, 0),
(48, 12, 2, 1),
(49, 12, 3, 0),
(50, 12, 5, 0),
(51, 12, 7, 0),
(52, 13, 5, 1),
(53, 13, 6, 0),
(54, 13, 9, 0),
(55, 14, 7, 1),
(56, 14, 8, 0),
(57, 14, 9, 0),
(58, 14, 11, 0),
(62, 15, 3, 1),
(63, 15, 5, 0),
(64, 15, 8, 0),
(65, 16, 3, 1),
(66, 16, 5, 0),
(67, 16, 7, 0),
(68, 16, 8, 0),
(69, 17, 12, 1),
(70, 18, 13, 1),
(71, 18, 14, 0),
(72, 18, 15, 0),
(73, 18, 16, 0),
(74, 19, 17, 1),
(75, 19, 18, 0),
(76, 20, 17, 1),
(77, 20, 18, 0),
(78, 21, 17, 0),
(79, 21, 18, 1),
(80, 22, 17, 0),
(81, 22, 18, 1),
(82, 27, 17, 0),
(83, 27, 18, 1),
(84, 26, 17, 0),
(85, 26, 18, 1),
(86, 25, 17, 1),
(87, 25, 18, 0),
(88, 24, 17, 0),
(89, 24, 18, 1),
(90, 23, 17, 0),
(91, 23, 18, 1),
(92, 28, 19, 0),
(93, 28, 20, 1),
(94, 28, 21, 0),
(95, 28, 22, 0),
(96, 29, 23, 0),
(97, 29, 24, 1),
(98, 29, 25, 0),
(99, 29, 26, 0),
(100, 30, 27, 1),
(101, 30, 28, 0),
(102, 30, 29, 0),
(103, 30, 30, 0),
(104, 31, 31, 1),
(105, 31, 32, 0),
(106, 31, 33, 0),
(107, 31, 34, 0),
(108, 32, 17, 1),
(109, 32, 18, 0),
(110, 52, 17, 1),
(111, 52, 18, 0),
(112, 51, 17, 0),
(113, 51, 18, 1),
(114, 50, 17, 0),
(115, 50, 18, 1),
(116, 49, 17, 1),
(117, 49, 18, 0),
(118, 48, 17, 0),
(119, 48, 18, 1),
(120, 47, 17, 0),
(121, 47, 18, 1),
(122, 46, 39, 0),
(123, 46, 40, 0),
(124, 46, 41, 1),
(125, 46, 42, 0),
(126, 45, 17, 0),
(127, 45, 18, 1),
(128, 44, 17, 0),
(129, 44, 18, 1),
(130, 43, 35, 0),
(131, 43, 36, 0),
(132, 43, 37, 0),
(133, 43, 38, 1);

-- --------------------------------------------------------

--
-- Table structure for table `md_quiz`
--

CREATE TABLE `md_quiz` (
  `quiz_id` int(11) NOT NULL,
  `quiz_total` int(11) DEFAULT '0',
  `quiz_marks` int(11) DEFAULT '0',
  `quiz_percentage` float DEFAULT '0',
  `quiz_order_item_id` int(11) DEFAULT '0',
  `quiz_course_id` int(11) NOT NULL DEFAULT '0',
  `quiz_user_id` int(11) NOT NULL DEFAULT '0',
  `quiz_status` int(11) NOT NULL DEFAULT '0',
  `quiz_certificate_number` varchar(225) NOT NULL DEFAULT '0',
  `quiz_createdon` timestamp NOT NULL DEFAULT CURRENT_TIMESTAMP ON UPDATE CURRENT_TIMESTAMP
) ENGINE=InnoDB DEFAULT CHARSET=latin1;

--
-- Dumping data for table `md_quiz`
--

INSERT INTO `md_quiz` (`quiz_id`, `quiz_total`, `quiz_marks`, `quiz_percentage`, `quiz_order_item_id`, `quiz_course_id`, `quiz_user_id`, `quiz_status`, `quiz_certificate_number`, `quiz_createdon`) VALUES
(2, 5, 0, 0, 19, 1, 14, 0, '0', '2020-07-24 18:57:10'),
(3, 5, 5, 100, 20, 2, 14, 1, '300720-14-3', '2020-07-30 11:48:22'),
(9, 1, 1, 100, 21, 3, 14, 1, '300720-14-9', '2020-07-30 11:33:25'),
(10, 0, 0, 0, 4, 4, 35, 1, '040820-35-10', '2020-08-03 18:00:28'),
(11, 5, 1, 20, 1, 1, 36, 1, '040820-36-11', '2020-08-04 05:05:54'),
(12, 0, 0, 0, 22, 4, 14, 1, '040820-14-12', '2020-08-04 05:40:44'),
(13, 0, 0, 0, 28, 1, 14, 1, '050820-14-13', '2020-08-04 11:10:41'),
(14, 0, 0, 0, 28, 1, 14, 1, '050820-14-14', '2020-08-04 11:12:27'),
(15, 0, 0, 0, 28, 1, 14, 1, '050820-14-15', '2020-08-04 11:15:11'),
(16, 0, 0, 0, 28, 1, 14, 1, '050820-14-16', '2020-08-04 11:16:56'),
(17, 0, 0, 0, 23, 5, 14, 1, '050820-14-17', '2020-08-04 11:17:45'),
(18, 0, 0, 0, 23, 5, 14, 1, '050820-14-18', '2020-08-04 11:19:04'),
(19, 0, 0, 0, 23, 5, 14, 1, '050820-14-19', '2020-08-04 11:21:11'),
(20, 0, 0, 0, 24, 6, 14, 1, '050820-14-20', '2020-08-04 11:31:33'),
(21, 0, 0, 0, 28, 1, 14, 1, '050820-14-21', '2020-08-04 11:33:07'),
(22, 0, 0, 0, 28, 1, 14, 1, '050820-14-22', '2020-08-04 11:34:37'),
(23, 0, 0, 0, 28, 1, 14, 1, '050820-14-23', '2020-08-04 11:36:08'),
(24, 0, 0, 0, 28, 1, 14, 1, '050820-14-24', '2020-08-04 11:37:21'),
(25, 0, 0, 0, 24, 6, 14, 1, '050820-14-25', '2020-08-04 11:39:20'),
(26, 1, 0, 0, 3, 3, 32, 1, '050820-32-26', '2020-08-04 23:31:01'),
(27, 1, 0, 0, 3, 3, 32, 1, '050820-32-27', '2020-08-04 23:31:24'),
(28, 1, 1, 100, 3, 3, 32, 1, '050820-32-28', '2020-08-04 23:31:31'),
(29, 1, 1, 100, 3, 3, 32, 1, '050820-32-29', '2020-08-04 23:33:05'),
(30, 5, 2, 40, 2, 2, 37, 1, '050820-37-30', '2020-08-05 00:37:13'),
(31, 1, 1, 100, 76, 20, 37, 1, '060820-37-31', '2020-08-05 10:10:32'),
(32, 0, 0, 0, 7, 1, 37, 1, '060820-37-32', '2020-08-05 10:46:51'),
(33, 5, 5, 100, 60, 19, 37, 1, '060820-37-33', '2020-08-05 10:52:13'),
(34, 5, 4, 80, 77, 21, 37, 1, '060820-37-34', '2020-08-05 11:26:21'),
(35, 5, 5, 100, 69, 9, 37, 1, '060820-37-35', '2020-08-05 14:09:20'),
(36, 5, 5, 100, 69, 9, 37, 1, '060820-37-36', '2020-08-05 14:09:46'),
(37, 0, 0, 0, 6, 6, 37, 1, '060820-37-37', '2020-08-05 15:45:26'),
(38, 0, 0, 0, 78, 22, 37, 1, '060820-37-38', '2020-08-05 17:34:29'),
(39, 10, 10, 100, 55, 1, 37, 1, '060820-37-39', '2020-08-05 18:51:48');

-- --------------------------------------------------------

--
-- Table structure for table `md_requirements`
--

CREATE TABLE `md_requirements` (
  `requirements_id` int(11) NOT NULL,
  `requirements_profession_id` tinyint(4) NOT NULL DEFAULT '0',
  `requirements_state_id` tinyint(4) NOT NULL DEFAULT '0',
  `requirements_update_data` varchar(100) DEFAULT NULL,
  `requirements_phone` varchar(225) DEFAULT NULL,
  `requirements_fax` varchar(225) DEFAULT NULL,
  `requirements_website` varchar(225) DEFAULT NULL,
  `requirements_address` varchar(225) DEFAULT NULL,
  `requirements_desc` text,
  `requirements_status` tinyint(4) NOT NULL DEFAULT '1',
  `requirements_createdon` timestamp NOT NULL DEFAULT CURRENT_TIMESTAMP ON UPDATE CURRENT_TIMESTAMP
) ENGINE=InnoDB DEFAULT CHARSET=latin1;

--
-- Dumping data for table `md_requirements`
--

INSERT INTO `md_requirements` (`requirements_id`, `requirements_profession_id`, `requirements_state_id`, `requirements_update_data`, `requirements_phone`, `requirements_fax`, `requirements_website`, `requirements_address`, `requirements_desc`, `requirements_status`, `requirements_createdon`) VALUES
(1, 1, 1, 'Thursday, December 19, 2019', '(202) 442-5955', '(202) 442-5955', 'https://dchealth.dc.gov/bon', '899 North Capitol Street, NE, Washington, DC 20002.', '&lt;p&gt;&lt;strong&gt;Requirements:&lt;/strong&gt;&nbsp;Complete eighteen (18) contact hours of continuing education in the licensee&amp;#39;s current area of practice which must include at least 2 hours of education related', 1, '2020-07-28 11:08:53');

-- --------------------------------------------------------

--
-- Table structure for table `md_resume`
--

CREATE TABLE `md_resume` (
  `resume_id` int(11) NOT NULL,
  `resume_user_id` int(11) NOT NULL,
  `resume_name` varchar(225) DEFAULT '0',
  `resume_email` varchar(100) NOT NULL,
  `resume_phone` varchar(100) NOT NULL,
  `resume_country` varchar(225) NOT NULL,
  `resume_state` varchar(225) NOT NULL,
  `resume_city` varchar(225) NOT NULL,
  `resume_desc` text NOT NULL,
  `resume_keywords` mediumtext NOT NULL,
  `resume_image` varchar(100) NOT NULL,
  `resume_image_path` varchar(100) NOT NULL,
  `resume_facebook` varchar(100) NOT NULL,
  `resume_linkedin` varchar(100) NOT NULL,
  `resume_twitter` varchar(100) NOT NULL,
  `resume_status` int(11) NOT NULL DEFAULT '0',
  `resume_createdon` timestamp NOT NULL DEFAULT CURRENT_TIMESTAMP
) ENGINE=InnoDB DEFAULT CHARSET=latin1;

-- --------------------------------------------------------

--
-- Table structure for table `md_reviews`
--

CREATE TABLE `md_reviews` (
  `reviews_id` int(11) NOT NULL,
  `reviews_title` varchar(250) NOT NULL,
  `reviews_desc` text NOT NULL,
  `reviews_other` varchar(225) NOT NULL,
  `reviews_image_path` varchar(100) NOT NULL,
  `reviews_image` varchar(100) NOT NULL,
  `reviews_status` int(2) NOT NULL DEFAULT '1',
  `reviews_rates` int(2) NOT NULL DEFAULT '0',
  `reviews_createdon` datetime NOT NULL DEFAULT CURRENT_TIMESTAMP
) ENGINE=InnoDB DEFAULT CHARSET=latin1;

--
-- Dumping data for table `md_reviews`
--

INSERT INTO `md_reviews` (`reviews_id`, `reviews_title`, `reviews_desc`, `reviews_other`, `reviews_image_path`, `reviews_image`, `reviews_status`, `reviews_rates`, `reviews_createdon`) VALUES
(1, 'Jonathan Doe', '<p>Lorem ipsum dolor sit amet, consectetur adipiscing elit. Nunc quam sem, hendrerit sit amet velit et, consequat luctus augue. Curabitur eu hendrerit ligula, quis bibendum nibh. Nulla tincidunt erat eget faucibus convallis.</p>', 'Our Happy Customer', 'assets/uploads/reviews/', 'client-view158835019072.png', 1, 0, '2019-09-03 14:20:51'),
(2, 'Jonathan Doe', '<p>Lorem ipsum dolor sit amet, consectetur adipiscing elit. Nunc quam sem, hendrerit sit amet velit et, consequat luctus augue. Curabitur eu hendrerit ligula, quis bibendum nibh. Nulla tincidunt erat eget faucibus convallis.</p>', 'Our Happy Customer', 'assets/uploads/reviews/', 'client-view158835019072.png', 1, 0, '2019-09-03 14:21:06'),
(3, 'Jonathan Doe', '<p>Lorem ipsum dolor sit amet, consectetur adipiscing elit. Nunc quam sem, hendrerit sit amet velit et, consequat luctus augue. Curabitur eu hendrerit ligula, quis bibendum nibh. Nulla tincidunt erat eget faucibus convallis.</p>', 'Our Happy Customer', 'assets/uploads/reviews/', 'client-view158835019072.png', 1, 0, '2019-09-03 14:21:22'),
(4, 'Jonathan Doe', '<p>Lorem ipsum dolor sit amet, consectetur adipiscing elit. Nunc quam sem, hendrerit sit amet velit et, consequat luctus augue. Curabitur eu hendrerit ligula, quis bibendum nibh. Nulla tincidunt erat eget faucibus convallis.</p>', 'Our Happy Customer', 'assets/uploads/reviews/', 'client-view158835019072.png', 1, 0, '2019-09-03 14:33:22'),
(5, 'Jonathan Doe', '<p>Lorem ipsum dolor sit amet, consectetur adipiscing elit. Nunc quam sem, hendrerit sit amet velit et, consequat luctus augue. Curabitur eu hendrerit ligula, quis bibendum nibh. Nulla tincidunt erat eget faucibus convallis.</p>', 'Our Happy Customer', 'assets/uploads/reviews/', 'client-view158835019072.png', 1, 0, '2019-09-03 14:33:32');

-- --------------------------------------------------------

--
-- Table structure for table `md_salaryrange`
--

CREATE TABLE `md_salaryrange` (
  `salaryrange_id` int(11) NOT NULL,
  `salaryrange_name` varchar(225) NOT NULL,
  `salaryrange_slug` varchar(255) NOT NULL,
  `salaryrange_min` int(11) NOT NULL,
  `salaryrange_max` int(11) NOT NULL,
  `salaryrange_status` int(11) NOT NULL DEFAULT '1',
  `salaryrange_createdon` timestamp NOT NULL DEFAULT CURRENT_TIMESTAMP
) ENGINE=InnoDB DEFAULT CHARSET=latin1;

--
-- Dumping data for table `md_salaryrange`
--

INSERT INTO `md_salaryrange` (`salaryrange_id`, `salaryrange_name`, `salaryrange_slug`, `salaryrange_min`, `salaryrange_max`, `salaryrange_status`, `salaryrange_createdon`) VALUES
(1, '$1-$5', '1-5', 1000, 5000, 1, '2019-10-24 15:53:28'),
(2, '$6k-$10k', '6k-10k', 6000, 10000, 1, '2019-10-24 15:54:09'),
(3, '$11k-$15k', '11k-15k', 11000, 15000, 1, '2019-10-24 15:55:04'),
(4, '$16k-$20k', '16k-20k', 16000, 200000, 1, '2019-10-24 15:55:43');

-- --------------------------------------------------------

--
-- Table structure for table `md_services`
--

CREATE TABLE `md_services` (
  `services_id` int(11) NOT NULL,
  `services_slug` varchar(255) NOT NULL,
  `services_name` varchar(225) NOT NULL,
  `services_desc` varchar(225) CHARACTER SET utf8 NOT NULL,
  `services_type` varchar(225) NOT NULL,
  `services_size` varchar(100) NOT NULL,
  `services_status` int(11) NOT NULL DEFAULT '0',
  `services_createdon` timestamp NOT NULL DEFAULT CURRENT_TIMESTAMP
) ENGINE=InnoDB DEFAULT CHARSET=latin1;

--
-- Dumping data for table `md_services`
--

INSERT INTO `md_services` (`services_id`, `services_slug`, `services_name`, `services_desc`, `services_type`, `services_size`, `services_status`, `services_createdon`) VALUES
(1, '', 'Medium Size Portraits', '&lt;ul&gt;\r\n &lt;li&gt;21 Days&lt;/li&gt;\r\n &lt;li&gt;16 Days&lt;/li&gt;\r\n &lt;li&gt;13 Days&lt;/li&gt;\r\n &lt;li&gt;13 Days&lt;/li&gt;\r\n&lt;/ul&gt;', '(Oil &amp; Acrylic)', '(20x25cm - 50x60cm)', 1, '2019-08-07 20:41:06'),
(2, '', 'Big Size Portraits', '&lt;ul&gt;\r\n &lt;li&gt;21 Days&lt;/li&gt;\r\n &lt;li&gt;16 Days&lt;/li&gt;\r\n &lt;li&gt;13 Days&lt;/li&gt;\r\n &lt;li&gt;13 Days&lt;/li&gt;\r\n&lt;/ul&gt;', '(Oil &amp; Acrylic)', '(60x90cm - 120x180cm)', 1, '2019-08-07 20:41:30'),
(3, '', 'Charcoal, Pencil, Pastel &amp; Watercolor', '&lt;ul&gt;\r\n &lt;li&gt;21 Days&lt;/li&gt;\r\n &lt;li&gt;16 Days&lt;/li&gt;\r\n &lt;li&gt;13 Days&lt;/li&gt;\r\n &lt;li&gt;13 Days&lt;/li&gt;\r\n&lt;/ul&gt;', '', '', 1, '2019-08-07 20:41:39');

-- --------------------------------------------------------

--
-- Table structure for table `md_shop_item`
--

CREATE TABLE `md_shop_item` (
  `item_id` int(10) UNSIGNED NOT NULL,
  `item_order_id` int(10) UNSIGNED NOT NULL,
  `item_product_id` int(10) UNSIGNED NOT NULL,
  `item_product_name` varchar(100) COLLATE utf8_bin DEFAULT NULL,
  `item_product_img` varchar(512) COLLATE utf8_bin DEFAULT NULL,
  `item_type` int(11) NOT NULL DEFAULT '0',
  `item_qty` int(10) UNSIGNED NOT NULL,
  `item_rate` float UNSIGNED NOT NULL,
  `item_price` float UNSIGNED NOT NULL,
  `item_serialize` text COLLATE utf8_bin
) ENGINE=MyISAM DEFAULT CHARSET=utf8 COLLATE=utf8_bin COMMENT='Shopping Item in order';

--
-- Dumping data for table `md_shop_item`
--

INSERT INTO `md_shop_item` (`item_id`, `item_order_id`, `item_product_id`, `item_product_name`, `item_product_img`, `item_type`, `item_qty`, `item_rate`, `item_price`, `item_serialize`) VALUES
(1, 7, 1, 'Domestic Violence', 'http://localhost/advance_health_care/assets/uploads/course/img5159422230631.jpg', 2, 1, 0, 10, NULL),
(2, 7, 2, 'Human Trafficking', 'http://localhost/advance_health_care/assets/uploads/course/img6159422283747.jpg', 2, 1, 0, 10, NULL),
(3, 7, 3, 'HIV/AIDS- education for the Healthcare Professional', 'http://localhost/advance_health_care/assets/uploads/course/img7159422286699.jpg', 2, 1, 0, 10, NULL),
(4, 7, 4, 'HIPAA Compliance', 'http://localhost/advance_health_care/assets/uploads/course/img8159422297240.jpg', 2, 1, 0, 10, NULL),
(5, 7, 5, 'Infection Control Practices and Blood Borne Pathogens Overview', 'http://localhost/advance_health_care/assets/uploads/course/img9159422301127.jpg', 2, 1, 0, 10, NULL),
(6, 7, 6, 'Adult Pain Management', 'http://localhost/advance_health_care/assets/uploads/course/img10159422305136.jpg', 2, 1, 0, 10, NULL),
(7, 8, 1, 'Domestic Violence', 'http://localhost/advance_health_care/assets/uploads/course/img5159422230631.jpg', 2, 1, 0, 10, NULL),
(8, 8, 2, 'Human Trafficking', 'http://localhost/advance_health_care/assets/uploads/course/img6159422283747.jpg', 2, 1, 0, 10, NULL),
(9, 8, 3, 'HIV/AIDS- education for the Healthcare Professional', 'http://localhost/advance_health_care/assets/uploads/course/img7159422286699.jpg', 2, 1, 0, 10, NULL),
(10, 8, 4, 'HIPAA Compliance', 'http://localhost/advance_health_care/assets/uploads/course/img8159422297240.jpg', 2, 1, 0, 10, NULL),
(11, 8, 5, 'Infection Control Practices and Blood Borne Pathogens Overview', 'http://localhost/advance_health_care/assets/uploads/course/img9159422301127.jpg', 2, 1, 0, 10, NULL),
(12, 8, 6, 'Adult Pain Management', 'http://localhost/advance_health_care/assets/uploads/course/img10159422305136.jpg', 2, 1, 0, 10, NULL),
(13, 9, 1, 'Domestic Violence', 'http://localhost/advance_health_care/assets/uploads/course/img5159422230631.jpg', 2, 1, 0, 10, NULL),
(14, 9, 2, 'Human Trafficking', 'http://localhost/advance_health_care/assets/uploads/course/img6159422283747.jpg', 2, 1, 0, 10, NULL),
(15, 9, 3, 'HIV/AIDS- education for the Healthcare Professional', 'http://localhost/advance_health_care/assets/uploads/course/img7159422286699.jpg', 2, 1, 0, 10, NULL),
(16, 9, 4, 'HIPAA Compliance', 'http://localhost/advance_health_care/assets/uploads/course/img8159422297240.jpg', 2, 1, 0, 10, NULL),
(17, 9, 5, 'Infection Control Practices and Blood Borne Pathogens Overview', 'http://localhost/advance_health_care/assets/uploads/course/img9159422301127.jpg', 2, 1, 0, 10, NULL),
(18, 9, 6, 'Adult Pain Management', 'http://localhost/advance_health_care/assets/uploads/course/img10159422305136.jpg', 2, 1, 0, 10, NULL),
(19, 10, 1, 'Domestic Violence', 'http://localhost/advance_health_care/assets/uploads/course/img5159422230631.jpg', 2, 1, 0, 10, NULL),
(20, 10, 2, 'Human Trafficking', 'http://localhost/advance_health_care/assets/uploads/course/img6159422283747.jpg', 2, 1, 0, 10, NULL),
(21, 10, 3, 'HIV/AIDS- education for the Healthcare Professional', 'http://localhost/advance_health_care/assets/uploads/course/img7159422286699.jpg', 2, 1, 0, 10, NULL),
(22, 10, 4, 'HIPAA Compliance', 'http://localhost/advance_health_care/assets/uploads/course/img8159422297240.jpg', 2, 1, 0, 10, NULL),
(23, 10, 5, 'Infection Control Practices and Blood Borne Pathogens Overview', 'http://localhost/advance_health_care/assets/uploads/course/img9159422301127.jpg', 2, 1, 0, 10, NULL),
(24, 10, 6, 'Adult Pain Management', 'http://localhost/advance_health_care/assets/uploads/course/img10159422305136.jpg', 2, 1, 0, 10, NULL),
(25, 11, 1, 'Domestic Violence', 'http://localhost/advance_health_care/assets/uploads/course/img5159422230631.jpg', 2, 1, 0, 10, NULL),
(26, 11, 5, 'Infection Control Practices and Blood Borne Pathogens Overview', 'http://localhost/advance_health_care/assets/uploads/course/img9159422301127.jpg', 2, 1, 0, 10, NULL),
(27, 11, 6, 'Adult Pain Management', 'http://localhost/advance_health_care/assets/uploads/course/img10159422305136.jpg', 2, 1, 0, 10, NULL),
(28, 12, 1, 'Domestic Violence', 'http://localhost/advance_health_care/assets/uploads/course/img5159422230631.jpg', 2, 1, 0, 10, NULL),
(29, 12, 5, 'Infection Control Practices and Blood Borne Pathogens Overview', 'http://localhost/advance_health_care/assets/uploads/course/img9159422301127.jpg', 2, 1, 0, 10, NULL),
(30, 12, 6, 'Adult Pain Management', 'http://localhost/advance_health_care/assets/uploads/course/img10159422305136.jpg', 2, 1, 0, 10, NULL),
(31, 15, 1, 'Domestic Violence', 'http://demo-designproficient.com/advance_health_care-dev/assets/uploads/course/img5159422230631.jpg', 2, 1, 0, 10, NULL),
(32, 15, 2, 'Human Trafficking', 'http://demo-designproficient.com/advance_health_care-dev/assets/uploads/course/img6159422283747.jpg', 2, 1, 0, 10, NULL),
(33, 15, 3, 'HIV/AIDS- education for the Healthcare Professional', 'http://demo-designproficient.com/advance_health_care-dev/assets/uploads/course/img7159422286699.jpg', 2, 1, 0, 10, NULL),
(34, 15, 4, 'HIPAA Compliance', 'http://demo-designproficient.com/advance_health_care-dev/assets/uploads/course/img8159422297240.jpg', 2, 1, 0, 10, NULL),
(35, 15, 5, 'Infection Control Practices and Blood Borne Pathogens Overview', 'http://demo-designproficient.com/advance_health_care-dev/assets/uploads/course/img9159422301127.jpg', 2, 1, 0, 10, NULL),
(36, 15, 6, 'Adult Pain Management', 'http://demo-designproficient.com/advance_health_care-dev/assets/uploads/course/img10159422305136.jpg', 2, 1, 0, 10, NULL),
(37, 16, 1, 'Domestic Violence', 'http://demo-designproficient.com/advance_health_care-dev/assets/uploads/course/img5159422230631.jpg', 2, 1, 0, 10, NULL),
(38, 16, 3, 'HIV/AIDS- education for the Healthcare Professional', 'http://demo-designproficient.com/advance_health_care-dev/assets/uploads/course/img7159422286699.jpg', 2, 1, 0, 10, NULL),
(39, 16, 5, 'Infection Control Practices and Blood Borne Pathogens Overview', 'http://demo-designproficient.com/advance_health_care-dev/assets/uploads/course/img9159422301127.jpg', 2, 1, 0, 10, NULL),
(40, 16, 6, 'Adult Pain Management', 'http://demo-designproficient.com/advance_health_care-dev/assets/uploads/course/img10159422305136.jpg', 2, 1, 0, 10, NULL),
(41, 17, 1, 'Domestic Violence', 'https://demo-designproficient.com/advance_health_care-dev/assets/uploads/course/img5159422230631.jpg', 2, 1, 0, 10, NULL),
(42, 17, 2, 'Human Trafficking', 'https://demo-designproficient.com/advance_health_care-dev/assets/uploads/course/img6159422283747.jpg', 2, 1, 0, 10, NULL),
(43, 17, 3, 'HIV/AIDS- education for the Healthcare Professional', 'https://demo-designproficient.com/advance_health_care-dev/assets/uploads/course/img7159422286699.jpg', 2, 1, 0, 10, NULL),
(44, 17, 4, 'HIPAA Compliance', 'https://demo-designproficient.com/advance_health_care-dev/assets/uploads/course/img8159422297240.jpg', 2, 1, 0, 10, NULL),
(45, 17, 5, 'Infection Control Practices and Blood Borne Pathogens Overview', 'https://demo-designproficient.com/advance_health_care-dev/assets/uploads/course/img9159422301127.jpg', 2, 1, 0, 10, NULL),
(46, 17, 6, 'Adult Pain Management', 'https://demo-designproficient.com/advance_health_care-dev/assets/uploads/course/img10159422305136.jpg', 2, 1, 0, 10, NULL),
(47, 19, 3, 'Medication Aide-Pharmacology', 'http://demo-designproficient.com/advance_health_care-dev/assets/uploads/course/img7159422286699.jpg', 2, 1, 0, 30, NULL),
(48, 19, 7, 'Pharmacology: Insulin', 'http://demo-designproficient.com/advance_health_care-dev/assets/uploads/course/img9159622062972.jpg', 2, 1, 0, 19.99, NULL),
(49, 20, 3, 'Medication Aide-Pharmacology', 'http://demo-designproficient.com/advance_health_care-dev/assets/uploads/course/img7159422286699.jpg', 2, 1, 0, 30, NULL),
(50, 20, 7, 'Pharmacology: Insulin', 'http://demo-designproficient.com/advance_health_care-dev/assets/uploads/course/img9159622062972.jpg', 2, 1, 0, 19.99, NULL),
(51, 22, 2, 'Resident rights', 'http://demo-designproficient.com/advance_health_care-dev/assets/uploads/course/img6159422283747.jpg', 2, 1, 0, 10, NULL),
(52, 22, 13, 'Communication with cognitively impaired individuals', 'http://demo-designproficient.com/advance_health_care-dev/assets/uploads/course/img20159622208039.jpg', 2, 1, 0, 10, NULL),
(53, 22, 18, 'CPR skill', 'http://demo-designproficient.com/advance_health_care-dev/assets/uploads/course/img21159622267740.jpg', 2, 1, 0, 10, NULL),
(54, 22, 24, 'Medical error prevention and safety', 'http://demo-designproficient.com/advance_health_care-dev/assets/uploads/course/img24159622327452.jpg', 2, 1, 0, 10, NULL),
(55, 25, 1, 'Medical record documentation and legal aspects appropriate for the nursing assistant', 'http://demo-designproficient.com/advance_health_care-dev/assets/uploads/course/medical-record159649988777.png', 2, 1, 0, 10, NULL),
(56, 25, 2, 'Resident rights', 'http://demo-designproficient.com/advance_health_care-dev/assets/uploads/course/resident159649916248.png', 2, 1, 0, 10, NULL),
(57, 25, 13, 'Communication with cognitively impaired individuals', 'http://demo-designproficient.com/advance_health_care-dev/assets/uploads/course/img20159622208039.jpg', 2, 1, 0, 10, NULL),
(58, 25, 17, 'Infection control practices and blood borne pathogens overview', 'http://demo-designproficient.com/advance_health_care-dev/assets/uploads/course/ntitleddesign16159650881864.png', 2, 1, 0, 10, NULL),
(59, 25, 18, 'CPR skill', 'http://demo-designproficient.com/advance_health_care-dev/assets/uploads/course/img21159622267740.jpg', 2, 1, 0, 10, NULL),
(60, 25, 19, 'Domestic violence', 'http://demo-designproficient.com/advance_health_care-dev/assets/uploads/course/ntitleddesign18159650923525.png', 2, 1, 0, 10, NULL),
(61, 25, 24, 'Medical error prevention and safety', 'http://demo-designproficient.com/advance_health_care-dev/assets/uploads/course/img24159622327452.jpg', 2, 1, 0, 10, NULL),
(62, 26, 3, 'Medication Aide-Pharmacology', 'http://demo-designproficient.com/advance_health_care-dev/assets/uploads/course/med159649955469.png', 2, 1, 0, 30, NULL),
(63, 26, 7, 'Pharmacology: Insulin', 'http://demo-designproficient.com/advance_health_care-dev/assets/uploads/course/ntitleddesign22159654914270.png', 2, 1, 0, 19.99, NULL),
(64, 27, 3, 'Medication Aide-Pharmacology', 'http://demo-designproficient.com/advance_health_care-dev/assets/uploads/course/med159649955469.png', 2, 1, 0, 30, NULL),
(65, 27, 7, 'Pharmacology: Insulin', 'http://demo-designproficient.com/advance_health_care-dev/assets/uploads/course/ntitleddesign22159654914270.png', 2, 1, 0, 19.99, NULL),
(66, 29, 4, 'Let&rsquo;s discuss cultural competence', 'http://demo-designproficient.com/advance_health_care-dev/assets/uploads/course/ntitleddesign11159650207918.png', 2, 1, 0, 10, NULL),
(67, 29, 6, 'Adult pain management (5 hour)', 'http://demo-designproficient.com/advance_health_care-dev/assets/uploads/course/img10159422305136.jpg', 2, 1, 0, 19.99, NULL),
(68, 29, 8, 'Pharmacology Overview', 'http://demo-designproficient.com/advance_health_care-dev/assets/uploads/course/ntitleddesign20159654898083.png', 2, 1, 0, 45, NULL),
(69, 29, 9, 'LGBTQ', 'http://demo-designproficient.com/advance_health_care-dev/assets/uploads/course/159649562037.png', 2, 1, 0, 10, NULL),
(70, 29, 11, 'HIV/AIDS (3 hour)', 'http://demo-designproficient.com/advance_health_care-dev/assets/uploads/course/img26159622139677.jpg', 2, 1, 0, 12.95, NULL),
(71, 29, 12, 'Adult Diabetes', 'http://demo-designproficient.com/advance_health_care-dev/assets/uploads/course/img30159622188816.jpg', 2, 1, 0, 20, NULL),
(72, 29, 15, 'HIPAA compliance', 'http://demo-designproficient.com/advance_health_care-dev/assets/uploads/course/img19159622228661.jpg', 2, 1, 0, 10, NULL),
(73, 29, 16, 'HTN update', 'http://demo-designproficient.com/advance_health_care-dev/assets/uploads/course/ntitleddesign15159650841920.png', 2, 1, 0, 20, NULL),
(74, 29, 17, 'Infection control practices and blood borne pathogens overview', 'http://demo-designproficient.com/advance_health_care-dev/assets/uploads/course/ntitleddesign16159650881864.png', 2, 1, 0, 10, NULL),
(75, 29, 19, 'Domestic violence', 'http://demo-designproficient.com/advance_health_care-dev/assets/uploads/course/ntitleddesign18159650923525.png', 2, 1, 0, 10, NULL),
(76, 29, 20, 'Phlebotomy', 'http://demo-designproficient.com/advance_health_care-dev/assets/uploads/course/ntitleddesign6159649840553.png', 2, 1, 0, 14, NULL),
(77, 29, 21, 'Human Trafficking', 'http://demo-designproficient.com/advance_health_care-dev/assets/uploads/course/img19159622296469.jpg', 2, 1, 0, 10, NULL),
(78, 29, 22, 'Recognizing impairment in the workplace', 'http://demo-designproficient.com/advance_health_care-dev/assets/uploads/course/nurseimpairment159649670584.png', 2, 1, 0, 10, NULL),
(79, 29, 24, 'Medical error prevention and safety', 'http://demo-designproficient.com/advance_health_care-dev/assets/uploads/course/img24159622327452.jpg', 2, 1, 0, 10, NULL),
(80, 30, 1, 'Medical record documentation and legal aspects appropriate for the nursing assistant', 'http://demo-designproficient.com/advance_health_care-dev/assets/uploads/course/medical-record159649988777.png', 2, 1, 0, 10, NULL),
(81, 30, 2, 'Resident rights', 'http://demo-designproficient.com/advance_health_care-dev/assets/uploads/course/resident159649916248.png', 2, 1, 0, 10, NULL),
(82, 30, 13, 'Communication with cognitively impaired individuals', 'http://demo-designproficient.com/advance_health_care-dev/assets/uploads/course/img20159622208039.jpg', 2, 1, 0, 10, NULL),
(83, 30, 17, 'Infection control practices and blood borne pathogens overview', 'http://demo-designproficient.com/advance_health_care-dev/assets/uploads/course/ntitleddesign16159650881864.png', 2, 1, 0, 10, NULL),
(84, 30, 18, 'CPR skill', 'http://demo-designproficient.com/advance_health_care-dev/assets/uploads/course/img21159622267740.jpg', 2, 1, 0, 10, NULL),
(85, 30, 19, 'Domestic violence', 'http://demo-designproficient.com/advance_health_care-dev/assets/uploads/course/ntitleddesign18159650923525.png', 2, 1, 0, 10, NULL),
(86, 30, 24, 'Medical error prevention and safety', 'http://demo-designproficient.com/advance_health_care-dev/assets/uploads/course/img24159622327452.jpg', 2, 1, 0, 10, NULL),
(87, 32, 1, 'Medical record documentation and legal aspects appropriate for the nursing assistant', 'https://demo-designproficient.com/advance_health_care-dev/assets/uploads/course/medical-record159649988777.png', 2, 1, 0, 10, NULL),
(88, 32, 2, 'Resident rights', 'https://demo-designproficient.com/advance_health_care-dev/assets/uploads/course/resident159649916248.png', 2, 1, 0, 10, NULL),
(89, 32, 13, 'Communication with cognitively impaired individuals', 'https://demo-designproficient.com/advance_health_care-dev/assets/uploads/course/img20159622208039.jpg', 2, 1, 0, 10, NULL),
(90, 32, 17, 'Infection control practices and blood borne pathogens overview', 'https://demo-designproficient.com/advance_health_care-dev/assets/uploads/course/ntitleddesign16159650881864.png', 2, 1, 0, 10, NULL),
(91, 32, 18, 'CPR skill', 'https://demo-designproficient.com/advance_health_care-dev/assets/uploads/course/img21159622267740.jpg', 2, 1, 0, 10, NULL),
(92, 32, 19, 'Domestic violence', 'https://demo-designproficient.com/advance_health_care-dev/assets/uploads/course/ntitleddesign18159650923525.png', 2, 1, 0, 10, NULL),
(93, 32, 24, 'Medical error prevention and safety', 'https://demo-designproficient.com/advance_health_care-dev/assets/uploads/course/img24159622327452.jpg', 2, 1, 0, 10, NULL),
(94, 33, 1, 'Medical record documentation and legal aspects appropriate for the nursing assistant', 'https://demo-designproficient.com/advance_health_care-dev/assets/uploads/course/medical-record159649988777.png', 2, 1, 0, 10, NULL),
(95, 33, 2, 'Resident rights', 'https://demo-designproficient.com/advance_health_care-dev/assets/uploads/course/resident159649916248.png', 2, 1, 0, 10, NULL),
(96, 33, 13, 'Communication with cognitively impaired individuals', 'https://demo-designproficient.com/advance_health_care-dev/assets/uploads/course/img20159622208039.jpg', 2, 1, 0, 10, NULL),
(97, 33, 17, 'Infection control practices and blood borne pathogens overview', 'https://demo-designproficient.com/advance_health_care-dev/assets/uploads/course/ntitleddesign16159650881864.png', 2, 1, 0, 10, NULL),
(98, 33, 18, 'CPR skill', 'https://demo-designproficient.com/advance_health_care-dev/assets/uploads/course/img21159622267740.jpg', 2, 1, 0, 10, NULL),
(99, 33, 19, 'Domestic violence', 'https://demo-designproficient.com/advance_health_care-dev/assets/uploads/course/ntitleddesign18159650923525.png', 2, 1, 0, 10, NULL),
(100, 33, 24, 'Medical error prevention and safety', 'https://demo-designproficient.com/advance_health_care-dev/assets/uploads/course/img24159622327452.jpg', 2, 1, 0, 10, NULL),
(101, 35, 10, 'HIV/AIDS (2 hour)', 'http://demo-designproficient.com/advance_health_care-dev/assets/uploads/course/img6159622124291.jpg', 2, 1, 0, 10, NULL),
(102, 35, 19, 'Domestic violence', 'http://demo-designproficient.com/advance_health_care-dev/assets/uploads/course/ntitleddesign18159650923525.png', 2, 1, 0, 10, NULL),
(103, 35, 21, 'Human Trafficking', 'http://demo-designproficient.com/advance_health_care-dev/assets/uploads/course/img19159622296469.jpg', 2, 1, 0, 10, NULL),
(104, 35, 22, 'Recognizing impairment in the workplace', 'http://demo-designproficient.com/advance_health_care-dev/assets/uploads/course/nurseimpairment159649670584.png', 2, 1, 0, 10, NULL),
(105, 35, 23, 'Florida laws and rules', 'http://demo-designproficient.com/advance_health_care-dev/assets/uploads/course/law159649606436.png', 2, 1, 0, 10, NULL),
(106, 35, 24, 'Medical error prevention and safety', 'http://demo-designproficient.com/advance_health_care-dev/assets/uploads/course/img24159622327452.jpg', 2, 1, 0, 10, NULL),
(107, 38, 1, 'Medical record documentation and legal aspects appropriate for the nursing assistant', 'http://demo-designproficient.com/advance_health_care-dev/assets/uploads/course/medical-record159649988777.png', 2, 1, 0, 10, NULL),
(108, 38, 2, 'Resident rights', 'http://demo-designproficient.com/advance_health_care-dev/assets/uploads/course/resident159649916248.png', 2, 1, 0, 10, NULL),
(109, 38, 13, 'Communication with cognitively impaired individuals', 'http://demo-designproficient.com/advance_health_care-dev/assets/uploads/course/img20159622208039.jpg', 2, 1, 0, 10, NULL),
(110, 38, 17, 'Infection control practices and blood borne pathogens overview', 'http://demo-designproficient.com/advance_health_care-dev/assets/uploads/course/ntitleddesign16159650881864.png', 2, 1, 0, 10, NULL),
(111, 38, 18, 'CPR skill', 'http://demo-designproficient.com/advance_health_care-dev/assets/uploads/course/img21159622267740.jpg', 2, 1, 0, 10, NULL),
(112, 38, 19, 'Domestic violence', 'http://demo-designproficient.com/advance_health_care-dev/assets/uploads/course/ntitleddesign18159650923525.png', 2, 1, 0, 10, NULL),
(113, 38, 24, 'Medical error prevention and safety', 'http://demo-designproficient.com/advance_health_care-dev/assets/uploads/course/img24159622327452.jpg', 2, 1, 0, 10, NULL);

-- --------------------------------------------------------

--
-- Table structure for table `md_shop_order`
--

CREATE TABLE `md_shop_order` (
  `order_id` int(10) UNSIGNED NOT NULL,
  `order_user_id` int(10) UNSIGNED NOT NULL,
  `order_payment_type` varchar(100) COLLATE utf8_bin DEFAULT 'Paypal',
  `order_agreed_terms_status` int(5) NOT NULL DEFAULT '0' COMMENT '1=approve , 0=notapprove',
  `order_payment_status` tinyint(3) UNSIGNED NOT NULL DEFAULT '0' COMMENT '0 - Not approved,1-Approved ,2-Declined ,3-Error ,4-Held for Review,11-fruad cause',
  `order_delivery_status` tinyint(10) UNSIGNED NOT NULL DEFAULT '1' COMMENT '0 =  In process , 1 = new order ,  shipped , 3= on hold , 4= denied , 5= reject',
  `order_status` tinyint(3) UNSIGNED NOT NULL DEFAULT '1' COMMENT '1=Active , 0= Disable',
  `order_ondate` timestamp NOT NULL DEFAULT CURRENT_TIMESTAMP,
  `order_shipping_amount` float NOT NULL DEFAULT '0',
  `order_shipping_type` int(5) NOT NULL DEFAULT '0' COMMENT '0=no delivery charges , 1=free,2=pick store,3=cash on delivery',
  `order_tax_percentage` float NOT NULL DEFAULT '0',
  `order_tax_amount` float NOT NULL DEFAULT '0',
  `order_discount_amount` float DEFAULT '0',
  `order_discount_content` text COLLATE utf8_bin,
  `order_billing_fname` varchar(255) COLLATE utf8_bin DEFAULT NULL,
  `order_billing_lname` varchar(255) COLLATE utf8_bin DEFAULT NULL,
  `order_billing_phone` varchar(100) COLLATE utf8_bin DEFAULT NULL,
  `order_billing_email` varchar(100) COLLATE utf8_bin DEFAULT NULL,
  `order_billing_address` varchar(255) COLLATE utf8_bin DEFAULT NULL,
  `order_billing_address2` varchar(255) COLLATE utf8_bin DEFAULT NULL,
  `order_billing_city` varchar(100) COLLATE utf8_bin DEFAULT NULL,
  `order_billing_state` varchar(100) COLLATE utf8_bin DEFAULT NULL,
  `order_billing_country` varchar(100) COLLATE utf8_bin DEFAULT NULL,
  `order_billing_zip_code` varchar(100) COLLATE utf8_bin DEFAULT NULL,
  `order_shipping_fname` varchar(100) COLLATE utf8_bin DEFAULT NULL,
  `order_shipping_lname` varchar(100) COLLATE utf8_bin DEFAULT NULL,
  `order_shipping_phone` varchar(100) COLLATE utf8_bin DEFAULT NULL,
  `order_shipping_email` varchar(100) COLLATE utf8_bin DEFAULT NULL,
  `order_shipping_address` varchar(255) COLLATE utf8_bin DEFAULT NULL,
  `order_shipping_address2` varchar(255) COLLATE utf8_bin DEFAULT NULL,
  `order_shipping_city` varchar(100) COLLATE utf8_bin DEFAULT NULL,
  `order_shipping_state` varchar(100) COLLATE utf8_bin DEFAULT NULL,
  `order_shipping_country` int(11) DEFAULT NULL,
  `order_shipping_zip_code` varchar(100) COLLATE utf8_bin DEFAULT NULL,
  `order_shipping_order_description` text COLLATE utf8_bin,
  `order_paypal_mc_gross` varchar(255) COLLATE utf8_bin DEFAULT NULL,
  `order_product_img` varchar(555) COLLATE utf8_bin DEFAULT NULL,
  `order_transaction_message` varchar(255) COLLATE utf8_bin DEFAULT NULL,
  `order_paypal_pending_reason` varchar(255) COLLATE utf8_bin DEFAULT NULL,
  `order_payment_txn_id` varchar(255) COLLATE utf8_bin DEFAULT NULL,
  `order_type` varchar(50) COLLATE utf8_bin DEFAULT NULL COMMENT '1= course , 2 = package',
  `order_product_name` varchar(255) COLLATE utf8_bin DEFAULT NULL,
  `order_product_id` int(11) DEFAULT '0' COMMENT 'package /course id ',
  `order_payment_post` longtext COLLATE utf8_bin,
  `order_amount` float NOT NULL DEFAULT '0'
) ENGINE=MyISAM DEFAULT CHARSET=utf8 COLLATE=utf8_bin COMMENT='Shopping order data';

--
-- Dumping data for table `md_shop_order`
--

INSERT INTO `md_shop_order` (`order_id`, `order_user_id`, `order_payment_type`, `order_agreed_terms_status`, `order_payment_status`, `order_delivery_status`, `order_status`, `order_ondate`, `order_shipping_amount`, `order_shipping_type`, `order_tax_percentage`, `order_tax_amount`, `order_discount_amount`, `order_discount_content`, `order_billing_fname`, `order_billing_lname`, `order_billing_phone`, `order_billing_email`, `order_billing_address`, `order_billing_address2`, `order_billing_city`, `order_billing_state`, `order_billing_country`, `order_billing_zip_code`, `order_shipping_fname`, `order_shipping_lname`, `order_shipping_phone`, `order_shipping_email`, `order_shipping_address`, `order_shipping_address2`, `order_shipping_city`, `order_shipping_state`, `order_shipping_country`, `order_shipping_zip_code`, `order_shipping_order_description`, `order_paypal_mc_gross`, `order_product_img`, `order_transaction_message`, `order_paypal_pending_reason`, `order_payment_txn_id`, `order_type`, `order_product_name`, `order_product_id`, `order_payment_post`, `order_amount`) VALUES
(11, 14, 'Paypal', 0, 0, 1, 0, '2020-07-23 23:43:43', 0, 0, 0, 0, 0, NULL, NULL, NULL, NULL, NULL, NULL, NULL, NULL, NULL, NULL, NULL, NULL, NULL, NULL, NULL, NULL, NULL, NULL, NULL, NULL, NULL, NULL, NULL, 'http://localhost/advance_health_care/assets/uploads/package/img29159549072368.jpg', NULL, NULL, NULL, 'package', 'Georgia- Certified Nursing Assistant 24-hour Package', 2, NULL, 50),
(10, 14, 'Paypal', 0, 1, 1, 1, '2020-07-23 23:42:40', 0, 0, 0, 0, 0, NULL, NULL, NULL, NULL, NULL, NULL, NULL, NULL, NULL, NULL, NULL, NULL, NULL, NULL, NULL, NULL, NULL, NULL, NULL, NULL, NULL, NULL, NULL, 'http://localhost/advance_health_care/assets/uploads/package/img32159549069778.jpg', NULL, NULL, NULL, 'package', 'Florida - Certified Nursing Assistant', 1, NULL, 40),
(9, 14, 'Paypal', 0, 0, 1, 0, '2020-07-23 23:42:05', 0, 0, 0, 0, 0, NULL, NULL, NULL, NULL, NULL, NULL, NULL, NULL, NULL, NULL, NULL, NULL, NULL, NULL, NULL, NULL, NULL, NULL, NULL, NULL, NULL, NULL, NULL, 'http://localhost/advance_health_care/assets/uploads/package/img32159549069778.jpg', NULL, NULL, NULL, 'package', 'Florida - Certified Nursing Assistant', 1, NULL, 40),
(7, 14, 'Paypal', 0, 0, 1, 0, '2020-07-23 23:39:44', 0, 0, 0, 0, 0, NULL, NULL, NULL, NULL, NULL, NULL, NULL, NULL, NULL, NULL, NULL, NULL, NULL, NULL, NULL, NULL, NULL, NULL, NULL, NULL, NULL, NULL, NULL, 'http://localhost/advance_health_care/assets/uploads/package/img32159549069778.jpg', NULL, NULL, NULL, 'package', 'Florida - Certified Nursing Assistant', 1, NULL, 40),
(8, 14, 'Paypal', 0, 0, 1, 0, '2020-07-23 23:41:56', 0, 0, 0, 0, 0, NULL, NULL, NULL, NULL, NULL, NULL, NULL, NULL, NULL, NULL, NULL, NULL, NULL, NULL, NULL, NULL, NULL, NULL, NULL, NULL, NULL, NULL, NULL, 'http://localhost/advance_health_care/assets/uploads/package/img32159549069778.jpg', NULL, NULL, NULL, 'package', 'Florida - Certified Nursing Assistant', 1, NULL, 40),
(12, 14, 'Paypal', 0, 1, 1, 1, '2020-07-23 23:45:09', 0, 0, 0, 0, 0, NULL, NULL, NULL, NULL, NULL, NULL, NULL, NULL, NULL, NULL, NULL, NULL, NULL, NULL, NULL, NULL, NULL, NULL, NULL, NULL, NULL, NULL, NULL, 'http://localhost/advance_health_care/assets/uploads/package/img29159549072368.jpg', NULL, NULL, NULL, 'package', 'Georgia- Certified Nursing Assistant 24-hour Package', 2, NULL, 50),
(13, 32, 'Paypal', 0, 0, 1, 0, '2020-07-31 02:37:46', 0, 0, 0, 0, 0, NULL, NULL, NULL, NULL, NULL, NULL, NULL, NULL, NULL, NULL, NULL, NULL, NULL, NULL, NULL, NULL, NULL, NULL, NULL, NULL, NULL, NULL, NULL, 'http://demo-designproficient.com/advance_health_care-dev/assets/uploads/course/img6159422283747.jpg', NULL, NULL, NULL, 'course', 'Human Trafficking', NULL, NULL, 10),
(14, 32, 'Paypal', 0, 0, 1, 0, '2020-07-31 02:38:48', 0, 0, 0, 0, 0, NULL, NULL, NULL, NULL, NULL, NULL, NULL, NULL, NULL, NULL, NULL, NULL, NULL, NULL, NULL, NULL, NULL, NULL, NULL, NULL, NULL, NULL, NULL, 'http://demo-designproficient.com/advance_health_care-dev/assets/uploads/course/img6159422283747.jpg', NULL, NULL, NULL, 'course', 'Human Trafficking', NULL, NULL, 10),
(15, 32, 'Paypal', 0, 0, 1, 0, '2020-07-31 02:42:14', 0, 0, 0, 0, 0, NULL, NULL, NULL, NULL, NULL, NULL, NULL, NULL, NULL, NULL, NULL, NULL, NULL, NULL, NULL, NULL, NULL, NULL, NULL, NULL, NULL, NULL, NULL, 'http://demo-designproficient.com/advance_health_care-dev/assets/uploads/package/img32159549069778.jpg', NULL, NULL, NULL, 'package', 'Florida - Certified Nursing Assistant', 1, NULL, 40),
(16, 32, 'Paypal', 0, 0, 1, 0, '2020-07-31 02:43:01', 0, 0, 0, 0, 0, NULL, NULL, NULL, NULL, NULL, NULL, NULL, NULL, NULL, NULL, NULL, NULL, NULL, NULL, NULL, NULL, NULL, NULL, NULL, NULL, NULL, NULL, NULL, 'http://demo-designproficient.com/advance_health_care-dev/assets/uploads/package/img32159549068418.jpg', NULL, NULL, NULL, 'package', 'South Carolina- Certified Nursing Assistant 24-hour Package', 3, NULL, 300),
(17, 14, 'Paypal', 0, 0, 1, 0, '2020-07-31 03:32:11', 0, 0, 0, 0, 0, NULL, NULL, NULL, NULL, NULL, NULL, NULL, NULL, NULL, NULL, NULL, NULL, NULL, NULL, NULL, NULL, NULL, NULL, NULL, NULL, NULL, NULL, NULL, 'https://demo-designproficient.com/advance_health_care-dev/assets/uploads/package/img32159549069778.jpg', NULL, NULL, NULL, 'package', 'Florida - Certified Nursing Assistant', 1, NULL, 40),
(18, 34, 'Paypal', 0, 0, 1, 0, '2020-08-02 10:27:01', 0, 0, 0, 0, 0, NULL, NULL, NULL, NULL, NULL, NULL, NULL, NULL, NULL, NULL, NULL, NULL, NULL, NULL, NULL, NULL, NULL, NULL, NULL, NULL, NULL, NULL, NULL, 'http://demo-designproficient.com/advance_health_care-dev/assets/uploads/course/img6159422283747.jpg', NULL, NULL, NULL, 'course', 'Resident rights', NULL, NULL, 10),
(19, 34, 'Paypal', 0, 0, 1, 0, '2020-08-02 10:27:48', 0, 0, 0, 0, 0, NULL, NULL, NULL, NULL, NULL, NULL, NULL, NULL, NULL, NULL, NULL, NULL, NULL, NULL, NULL, NULL, NULL, NULL, NULL, NULL, NULL, NULL, NULL, 'http://demo-designproficient.com/advance_health_care-dev/assets/uploads/package/img32159549069778.jpg', NULL, NULL, NULL, 'package', 'Certified Medication Aide (CMA)', 1, NULL, 20),
(20, 34, 'Paypal', 0, 0, 1, 0, '2020-08-02 10:29:16', 0, 0, 0, 0, 0, NULL, NULL, NULL, NULL, NULL, NULL, NULL, NULL, NULL, NULL, NULL, NULL, NULL, NULL, NULL, NULL, NULL, NULL, NULL, NULL, NULL, NULL, NULL, 'http://demo-designproficient.com/advance_health_care-dev/assets/uploads/package/img32159549069778.jpg', NULL, NULL, NULL, 'package', 'Certified Medication Aide (CMA)', 1, NULL, 20),
(21, 14, 'Paypal', 0, 0, 1, 0, '2020-08-02 22:23:04', 0, 0, 0, 0, 0, NULL, NULL, NULL, NULL, NULL, NULL, NULL, NULL, NULL, NULL, NULL, NULL, NULL, NULL, NULL, NULL, NULL, NULL, NULL, NULL, NULL, NULL, NULL, 'https://demo-designproficient.com/advance_health_care-dev/assets/uploads/course/img5159422230631.jpg', NULL, NULL, NULL, 'course', 'Medical record documentation and legal aspects appropriate for the nursing assistant', NULL, NULL, 10),
(22, 14, 'Paypal', 0, 0, 1, 0, '2020-08-03 04:39:37', 0, 0, 0, 0, 0, NULL, NULL, NULL, NULL, NULL, NULL, NULL, NULL, NULL, NULL, NULL, NULL, NULL, NULL, NULL, NULL, NULL, NULL, NULL, NULL, NULL, NULL, NULL, 'http://demo-designproficient.com/advance_health_care-dev/assets/uploads/package/img29159549072368.jpg', NULL, NULL, NULL, 'package', 'Florida- Certified Nursing Assistant', 2, NULL, 50),
(23, 14, 'Paypal', 0, 0, 1, 0, '2020-08-03 05:11:25', 0, 0, 0, 0, 0, NULL, NULL, NULL, NULL, NULL, NULL, NULL, NULL, NULL, NULL, NULL, NULL, NULL, NULL, NULL, NULL, NULL, NULL, NULL, NULL, NULL, NULL, NULL, 'https://demo-designproficient.com/advance_health_care-dev/assets/uploads/course/img5159422230631.jpg', NULL, NULL, NULL, 'course', 'Medical record documentation and legal aspects appropriate for the nursing assistant', NULL, NULL, 10),
(24, 14, 'Paypal', 0, 0, 1, 0, '2020-08-03 05:11:40', 0, 0, 0, 0, 0, NULL, NULL, NULL, NULL, NULL, NULL, NULL, NULL, NULL, NULL, NULL, NULL, NULL, NULL, NULL, NULL, NULL, NULL, NULL, NULL, NULL, NULL, NULL, 'https://demo-designproficient.com/advance_health_care-dev/assets/uploads/course/img5159422230631.jpg', NULL, NULL, NULL, 'course', 'Medical record documentation and legal aspects appropriate for the nursing assistant', NULL, NULL, 10),
(25, 14, 'Paypal', 0, 0, 1, 0, '2020-08-04 05:58:05', 0, 0, 0, 0, 0, NULL, NULL, NULL, NULL, NULL, NULL, NULL, NULL, NULL, NULL, NULL, NULL, NULL, NULL, NULL, NULL, NULL, NULL, NULL, NULL, NULL, NULL, NULL, 'http://demo-designproficient.com/advance_health_care-dev/assets/uploads/package/img29159549072368.jpg', NULL, NULL, NULL, 'package', 'Florida- Certified Nursing Assistant', 2, NULL, 20),
(26, 37, 'Paypal', 0, 0, 1, 0, '2020-08-04 14:25:38', 0, 0, 0, 0, 0, NULL, NULL, NULL, NULL, NULL, NULL, NULL, NULL, NULL, NULL, NULL, NULL, NULL, NULL, NULL, NULL, NULL, NULL, NULL, NULL, NULL, NULL, NULL, 'http://demo-designproficient.com/advance_health_care-dev/assets/uploads/package/img32159549069778.jpg', NULL, NULL, NULL, 'package', 'Certified Medication Aide (CMA)', 1, NULL, 20),
(27, 37, 'Paypal', 0, 0, 1, 0, '2020-08-04 14:26:37', 0, 0, 0, 0, 0, NULL, NULL, NULL, NULL, NULL, NULL, NULL, NULL, NULL, NULL, NULL, NULL, NULL, NULL, NULL, NULL, NULL, NULL, NULL, NULL, NULL, NULL, NULL, 'http://demo-designproficient.com/advance_health_care-dev/assets/uploads/package/img32159549069778.jpg', NULL, NULL, NULL, 'package', 'Certified Medication Aide (CMA)', 1, NULL, 20),
(28, 37, 'Paypal', 0, 0, 1, 0, '2020-08-04 14:52:08', 0, 0, 0, 0, 0, NULL, NULL, NULL, NULL, NULL, NULL, NULL, NULL, NULL, NULL, NULL, NULL, NULL, NULL, NULL, NULL, NULL, NULL, NULL, NULL, NULL, NULL, NULL, 'http://demo-designproficient.com/advance_health_care-dev/assets/uploads/course/resident159649916248.png', NULL, NULL, NULL, 'course', 'Resident rights', NULL, NULL, 10),
(29, 37, 'Paypal', 0, 0, 1, 0, '2020-08-04 21:47:24', 0, 0, 0, 0, 0, NULL, NULL, NULL, NULL, NULL, NULL, NULL, NULL, NULL, NULL, NULL, NULL, NULL, NULL, NULL, NULL, NULL, NULL, NULL, NULL, NULL, NULL, NULL, 'http://demo-designproficient.com/advance_health_care-dev/assets/uploads/package/img15159643611788.jpg', NULL, NULL, NULL, 'package', 'New Mexico- Advanced Practice Registered Nurse', 18, NULL, 45),
(30, 38, 'Paypal', 0, 0, 1, 0, '2020-12-21 03:26:06', 0, 0, 0, 0, 0, NULL, NULL, NULL, NULL, NULL, NULL, NULL, NULL, NULL, NULL, NULL, NULL, NULL, NULL, NULL, NULL, NULL, NULL, NULL, NULL, NULL, NULL, NULL, 'http://demo-designproficient.com/advance_health_care-dev/assets/uploads/package/img29159549072368.jpg', NULL, NULL, NULL, 'package', 'Florida- Certified Nursing Assistant', 2, NULL, 20),
(31, 38, 'Paypal', 0, 0, 1, 0, '2020-12-21 03:26:41', 0, 0, 0, 0, 0, NULL, NULL, NULL, NULL, NULL, NULL, NULL, NULL, NULL, NULL, NULL, NULL, NULL, NULL, NULL, NULL, NULL, NULL, NULL, NULL, NULL, NULL, NULL, 'http://demo-designproficient.com/advance_health_care-dev/assets/uploads/course/medical-record159649988777.png', NULL, NULL, NULL, 'course', 'Medical record documentation and legal aspects appropriate for the nursing assistant', NULL, NULL, 10),
(32, 38, 'Paypal', 0, 0, 1, 0, '2020-12-21 03:29:31', 0, 0, 0, 0, 0, NULL, NULL, NULL, NULL, NULL, NULL, NULL, NULL, NULL, NULL, NULL, NULL, NULL, NULL, NULL, NULL, NULL, NULL, NULL, NULL, NULL, NULL, NULL, 'https://demo-designproficient.com/advance_health_care-dev/assets/uploads/package/img29159549072368.jpg', NULL, NULL, NULL, 'package', 'Florida- Certified Nursing Assistant', 2, NULL, 20),
(33, 38, 'Paypal', 0, 0, 1, 0, '2020-12-21 03:34:53', 0, 0, 0, 0, 0, NULL, NULL, NULL, NULL, NULL, NULL, NULL, NULL, NULL, NULL, NULL, NULL, NULL, NULL, NULL, NULL, NULL, NULL, NULL, NULL, NULL, NULL, NULL, 'https://demo-designproficient.com/advance_health_care-dev/assets/uploads/package/img29159549072368.jpg', NULL, NULL, NULL, 'package', 'Florida- Certified Nursing Assistant', 2, NULL, 20),
(34, 39, 'Paypal', 0, 0, 1, 0, '2021-01-04 06:46:37', 0, 0, 0, 0, 0, NULL, NULL, NULL, NULL, NULL, NULL, NULL, NULL, NULL, NULL, NULL, NULL, NULL, NULL, NULL, NULL, NULL, NULL, NULL, NULL, NULL, NULL, NULL, 'http://demo-designproficient.com/advance_health_care-dev/assets/uploads/course/med159649955469.png', NULL, NULL, NULL, 'course', 'Medication Aide-Pharmacology', NULL, NULL, 30),
(35, 40, 'Paypal', 0, 0, 1, 0, '2021-02-23 01:23:39', 0, 0, 0, 0, 0, NULL, NULL, NULL, NULL, NULL, NULL, NULL, NULL, NULL, NULL, NULL, NULL, NULL, NULL, NULL, NULL, NULL, NULL, NULL, NULL, NULL, NULL, NULL, 'http://demo-designproficient.com/advance_health_care-dev/assets/uploads/package/img15159549213377.jpg', NULL, NULL, NULL, 'package', 'Florida- Advanced Practice Registered Nurse', 5, NULL, 20),
(36, 40, 'Paypal', 0, 0, 1, 0, '2021-02-23 01:30:58', 0, 0, 0, 0, 0, NULL, NULL, NULL, NULL, NULL, NULL, NULL, NULL, NULL, NULL, NULL, NULL, NULL, NULL, NULL, NULL, NULL, NULL, NULL, NULL, NULL, NULL, NULL, 'http://demo-designproficient.com/advance_health_care-dev/assets/uploads/course/nurseimpairment159649670584.png', NULL, NULL, NULL, 'course', 'Recognizing impairment in the workplace', NULL, NULL, 10),
(37, 40, 'Paypal', 0, 0, 1, 0, '2021-02-23 01:31:30', 0, 0, 0, 0, 0, NULL, NULL, NULL, NULL, NULL, NULL, NULL, NULL, NULL, NULL, NULL, NULL, NULL, NULL, NULL, NULL, NULL, NULL, NULL, NULL, NULL, NULL, NULL, 'http://demo-designproficient.com/advance_health_care-dev/assets/uploads/course/nurseimpairment159649670584.png', NULL, NULL, NULL, 'course', 'Recognizing impairment in the workplace', NULL, NULL, 10),
(38, 40, 'Paypal', 0, 0, 1, 0, '2021-02-23 01:32:31', 0, 0, 0, 0, 0, NULL, NULL, NULL, NULL, NULL, NULL, NULL, NULL, NULL, NULL, NULL, NULL, NULL, NULL, NULL, NULL, NULL, NULL, NULL, NULL, NULL, NULL, NULL, 'http://demo-designproficient.com/advance_health_care-dev/assets/uploads/package/img29159549072368.jpg', NULL, NULL, NULL, 'package', 'Florida- Certified Nursing Assistant', 2, NULL, 20);

-- --------------------------------------------------------

--
-- Table structure for table `md_skills`
--

CREATE TABLE `md_skills` (
  `skills_id` int(10) UNSIGNED NOT NULL,
  `skills_name` varchar(225) DEFAULT NULL,
  `skills_slug` varchar(225) DEFAULT NULL,
  `skills_createdon` varchar(225) DEFAULT '1',
  `skills_status` tinyint(4) DEFAULT '1'
) ENGINE=InnoDB DEFAULT CHARSET=utf8 COMMENT='skills';

--
-- Dumping data for table `md_skills`
--

INSERT INTO `md_skills` (`skills_id`, `skills_name`, `skills_slug`, `skills_createdon`, `skills_status`) VALUES
(1, 'php', 'php', '1', 1),
(2, 'javascript', 'javascript', '1', 1),
(3, 'marketing', 'marketing', '1', 1),
(4, 'social media', 'social-media', '1', 1),
(5, 'css3', 'css3', '1', 1),
(6, 'html', 'html', '1', 1);

-- --------------------------------------------------------

--
-- Table structure for table `md_states`
--

CREATE TABLE `md_states` (
  `states_id` int(11) NOT NULL,
  `states_name` varchar(100) DEFAULT NULL,
  `states_status` tinyint(4) NOT NULL DEFAULT '1',
  `states_createdon` timestamp NOT NULL DEFAULT CURRENT_TIMESTAMP ON UPDATE CURRENT_TIMESTAMP
) ENGINE=InnoDB DEFAULT CHARSET=latin1;

--
-- Dumping data for table `md_states`
--

INSERT INTO `md_states` (`states_id`, `states_name`, `states_status`, `states_createdon`) VALUES
(1, 'Florida', 1, '2020-07-23 07:19:36'),
(2, 'Georgia', 1, '2020-07-23 07:19:44'),
(3, 'South Carolina', 1, '2020-07-23 07:19:49'),
(4, 'New Mexico', 1, '2020-07-23 07:19:56'),
(5, 'Arkansas', 1, '2020-07-23 07:20:00'),
(6, 'District of Columbia', 1, '2020-07-23 07:20:06');

-- --------------------------------------------------------

--
-- Table structure for table `md_subscription`
--

CREATE TABLE `md_subscription` (
  `subscription_id` int(10) NOT NULL,
  `subscription_user_id` int(10) NOT NULL DEFAULT '0',
  `subscription_package_id` int(10) NOT NULL DEFAULT '0',
  `subscription_store_id` int(10) NOT NULL DEFAULT '0',
  `subscription_amount` float NOT NULL,
  `subscription_discount` float NOT NULL,
  `subscription_firstname` varchar(50) NOT NULL,
  `subscription_lastname` varchar(50) NOT NULL,
  `subscription_email` varchar(50) NOT NULL,
  `subscription_address` varchar(100) NOT NULL,
  `subscription_phone` varchar(50) NOT NULL,
  `subscription_state` varchar(100) NOT NULL,
  `subscription_city` varchar(50) NOT NULL,
  `subscription_country` varchar(225) NOT NULL,
  `subscription_zip` int(10) NOT NULL,
  `subscription_status` int(10) NOT NULL DEFAULT '0' COMMENT '0=default,1=approve,2=declined,3=error',
  `subscription_txn_message` varchar(50) NOT NULL DEFAULT '0',
  `subscription_payment_txn_id` varchar(225) NOT NULL,
  `subscription_transaction_message` varchar(225) NOT NULL DEFAULT '0',
  `subscription_payment_type` varchar(100) CHARACTER SET utf8 COLLATE utf8_bin DEFAULT NULL,
  `subscription_payment_status` varchar(50) NOT NULL DEFAULT '0',
  `subscription_paypal_date` varchar(225) NOT NULL,
  `subscription_paypal_payer_email` varchar(255) CHARACTER SET utf8 COLLATE utf8_bin DEFAULT NULL,
  `subscription_payment_post` longtext CHARACTER SET utf8 COLLATE utf8_bin,
  `subscription_createdon` timestamp NOT NULL DEFAULT CURRENT_TIMESTAMP,
  `subscription_package_name` varchar(225) NOT NULL,
  `subscription_package_start` datetime NOT NULL DEFAULT CURRENT_TIMESTAMP,
  `subscription_package_expire` varchar(50) NOT NULL,
  `subscription_package_year` int(11) NOT NULL
) ENGINE=MyISAM DEFAULT CHARSET=latin1;

--
-- Dumping data for table `md_subscription`
--

INSERT INTO `md_subscription` (`subscription_id`, `subscription_user_id`, `subscription_package_id`, `subscription_store_id`, `subscription_amount`, `subscription_discount`, `subscription_firstname`, `subscription_lastname`, `subscription_email`, `subscription_address`, `subscription_phone`, `subscription_state`, `subscription_city`, `subscription_country`, `subscription_zip`, `subscription_status`, `subscription_txn_message`, `subscription_payment_txn_id`, `subscription_transaction_message`, `subscription_payment_type`, `subscription_payment_status`, `subscription_paypal_date`, `subscription_paypal_payer_email`, `subscription_payment_post`, `subscription_createdon`, `subscription_package_name`, `subscription_package_start`, `subscription_package_expire`, `subscription_package_year`) VALUES
(1, 8, 3, 0, 499.95, 0, 'elle', 'elle', 'elle28dev@gmail.com', '', '', '', '', '', 0, 0, '0', '', '0', 'Paypal', '0', '', NULL, NULL, '2019-09-12 16:39:20', 'PLATINUM PACKAGE', '2019-09-12 12:39:20', '2020-09-12', 0),
(2, 8, 3, 0, 499.95, 0, 'Martin', 'Green', 'martingren@gmail.com', 'QW Street North Montonio', '012321123', 'CA', 'California', '223', 0, 0, '0', '', '0', 'Paypal', '0', '', NULL, NULL, '2019-09-12 19:03:04', 'PLATINUM PACKAGE', '2019-09-12 15:03:04', '2020-09-12', 0),
(3, 8, 3, 0, 499.95, 0, 'Martin', 'Green', 'martingren@gmail.com', 'QW Street North Montonio', '012321123', 'CA', 'California', '223', 0, 0, '0', '', '0', 'Paypal', '0', '', NULL, NULL, '2019-09-12 19:03:40', 'PLATINUM PACKAGE', '2019-09-12 15:03:40', '2020-09-12', 0),
(4, 8, 3, 0, 499.95, 0, 'Martin', 'Green', 'martingren@gmail.com', 'QW Street North Montonio', '012321123', 'CA', 'California', '223', 0, 0, '0', '', '0', 'Paypal', '0', '', NULL, NULL, '2019-09-12 19:04:42', 'PLATINUM PACKAGE', '2019-09-12 15:04:42', '2020-09-12', 0),
(5, 8, 3, 0, 499.95, 0, 'Ellen', 'elle', 'elle28dev@gmail.com', 'QW Street North Montonio', '0123123132', 'Saskatchewan', 'Saskatoon', '206', 0, 0, '0', '', '0', 'Paypal', '0', '', NULL, NULL, '2019-09-12 19:16:30', 'PLATINUM PACKAGE', '2019-09-12 15:16:30', '2020-09-12', 0),
(6, 8, 3, 0, 499.95, 0, 'Martin', 'Green', 'martingren@gmail.com', 'QW Street North Montonio', '012321123', 'CA', 'California', '205', 0, 0, '0', '', '0', 'Paypal', '0', '', NULL, NULL, '2019-09-12 19:26:45', 'PLATINUM PACKAGE', '2019-09-12 15:26:45', '2020-09-12', 0),
(7, 8, 3, 0, 499.95, 0, 'Martin', 'Green', 'martingren@gmail.com', 'QW Street North Montonio', '012321123', 'CA', 'California', '206', 0, 0, '0', '', '0', 'Paypal', '0', '', NULL, NULL, '2019-09-12 19:28:08', 'PLATINUM PACKAGE', '2019-09-12 15:28:08', '2020-09-12', 0),
(8, 8, 3, 0, 499.95, 0, 'Martin', 'Green', 'martingren@gmail.com', 'QW Street North Montonio', '012321123', 'CA', 'California', '223', 0, 0, '0', '', '0', 'Paypal', '0', '', NULL, NULL, '2019-09-12 19:30:29', 'PLATINUM PACKAGE', '2019-09-12 15:30:29', '2020-09-12', 0),
(9, 8, 3, 0, 499.95, 0, 'Martin', 'Green', 'martingren@gmail.com', 'QW Street North Montonio', '012321123', 'CA', 'California', '223', 0, 0, '0', '', '0', 'Paypal', '0', '', NULL, NULL, '2019-09-12 19:35:06', 'PLATINUM PACKAGE', '2019-09-12 15:35:06', '2020-09-12', 0),
(10, 8, 3, 0, 499.95, 0, 'Martin', 'Green', 'martingren@gmail.com', 'QW Street North Montonio', '012321123', 'CA', 'California', '220', 0, 0, 'succeeded', 'txn_1FHpwwIn4bHNcdagdnk5091r', '0', 'Stripe', '1', '', NULL, NULL, '2019-09-12 19:36:05', 'PLATINUM PACKAGE', '2019-09-12 15:36:05', '2020-09-12', 0),
(11, 8, 3, 0, 499.95, 0, 'Ellen', 'elle', 'elle28dev@gmail.com', 'QW Street North Montonio', '0123123132', 'Saskatchewan', 'Saskatoon', '205', 0, 0, '0', '', '0', 'Paypal', '0', '', NULL, NULL, '2019-09-12 20:19:30', 'PLATINUM PACKAGE', '2019-09-12 16:19:30', '2020-09-12', 0),
(12, 8, 3, 0, 499.95, 0, 'Martin', 'Green', 'martingren@gmail.com', 'QW Street North Montonio', '012321123', 'CA', 'California', '205', 0, 0, '0', '', '0', 'Paypal', '0', '', NULL, NULL, '2019-09-12 20:20:29', 'PLATINUM PACKAGE', '2019-09-12 16:20:29', '2020-09-12', 0),
(13, 8, 3, 0, 499.95, 0, 'Ellen', 'elle', 'elle28dev@gmail.com', 'QW Street North Montonio', '0123123132', 'Saskatchewan', 'Saskatoon', '214', 0, 0, '0', '', '0', 'Paypal', '0', '', NULL, NULL, '2019-09-12 20:21:45', 'PLATINUM PACKAGE', '2019-09-12 16:21:45', '2019-10-12', 0),
(14, 8, 3, 0, 499.95, 0, 'Martin', 'Green', 'martingren@gmail.com', 'QW Street North Montonio', '12321123', 'CA', 'California', '9', 0, 0, 'succeeded', 'txn_1FLlPTIn4bHNcdagqBEvSMaT', '0', 'Stripe', '1', '', NULL, NULL, '2019-09-23 15:41:11', 'PLATINUM PACKAGE', '2019-09-23 11:41:11', '2019-10-23', 0),
(15, 8, 3, 0, 499.95, 0, 'Ellen', 'Markus', 'elle28dev@gmail.com', 'QW Street North Montonio', '0123123132', 'Saskatchewan', 'Saskatoon', '32', 0, 0, '0', '', '0', 'Paypal', '0', '', NULL, NULL, '2019-09-23 16:08:38', 'PLATINUM PACKAGE', '2019-09-23 12:08:38', '2019-10-23', 0),
(16, 8, 3, 0, 499.95, 0, 'Ellen', 'Markus', 'elle28dev@gmail.com', 'QW Street North Montonio', '0123123132', 'Saskatchewan', 'Saskatoon', '32', 0, 0, '0', '', '0', 'Stripe', '0', '', NULL, NULL, '2019-09-23 16:53:00', 'PLATINUM PACKAGE', '2019-09-23 12:53:00', '2019-10-23', 0),
(17, 8, 3, 3, 499.95, 0, 'Ellen', 'Markus', 'elle28dev@gmail.com', 'QW Street North Montonio kary', '0123123132', 'Saskatchewan', 'Saskatoon', '32', 0, 1, 'succeeded', 'txn_1FLmOXIn4bHNcdagXerkdCEg', '0', 'Stripe', '1', '', NULL, NULL, '2019-09-23 16:54:56', 'PLATINUM PACKAGE', '2019-09-23 12:54:56', '2019-10-23', 0),
(18, 12, 4, 4, 1500, 0, 'Martin', 'Green', 'dalton.developer@gmial.com', 'QW Street North Montonio', '012321123', 'CA', 'California', '223', 0, 0, 'succeeded', 'txn_1FMCOwIn4bHNcdagVmxe8hjK', '0', 'Stripe', '1', '', NULL, NULL, '2019-09-24 20:40:59', 'FRANCHISE WITH MULTIPLE LOCATION', '2019-09-24 16:40:59', '2019-10-24', 0),
(19, 13, 1, 0, 99.95, 0, 'jhon', 'watson', 'jhon@yahoo.com', 'abc', '112312321312', 'abc', 'abc', '223', 0, 0, '0', '', '0', 'Paypal', '1', '', NULL, NULL, '2019-09-24 20:54:06', 'BASIC PACKAGE', '2019-09-24 16:54:06', '2019-10-24', 0),
(21, 12, 3, 0, 50, 0, 'Martin', 'Green', 'elle28dev@gmail.com', '31 Ridgeview Ave.', '012321123', 'New York', 'Utica', '223', 0, 0, '0', '', '0', NULL, '0', '', NULL, NULL, '2019-10-11 18:28:57', 'THREE MONTH', '2019-10-11 14:28:57', '2020-10-11', 0),
(22, 12, 3, 0, 50, 0, 'Martin', 'Green', 'elle28dev@gmail.com', '31 Ridgeview Ave.', '012321123', 'CA', 'California', '223', 0, 0, '0', '', '0', NULL, '0', '', NULL, NULL, '2019-10-11 18:32:05', 'THREE MONTH', '2019-10-11 14:32:05', '2020-10-11', 0),
(23, 12, 3, 0, 50, 0, 'Ellen', 'Markus', 'elle28dev@gmail.com', '31 Ridgeview Ave.', '0123123132', 'Saskatchewan', 'Saskatoon', '32', 0, 0, '0', '', '0', NULL, '0', '', NULL, NULL, '2019-10-11 18:32:16', 'THREE MONTH', '2019-10-11 14:32:16', '2020-10-11', 0),
(24, 12, 2, 0, 20, 0, 'Martin', 'Green', 'martingren@gmail.com', '31 Ridgeview Ave.', '012321123', 'CA', 'California', '9', 0, 0, '0', '', '0', NULL, '0', '', NULL, NULL, '2019-10-17 23:15:41', 'ONE MONTH', '2019-10-17 19:15:41', '2020-10-17', 0),
(25, 12, 2, 0, 20, 0, 'Martin', 'Green', 'martingren@gmail.com', '31 Ridgeview Ave.', '012321123', 'CA', 'California', '223', 0, 0, '0', '', '0', NULL, '0', '', NULL, NULL, '2019-10-17 23:18:56', 'ONE MONTH', '2019-10-17 19:18:56', '2020-10-17', 0);

-- --------------------------------------------------------

--
-- Table structure for table `md_testimonials`
--

CREATE TABLE `md_testimonials` (
  `testimonials_id` int(11) NOT NULL,
  `testimonials_title` varchar(250) NOT NULL,
  `testimonials_desc` text NOT NULL,
  `testimonials_position` varchar(225) NOT NULL,
  `testimonials_heading` varchar(255) NOT NULL,
  `testimonials_image_path` varchar(100) NOT NULL,
  `testimonials_image` varchar(100) NOT NULL,
  `testimonials_status` int(2) NOT NULL DEFAULT '1',
  `testimonials_top` int(2) NOT NULL DEFAULT '0',
  `testimonials_rates` int(2) NOT NULL DEFAULT '0',
  `testimonials_feature` int(2) NOT NULL DEFAULT '0',
  `testimonials_createdon` datetime NOT NULL DEFAULT CURRENT_TIMESTAMP
) ENGINE=InnoDB DEFAULT CHARSET=latin1;

--
-- Dumping data for table `md_testimonials`
--

INSERT INTO `md_testimonials` (`testimonials_id`, `testimonials_title`, `testimonials_desc`, `testimonials_position`, `testimonials_heading`, `testimonials_image_path`, `testimonials_image`, `testimonials_status`, `testimonials_top`, `testimonials_rates`, `testimonials_feature`, `testimonials_createdon`) VALUES
(1, 'devemail0909@gmail.com Elsayed', '<p>Lorem ipsum dolor sit amet, consetetur sadipscing elitr, sed diam nonumy eirmod tempor invidunt ut labore et dolore magna aliquyam erat, sed diam voluptua. At vero eos et accusam et justo duo dolores et ea rebum</p>', 'ux/ui designer', 'What our Members love', 'assets/uploads/testimonials/', '1161641494553.jpg', 1, 0, 0, 0, '2021-03-22 17:09:05'),
(2, 'devemail0909@gmail.com Elsayed', '<p>Lorem ipsum dolor sit amet, consetetur sadipscing elitr, sed diam nonumy eirmod tempor invidunt ut labore et dolore magna aliquyam erat, sed diam voluptua. At vero eos et accusam et justo duo dolores et ea rebum</p>', 'ux/ui designer', 'What our Members love', 'assets/uploads/testimonials/', '1161641494553.jpg', 1, 0, 0, 0, '2021-03-22 17:09:05');

-- --------------------------------------------------------

--
-- Table structure for table `md_type`
--

CREATE TABLE `md_type` (
  `type_id` int(11) NOT NULL,
  `type_name` varchar(255) NOT NULL,
  `type_slug` varchar(225) NOT NULL,
  `type_status` int(11) NOT NULL DEFAULT '0',
  `type_createdon` timestamp NOT NULL DEFAULT CURRENT_TIMESTAMP
) ENGINE=InnoDB DEFAULT CHARSET=latin1;

--
-- Dumping data for table `md_type`
--

INSERT INTO `md_type` (`type_id`, `type_name`, `type_slug`, `type_status`, `type_createdon`) VALUES
(1, 'Open Ended', 'Open-Ended', 1, '2019-09-02 15:18:24'),
(2, 'Close Ended', 'Close-Ended', 1, '2019-09-02 15:18:32'),
(3, 'Open Ended(Two Ways)', 'Open-EndedTwo-Ways', 1, '2019-09-02 15:18:47'),
(4, 'Reserved', 'Reserved', 1, '2019-09-02 15:20:27');

-- --------------------------------------------------------

--
-- Table structure for table `md_user`
--

CREATE TABLE `md_user` (
  `user_id` int(10) UNSIGNED NOT NULL,
  `user_type` tinyint(4) DEFAULT '0' COMMENT '0=End User, 1=Advisor',
  `user_parent_id` int(10) UNSIGNED NOT NULL DEFAULT '0',
  `user_package_id` int(10) UNSIGNED NOT NULL DEFAULT '0',
  `user_createdon` timestamp NULL DEFAULT CURRENT_TIMESTAMP,
  `user_status` tinyint(3) UNSIGNED DEFAULT '1',
  `user_is_online` tinyint(3) UNSIGNED DEFAULT '0',
  `user_points` float UNSIGNED DEFAULT '0',
  `user_email` varchar(100) DEFAULT NULL,
  `user_username` varchar(100) DEFAULT NULL,
  `user_password` varchar(64) DEFAULT NULL,
  `user_firstname` varchar(100) DEFAULT NULL,
  `user_lastname` varchar(100) DEFAULT NULL,
  `user_is_admin` tinyint(4) DEFAULT '0',
  `user_term_agreed` tinyint(4) DEFAULT '0',
  `user_term_policy` tinyint(4) DEFAULT '0',
  `user_email_verified_status` tinyint(4) DEFAULT '0',
  `user_social` tinyint(4) DEFAULT '0',
  `user_last_login_time` datetime NOT NULL DEFAULT '0000-00-00 00:00:00',
  `user_account_activate_token` varchar(50) DEFAULT NULL
) ENGINE=InnoDB DEFAULT CHARSET=latin1 COMMENT='Registration USER DATA';

--
-- Dumping data for table `md_user`
--

INSERT INTO `md_user` (`user_id`, `user_type`, `user_parent_id`, `user_package_id`, `user_createdon`, `user_status`, `user_is_online`, `user_points`, `user_email`, `user_username`, `user_password`, `user_firstname`, `user_lastname`, `user_is_admin`, `user_term_agreed`, `user_term_policy`, `user_email_verified_status`, `user_social`, `user_last_login_time`, `user_account_activate_token`) VALUES
(1, 1, 0, 0, '2019-10-03 14:51:31', 1, 1, 0, 'admin@mindcloud.com', 'admin', '84a03aa7d191f6986bed6f5e9af6f260', 'Admin', NULL, 1, 0, 0, 0, 0, '0000-00-00 00:00:00', NULL),
(8, 0, 0, 0, '2019-10-03 16:03:18', 1, 0, 0, 'qwe@qwe.com', NULL, 'f5bb0c8de146c67b44babbf4e6584cc0', 'Martin', NULL, 0, 1, 0, 0, 0, '0000-00-00 00:00:00', NULL),
(9, 0, 0, 0, '2019-10-03 16:05:48', 1, 0, 0, 'elle1@gmial.com', NULL, '4b1318d58bfc6dd91fe42f37c4ad695f', 'elle', NULL, 0, 1, 0, 0, 0, '0000-00-00 00:00:00', NULL),
(10, 0, 0, 0, '2019-10-03 16:15:35', 1, 1, 0, 'zxc@zxc.czxc', NULL, 'f5bb0c8de146c67b44babbf4e6584cc0', 'Martin', NULL, 0, 1, 0, 0, 0, '0000-00-00 00:00:00', NULL),
(11, 0, 0, 0, '2019-10-03 17:43:28', 1, 1, 0, 'qwe12@asd.sd', NULL, 'f5bb0c8de146c67b44babbf4e6584cc0', 'qwe', NULL, 0, 1, 0, 0, 0, '0000-00-00 00:00:00', NULL),
(12, 0, 0, 2, '2019-10-03 18:47:47', 1, 1, 0, 'martingren@gmail.com', NULL, 'f5bb0c8de146c67b44babbf4e6584cc0', 'Martin', 'Green', 0, 1, 0, 1, 0, '0000-00-00 00:00:00', NULL),
(13, 0, 0, 0, '2019-10-04 16:45:28', 1, 1, 0, 'tirarox@gmail.com', NULL, 'f5bb0c8de146c67b44babbf4e6584cc0', 'Tira Rox', NULL, 0, 1, 0, 0, 0, '0000-00-00 00:00:00', NULL),
(14, 0, 0, 0, '2019-10-30 17:10:03', 1, 1, 0, 'elle28dev@gmail.com', NULL, 'f5bb0c8de146c67b44babbf4e6584cc0', 'Ellen', 'jhon', 0, 1, 0, 0, 0, '0000-00-00 00:00:00', NULL),
(15, 0, 0, 0, '2019-11-01 18:09:33', 1, 0, 0, 'elle123@gmail.com', NULL, 'f5bb0c8de146c67b44babbf4e6584cc0', 'Martin', NULL, 0, 1, 0, 0, 0, '0000-00-00 00:00:00', NULL),
(16, 0, 0, 0, '2019-11-01 18:12:24', 1, 0, 0, 'elle12345@gmail.com', NULL, 'f5bb0c8de146c67b44babbf4e6584cc0', 'Martin', NULL, 0, 1, 0, 0, 0, '0000-00-00 00:00:00', NULL),
(18, 0, 0, 0, '2019-11-19 12:31:46', 1, 0, 0, 'alliewill19@gmail.com', NULL, '25d55ad283aa400af464c76d713c07ad', 'Allie Williams', NULL, 0, 1, 0, 0, 0, '0000-00-00 00:00:00', NULL),
(20, 0, 0, 0, '2019-11-22 00:20:15', 1, 1, 0, 'begxbunny@gmail.com', NULL, '0192023a7bbd73250516f069df18b500', 'Bugs Bunny', NULL, 0, 1, 0, 1, 0, '0000-00-00 00:00:00', NULL),
(22, 0, 0, 0, '2019-11-22 17:24:43', 1, 0, 0, 'mike.murphy@yopmail.com', NULL, '25f9e794323b453885f5181f1b624d0b', 'MIke Murphy', NULL, 0, 1, 0, 0, 0, '0000-00-00 00:00:00', NULL),
(23, 0, 0, 0, '2019-11-22 17:27:06', 1, 0, 0, 'mike.murphy1@yopmail.com', NULL, '25f9e794323b453885f5181f1b624d0b', 'Mike Murphy', NULL, 0, 1, 0, 0, 0, '0000-00-00 00:00:00', NULL),
(26, 0, 0, 0, '2019-11-23 01:56:13', 1, 1, 0, 'banoub@aol.com', NULL, '9673524f7dc1acb7405b7417bd850666', 'Aref', 'Salama', 0, 1, 0, 1, 0, '0000-00-00 00:00:00', NULL),
(27, 0, 0, 0, '2019-11-23 02:02:01', 1, 1, 0, 'itsmaysalama@gmail.com', NULL, '9673524f7dc1acb7405b7417bd850666', 'May Salama', NULL, 0, 1, 0, 1, 0, '0000-00-00 00:00:00', NULL),
(28, 0, 0, 0, '2019-11-23 02:21:09', 2, 0, 0, 'banoubegypt@gmail.com', NULL, '9673524f7dc1acb7405b7417bd850666', 'Aref', 'Salama', 1, 0, 0, 0, 0, '0000-00-00 00:00:00', NULL),
(29, 0, 0, 0, '2019-11-28 12:09:37', 1, 1, 0, 'hackdeveloper000@gmail.com', NULL, '84a03aa7d191f6986bed6f5e9af6f260', 'allie', NULL, 0, 1, 0, 1, 0, '0000-00-00 00:00:00', NULL),
(30, 0, 0, 0, '2020-07-28 09:52:56', 1, 1, 0, 'asda@adsx.adas', NULL, 'f5bb0c8de146c67b44babbf4e6584cc0', 'asdasd', 'asdasd', 0, 0, 0, 0, 0, '0000-00-00 00:00:00', NULL),
(31, 0, 0, 0, '2020-07-28 09:57:56', 1, 1, 0, 'martingreen@gmail.com', NULL, 'f5bb0c8de146c67b44babbf4e6584cc0', 'Ellen', 'Markus', 0, 0, 0, 1, 0, '0000-00-00 00:00:00', NULL),
(32, 0, 0, 0, '2020-07-31 02:21:10', 1, 1, 0, 'imdigi1990@gmail.com', NULL, '8d8f12b4993035dc1470ac324eb944cf', 'Leon', 'Kennedy', 0, 0, 0, 1, 0, '0000-00-00 00:00:00', NULL),
(33, 0, 0, 0, '2020-07-31 06:11:31', 1, 1, 0, 'vicuwu@mailinator.com', NULL, 'fb5cde1f5947073f11bff4c14be52f8a', 'Timon', 'Brewer', 0, 0, 0, 0, 0, '0000-00-00 00:00:00', NULL),
(37, 0, 0, 0, '2020-08-04 14:15:18', 1, 1, 0, 'n.lambert8711@gmail.com', NULL, 'a00ebce80765d8405afb0dd7e24a85fc', 'Ana', 'Banana', 0, 0, 0, 0, 0, '0000-00-00 00:00:00', NULL),
(38, 0, 0, 0, '2020-12-21 03:25:30', 1, 1, 0, 'johndavid78663@gmail.com', NULL, '25d55ad283aa400af464c76d713c07ad', 'john', 'david', 0, 0, 0, 0, 0, '0000-00-00 00:00:00', NULL),
(39, 0, 0, 0, '2021-01-04 06:46:11', 1, 1, 0, '1develdev@gmail.com', NULL, '25f9e794323b453885f5181f1b624d0b', 'Devel Dev', 'Dev', 0, 0, 0, 0, 0, '0000-00-00 00:00:00', NULL),
(40, 0, 0, 0, '2021-02-23 01:20:39', 1, 1, 0, 'test@gmail.com', NULL, '25d55ad283aa400af464c76d713c07ad', 'Dalton Developer', 'Developer', 0, 0, 0, 0, 0, '0000-00-00 00:00:00', NULL),
(41, 0, 0, 0, '2021-03-15 05:23:48', 1, 1, 0, 'test@mindcloud.com', NULL, '16d7a4fca7442dda3ad93c9a726597e4', 'test123', NULL, 0, 0, 0, 0, 0, '0000-00-00 00:00:00', NULL);

-- --------------------------------------------------------

--
-- Table structure for table `md_user_info`
--

CREATE TABLE `md_user_info` (
  `ui_id` int(11) NOT NULL,
  `ui_user_id` int(11) NOT NULL,
  `ui_industry_id` int(11) NOT NULL,
  `ui_phone` varchar(50) DEFAULT NULL,
  `ui_mobile` varchar(50) DEFAULT NULL,
  `ui_website` varchar(100) DEFAULT NULL,
  `ui_contact_person` varchar(100) DEFAULT NULL,
  `ui_contact_person_title` varchar(100) DEFAULT NULL,
  `ui_description` text,
  `ui_address_primary` varchar(512) DEFAULT NULL,
  `ui_address_secondary` varchar(512) DEFAULT NULL,
  `ui_city` varchar(50) DEFAULT NULL,
  `ui_town` varchar(50) DEFAULT NULL,
  `ui_state` varchar(50) DEFAULT NULL,
  `ui_zip` varchar(50) DEFAULT NULL,
  `ui_country_id` int(11) DEFAULT NULL,
  `ui_dob` date DEFAULT '0000-00-00',
  `ui_gender` varchar(50) DEFAULT NULL,
  `ui_profile_image` varchar(255) DEFAULT 'profile.png',
  `ui_profile_image2` varchar(255) DEFAULT NULL COMMENT 'Cv-upload',
  `ui_profile_image_path` varchar(512) DEFAULT 'assets/uploads/user/',
  `ui_social_twitter` varchar(100) DEFAULT NULL,
  `ui_social_facebook` varchar(100) DEFAULT NULL,
  `ui_social_google_plus` varchar(100) DEFAULT NULL,
  `ui_social_linkedin` varchar(100) DEFAULT NULL,
  `ui_social_skype` varchar(100) DEFAULT NULL,
  `ui_fee_range` varchar(255) DEFAULT NULL,
  `ui_languages` varchar(512) DEFAULT NULL,
  `ui_keywords` mediumtext NOT NULL COMMENT 'keywords, to be searched by the clients',
  `ui_profession` varchar(225) NOT NULL,
  `ui_profession_license` varchar(225) NOT NULL
) ENGINE=InnoDB DEFAULT CHARSET=latin1;

--
-- Dumping data for table `md_user_info`
--

INSERT INTO `md_user_info` (`ui_id`, `ui_user_id`, `ui_industry_id`, `ui_phone`, `ui_mobile`, `ui_website`, `ui_contact_person`, `ui_contact_person_title`, `ui_description`, `ui_address_primary`, `ui_address_secondary`, `ui_city`, `ui_town`, `ui_state`, `ui_zip`, `ui_country_id`, `ui_dob`, `ui_gender`, `ui_profile_image`, `ui_profile_image2`, `ui_profile_image_path`, `ui_social_twitter`, `ui_social_facebook`, `ui_social_google_plus`, `ui_social_linkedin`, `ui_social_skype`, `ui_fee_range`, `ui_languages`, `ui_keywords`, `ui_profession`, `ui_profession_license`) VALUES
(1, 8, 0, NULL, NULL, NULL, NULL, NULL, NULL, NULL, NULL, NULL, NULL, NULL, NULL, NULL, '0000-00-00', NULL, 'profile.png', NULL, 'assets/uploads/user/', NULL, NULL, NULL, NULL, NULL, NULL, NULL, '0', '0', '0'),
(3, 9, 0, NULL, NULL, NULL, NULL, NULL, NULL, NULL, NULL, NULL, NULL, NULL, NULL, NULL, '0000-00-00', NULL, 'profile.png', NULL, 'assets/uploads/user/', NULL, NULL, NULL, NULL, NULL, NULL, NULL, '0', '0', '0'),
(5, 10, 0, NULL, NULL, NULL, NULL, NULL, NULL, NULL, NULL, NULL, NULL, NULL, NULL, NULL, '2019-01-01', 'Male', 'profile.png', NULL, 'assets/uploads/user/', NULL, NULL, NULL, NULL, NULL, NULL, NULL, '0', '0', '0'),
(6, 11, 0, NULL, NULL, NULL, NULL, NULL, NULL, NULL, NULL, NULL, NULL, NULL, NULL, NULL, '1997-04-05', 'Male', 'profile.png', NULL, 'assets/uploads/user/', NULL, NULL, NULL, NULL, NULL, NULL, NULL, '0', '0', '0'),
(7, 12, 0, '012321123', '012321123', NULL, NULL, NULL, 'i am bla bla reasd', '31 Ridgeview Ave.', 'Costa Mesa, CA 92627', 'California', 'California', 'CA', '92627', 16, '1995-10-10', 'Female', 'girl157018277572.jpg', 'dummy157192145877.docx', 'assets/uploads/user_info/', 'https://www.lipsum.com', 'https://www.lipsum.com', NULL, NULL, NULL, NULL, NULL, 'student, fulltime', '0', '0'),
(8, 13, 0, NULL, NULL, NULL, NULL, NULL, NULL, NULL, NULL, NULL, NULL, NULL, NULL, NULL, '1985-01-21', 'Female', 'profile.png', NULL, 'assets/uploads/user/', NULL, NULL, NULL, NULL, NULL, NULL, NULL, '0', '0', '0'),
(9, 14, 0, '123123123', NULL, NULL, NULL, NULL, NULL, NULL, NULL, NULL, NULL, NULL, NULL, NULL, '1989-08-17', 'Female', 'profile.png', NULL, 'assets/uploads/user/', NULL, NULL, NULL, NULL, NULL, NULL, NULL, '', 'Nurse', 'ABS131685'),
(10, 15, 0, NULL, NULL, NULL, NULL, NULL, NULL, NULL, NULL, NULL, NULL, NULL, NULL, NULL, '1997-03-01', 'Female', 'profile.png', NULL, 'assets/uploads/user/', NULL, NULL, NULL, NULL, NULL, NULL, NULL, '', '0', '0'),
(11, 16, 0, NULL, NULL, NULL, NULL, NULL, NULL, NULL, NULL, NULL, NULL, NULL, NULL, NULL, '1996-02-07', 'Male', 'profile.png', NULL, 'assets/uploads/user/', NULL, NULL, NULL, NULL, NULL, NULL, NULL, '', '0', '0'),
(12, 17, 0, NULL, NULL, NULL, NULL, NULL, NULL, NULL, NULL, NULL, NULL, NULL, NULL, NULL, '2000-06-26', 'Female', 'profile.png', NULL, 'assets/uploads/user/', NULL, NULL, NULL, NULL, NULL, NULL, NULL, '', '0', '0'),
(13, 18, 0, NULL, NULL, NULL, NULL, NULL, NULL, NULL, NULL, NULL, NULL, NULL, NULL, NULL, '1984-11-18', 'Female', 'profile.png', NULL, 'assets/uploads/user/', NULL, NULL, NULL, NULL, NULL, NULL, NULL, '', '0', '0'),
(14, 19, 0, NULL, NULL, NULL, NULL, NULL, NULL, NULL, NULL, NULL, NULL, NULL, NULL, NULL, '1961-08-15', 'Male', 'profile.png', NULL, 'assets/uploads/user/', NULL, NULL, NULL, NULL, NULL, NULL, NULL, '', '0', '0'),
(15, 20, 0, NULL, NULL, NULL, NULL, NULL, NULL, NULL, NULL, NULL, NULL, NULL, NULL, NULL, '1996-08-01', 'Male', 'profile.png', NULL, 'assets/uploads/user/', NULL, NULL, NULL, NULL, NULL, NULL, NULL, '', '0', '0'),
(16, 21, 0, NULL, NULL, NULL, NULL, NULL, NULL, NULL, NULL, NULL, NULL, NULL, NULL, NULL, '1961-08-15', 'Female', 'profile.png', NULL, 'assets/uploads/user/', NULL, NULL, NULL, NULL, NULL, NULL, NULL, '', '0', '0'),
(17, 22, 0, NULL, NULL, NULL, NULL, NULL, NULL, NULL, NULL, NULL, NULL, NULL, NULL, NULL, '1983-06-18', 'Female', 'profile.png', NULL, 'assets/uploads/user/', NULL, NULL, NULL, NULL, NULL, NULL, NULL, '', '0', '0'),
(19, 23, 0, NULL, NULL, NULL, NULL, NULL, NULL, NULL, NULL, NULL, NULL, NULL, NULL, NULL, '1986-10-15', 'Male', 'profile.png', NULL, 'assets/uploads/user/', NULL, NULL, NULL, NULL, NULL, NULL, NULL, '', '0', '0'),
(20, 24, 0, NULL, NULL, NULL, NULL, NULL, NULL, NULL, NULL, NULL, NULL, NULL, NULL, NULL, '1983-06-18', 'Female', 'profile.png', NULL, 'assets/uploads/user/', NULL, NULL, NULL, NULL, NULL, NULL, NULL, '', '0', '0'),
(21, 25, 0, NULL, NULL, NULL, NULL, NULL, NULL, NULL, NULL, NULL, NULL, NULL, NULL, NULL, '1965-10-15', 'Male', 'profile.png', NULL, 'assets/uploads/user/', NULL, NULL, NULL, NULL, NULL, NULL, NULL, '', '0', '0'),
(22, 26, 0, '14843323772', NULL, NULL, NULL, NULL, 'I&rsquo;m a chef', 'Doral dr', NULL, 'Reading', NULL, 'Pennsylvania', '19607', 223, '1961-08-15', 'Male', 'images157456364674.jpg', '157451521969.pdf', 'assets/uploads/user_info/', NULL, NULL, NULL, NULL, NULL, NULL, NULL, 'Chef, cook, restaurant, diner, food, support', '0', '0'),
(23, 27, 0, NULL, NULL, NULL, NULL, NULL, NULL, NULL, NULL, NULL, NULL, NULL, NULL, NULL, '1983-06-18', 'Female', 'profile.png', NULL, 'assets/uploads/user/', NULL, NULL, NULL, NULL, NULL, NULL, NULL, '', '0', '0'),
(24, 28, 0, NULL, NULL, NULL, NULL, NULL, NULL, NULL, NULL, NULL, NULL, NULL, NULL, NULL, '0000-00-00', NULL, 'profile.png', NULL, 'assets/uploads/user/', NULL, NULL, NULL, NULL, NULL, NULL, NULL, '', '0', '0'),
(25, 29, 0, '012321123', NULL, NULL, NULL, NULL, 'i seeker', '31 Ridgeview Ave.', 'Costa Mesa, CA 92627', 'California', 'California', 'CA', '92627', 223, '1982-02-20', 'Female', 'profile.png', 'dummy157494334834.docx', 'assets/uploads/user_info/', 'https://www.lipsum.com', NULL, NULL, NULL, NULL, NULL, NULL, 'asda asdas sdasd', '0', '0'),
(26, 30, 0, NULL, NULL, NULL, NULL, NULL, NULL, NULL, NULL, NULL, NULL, NULL, NULL, NULL, '0000-00-00', NULL, 'profile.png', NULL, 'assets/uploads/user/', NULL, NULL, NULL, NULL, NULL, NULL, NULL, '', '', ''),
(27, 31, 0, '123123132', NULL, NULL, NULL, NULL, NULL, NULL, NULL, NULL, NULL, NULL, NULL, NULL, '0000-00-00', NULL, 'profile.png', NULL, 'assets/uploads/user/', NULL, NULL, NULL, NULL, NULL, NULL, NULL, '', 'Nurse', 'Nursese12-45'),
(28, 32, 0, '01234567890', NULL, NULL, NULL, NULL, NULL, NULL, NULL, NULL, NULL, NULL, NULL, NULL, '0000-00-00', NULL, 'profile.png', NULL, 'assets/uploads/user/', NULL, NULL, NULL, NULL, NULL, NULL, NULL, '', 'Lorem Ipsum', '0123456789'),
(29, 33, 0, NULL, NULL, NULL, NULL, NULL, NULL, NULL, NULL, NULL, NULL, NULL, NULL, NULL, '0000-00-00', NULL, 'profile.png', NULL, 'assets/uploads/user/', NULL, NULL, NULL, NULL, NULL, NULL, NULL, '', 'Magni nisi enim aspe', 'Repellendus Et dolo'),
(30, 34, 0, NULL, NULL, NULL, NULL, NULL, NULL, NULL, NULL, NULL, NULL, NULL, NULL, NULL, '0000-00-00', NULL, 'profile.png', NULL, 'assets/uploads/user/', NULL, NULL, NULL, NULL, NULL, NULL, NULL, '', 'LPN', 'PN76543'),
(31, 35, 0, NULL, NULL, NULL, NULL, NULL, NULL, NULL, NULL, NULL, NULL, NULL, NULL, NULL, '0000-00-00', NULL, 'profile.png', NULL, 'assets/uploads/user/', NULL, NULL, NULL, NULL, NULL, NULL, NULL, '', 'LPN', 'PN76543'),
(32, 36, 0, NULL, NULL, NULL, NULL, NULL, NULL, NULL, NULL, NULL, NULL, NULL, NULL, NULL, '0000-00-00', NULL, 'profile.png', NULL, 'assets/uploads/user/', NULL, NULL, NULL, NULL, NULL, NULL, NULL, '', 'LPN', 'PN76543'),
(33, 37, 0, NULL, NULL, NULL, NULL, NULL, NULL, NULL, NULL, NULL, NULL, NULL, NULL, NULL, '0000-00-00', NULL, 'profile.png', NULL, 'assets/uploads/user/', NULL, NULL, NULL, NULL, NULL, NULL, NULL, '', 'LPN', 'PN76543'),
(34, 38, 0, NULL, NULL, NULL, NULL, NULL, NULL, NULL, NULL, NULL, NULL, NULL, NULL, NULL, '0000-00-00', NULL, 'profile.png', NULL, 'assets/uploads/user/', NULL, NULL, NULL, NULL, NULL, NULL, NULL, '', 'test', '1221321321321'),
(35, 39, 0, NULL, NULL, NULL, NULL, NULL, NULL, NULL, NULL, NULL, NULL, NULL, NULL, NULL, '0000-00-00', NULL, 'profile.png', NULL, 'assets/uploads/user/', NULL, NULL, NULL, NULL, NULL, NULL, NULL, '', 'Developer', '132456798'),
(36, 40, 0, NULL, NULL, NULL, NULL, NULL, NULL, NULL, NULL, NULL, NULL, NULL, NULL, NULL, '0000-00-00', NULL, 'profile.png', NULL, 'assets/uploads/user/', NULL, NULL, NULL, NULL, NULL, NULL, NULL, '', 'developer', '123456'),
(37, 41, 0, NULL, NULL, NULL, NULL, NULL, NULL, NULL, NULL, NULL, NULL, NULL, NULL, NULL, '0000-00-00', NULL, 'profile.png', NULL, 'assets/uploads/user/', NULL, NULL, NULL, NULL, NULL, NULL, NULL, '', '', '');

-- --------------------------------------------------------

--
-- Table structure for table `md_user_login_history`
--

CREATE TABLE `md_user_login_history` (
  `ulh_id` int(11) NOT NULL,
  `ulh_user_id` int(11) DEFAULT NULL,
  `ulh_createdon` timestamp NOT NULL DEFAULT CURRENT_TIMESTAMP
) ENGINE=InnoDB DEFAULT CHARSET=latin1;

--
-- Dumping data for table `md_user_login_history`
--

INSERT INTO `md_user_login_history` (`ulh_id`, `ulh_user_id`, `ulh_createdon`) VALUES
(1, 2, '2019-10-03 14:53:21'),
(2, 3, '2019-10-03 14:58:28'),
(3, 4, '2019-10-03 15:28:45'),
(4, 10, '2019-10-03 16:15:35'),
(5, 11, '2019-10-03 17:43:28'),
(6, 12, '2019-10-03 18:47:47'),
(7, 1, '2019-10-04 16:07:09'),
(8, 1, '2019-10-04 16:08:06'),
(9, 12, '2019-10-04 16:08:22'),
(10, 12, '2019-10-04 16:19:23'),
(11, 13, '2019-10-04 16:45:29'),
(12, 12, '2019-10-04 20:04:25'),
(13, 12, '2019-10-04 23:24:35'),
(14, 12, '2019-10-11 16:40:11'),
(15, 12, '2019-10-11 16:50:08'),
(16, 12, '2019-10-11 16:56:28'),
(17, 12, '2019-10-11 17:04:11'),
(18, 12, '2019-10-11 17:06:28'),
(19, 12, '2019-10-11 17:06:55'),
(20, 12, '2019-10-11 17:07:59'),
(21, 12, '2019-10-11 17:09:00'),
(22, 12, '2019-10-11 17:10:15'),
(23, 12, '2019-10-11 17:48:50'),
(24, 12, '2019-10-11 17:52:56'),
(25, 12, '2019-10-11 17:53:40'),
(26, 12, '2019-10-11 17:58:25'),
(27, 12, '2019-10-11 18:10:38'),
(28, 12, '2019-10-11 22:44:24'),
(29, 12, '2019-10-11 22:51:55'),
(30, 1, '2019-10-11 23:06:31'),
(31, 12, '2019-10-17 22:55:34'),
(32, 12, '2019-10-22 21:58:51'),
(33, 12, '2019-10-22 22:13:04'),
(34, 12, '2019-10-23 18:10:34'),
(35, 12, '2019-10-24 16:46:59'),
(36, 12, '2019-10-24 17:50:01'),
(37, 12, '2019-10-24 22:01:01'),
(38, 12, '2019-10-24 22:02:47'),
(39, 12, '2019-10-24 22:14:41'),
(40, 12, '2019-10-25 14:42:04'),
(41, 12, '2019-10-25 17:41:31'),
(42, 12, '2019-10-25 17:43:10'),
(43, 12, '2019-10-25 19:32:46'),
(44, 12, '2019-10-28 15:04:28'),
(45, 12, '2019-10-30 15:34:38'),
(46, 12, '2019-10-31 15:08:56'),
(47, 12, '2019-10-31 15:16:20'),
(48, 12, '2019-10-31 21:29:26'),
(49, 12, '2019-11-01 16:20:37'),
(50, 12, '2019-11-01 21:26:24'),
(51, 12, '2019-11-01 21:32:57'),
(52, 12, '2019-11-07 23:49:17'),
(53, 12, '2019-11-18 15:44:45'),
(54, 12, '2019-11-19 05:28:21'),
(55, 12, '2019-11-19 05:59:42'),
(56, 20, '2019-11-22 00:21:23'),
(57, 21, '2019-11-22 00:38:12'),
(58, 21, '2019-11-22 00:41:49'),
(59, 21, '2019-11-22 00:56:55'),
(60, 26, '2019-11-23 01:57:11'),
(61, 27, '2019-11-23 02:03:10'),
(62, 26, '2019-11-23 11:17:44'),
(63, 27, '2019-11-23 13:11:20'),
(64, 26, '2019-11-23 13:12:10'),
(65, 26, '2019-11-23 13:48:39'),
(66, 26, '2019-11-23 18:02:15'),
(67, 27, '2019-11-23 18:07:04'),
(68, 26, '2019-11-23 18:28:44'),
(69, 26, '2019-11-23 18:50:21'),
(70, 26, '2019-11-23 19:09:05'),
(71, 26, '2019-11-24 02:23:41'),
(72, 29, '2019-11-28 12:10:08'),
(73, 29, '2019-11-28 14:54:05'),
(74, 12, '2019-11-29 11:42:13'),
(75, 14, '2020-05-29 12:01:53'),
(76, 14, '2020-05-29 13:30:09'),
(77, 14, '2020-05-29 15:19:54'),
(78, 14, '2020-07-08 16:44:53'),
(79, 14, '2020-07-10 10:53:14'),
(80, 14, '2020-07-16 20:07:09'),
(81, 14, '2020-07-17 11:56:45'),
(82, 14, '2020-07-23 07:20:46'),
(83, 14, '2020-07-23 22:38:06'),
(84, 14, '2020-07-24 07:53:06'),
(85, 14, '2020-07-26 08:50:57'),
(86, 14, '2020-07-26 11:55:44'),
(87, 14, '2020-07-26 16:57:01'),
(88, 30, '2020-07-28 09:52:56'),
(89, 31, '2020-07-28 09:57:56'),
(90, 31, '2020-07-28 10:03:17'),
(91, 14, '2020-07-30 08:31:10'),
(92, 32, '2020-07-31 02:21:10'),
(93, 32, '2020-07-31 02:23:02'),
(94, 32, '2020-07-31 02:32:10'),
(95, 14, '2020-07-31 03:10:47'),
(96, 14, '2020-07-31 03:11:12'),
(97, 33, '2020-07-31 06:11:31'),
(98, 34, '2020-08-02 10:24:02'),
(99, 14, '2020-08-02 22:22:58'),
(100, 14, '2020-08-03 04:39:33'),
(101, 35, '2020-08-03 17:57:30'),
(102, 36, '2020-08-04 05:03:05'),
(103, 14, '2020-08-04 05:27:41'),
(104, 14, '2020-08-04 05:59:37'),
(105, 14, '2020-08-04 08:21:34'),
(106, 14, '2020-08-04 10:17:29'),
(107, 14, '2020-08-04 11:03:01'),
(108, 14, '2020-08-04 11:04:16'),
(109, 14, '2020-08-04 11:15:55'),
(110, 14, '2020-08-04 11:30:21'),
(111, 37, '2020-08-04 14:15:18'),
(112, 37, '2020-08-04 14:51:26'),
(113, 37, '2020-08-04 21:46:12'),
(114, 32, '2020-08-04 23:30:09'),
(115, 37, '2020-08-05 00:16:30'),
(116, 37, '2020-08-05 07:51:11'),
(117, 37, '2020-08-05 10:31:49'),
(118, 37, '2020-08-05 13:37:51'),
(119, 37, '2020-08-05 17:31:21'),
(120, 37, '2020-08-06 07:30:04'),
(121, 38, '2020-12-21 03:25:30'),
(122, 39, '2021-01-04 06:46:11'),
(123, 40, '2021-02-23 01:20:40'),
(124, 1, '2021-03-04 10:42:22'),
(125, 41, '2021-03-15 05:23:49'),
(126, 41, '2021-03-15 07:19:22'),
(127, 1, '2021-03-15 09:44:06'),
(128, 1, '2021-03-15 09:47:55'),
(129, 1, '2021-03-15 09:50:14'),
(130, 1, '2021-03-15 10:12:19'),
(131, 41, '2021-03-15 11:32:42'),
(132, 41, '2021-03-15 11:34:43'),
(133, 41, '2021-03-15 11:35:08'),
(134, 41, '2021-03-15 11:36:20'),
(135, 41, '2021-03-15 11:47:13'),
(136, 41, '2021-03-16 03:50:01'),
(137, 41, '2021-03-17 05:56:35'),
(138, 41, '2021-03-17 12:42:58'),
(139, 1, '2021-03-18 03:53:42'),
(140, 41, '2021-03-19 04:13:09'),
(141, 41, '2021-03-22 04:04:29');

-- --------------------------------------------------------

--
-- Table structure for table `md_video`
--

CREATE TABLE `md_video` (
  `video_id` int(10) NOT NULL,
  `video_name` varchar(225) DEFAULT NULL,
  `video_image1` varchar(225) DEFAULT NULL,
  `video_image` varchar(225) DEFAULT NULL,
  `video_image_path` varchar(225) DEFAULT NULL,
  `video_createdon` timestamp NOT NULL DEFAULT CURRENT_TIMESTAMP,
  `video_status` tinyint(1) DEFAULT '1' COMMENT '1=Active; 0= Inactive'
) ENGINE=InnoDB DEFAULT CHARSET=utf8;

--
-- Dumping data for table `md_video`
--

INSERT INTO `md_video` (`video_id`, `video_name`, `video_image1`, `video_image`, `video_image_path`, `video_createdon`, `video_status`) VALUES
(1, 'title', 'v-01158835124696.jpg', 'dummy_vid.mp4', 'assets/uploads/video/', '2020-05-01 16:40:27', 1);

--
-- Indexes for dumped tables
--

--
-- Indexes for table `md_addon`
--
ALTER TABLE `md_addon`
  ADD PRIMARY KEY (`addon_id`);

--
-- Indexes for table `md_advertisment`
--
ALTER TABLE `md_advertisment`
  ADD PRIMARY KEY (`advertisment_id`);

--
-- Indexes for table `md_banner`
--
ALTER TABLE `md_banner`
  ADD PRIMARY KEY (`banner_id`),
  ADD KEY `banner_status` (`banner_status`),
  ADD KEY `banner_position` (`banner_position`);

--
-- Indexes for table `md_category`
--
ALTER TABLE `md_category`
  ADD PRIMARY KEY (`category_id`);

--
-- Indexes for table `md_city`
--
ALTER TABLE `md_city`
  ADD PRIMARY KEY (`c_id`);

--
-- Indexes for table `md_ci_sessions`
--
ALTER TABLE `md_ci_sessions`
  ADD PRIMARY KEY (`id`,`ip_address`),
  ADD KEY `ci_sessions_timestamp` (`timestamp`);

--
-- Indexes for table `md_client`
--
ALTER TABLE `md_client`
  ADD PRIMARY KEY (`client_id`);

--
-- Indexes for table `md_cms_page`
--
ALTER TABLE `md_cms_page`
  ADD PRIMARY KEY (`cms_page_id`),
  ADD KEY `cms_page_status` (`cms_page_status`),
  ADD KEY `cms_page_page` (`cms_page_page`);

--
-- Indexes for table `md_color`
--
ALTER TABLE `md_color`
  ADD PRIMARY KEY (`color_id`);

--
-- Indexes for table `md_comment`
--
ALTER TABLE `md_comment`
  ADD PRIMARY KEY (`comment_id`);

--
-- Indexes for table `md_config`
--
ALTER TABLE `md_config`
  ADD PRIMARY KEY (`config_id`),
  ADD KEY `config_type` (`config_type`);

--
-- Indexes for table `md_country`
--
ALTER TABLE `md_country`
  ADD PRIMARY KEY (`id`),
  ADD UNIQUE KEY `country` (`country`),
  ADD KEY `country_id` (`country_id`);

--
-- Indexes for table `md_country_state`
--
ALTER TABLE `md_country_state`
  ADD PRIMARY KEY (`cs_id`);

--
-- Indexes for table `md_course`
--
ALTER TABLE `md_course`
  ADD PRIMARY KEY (`course_id`),
  ADD KEY `course_status` (`course_status`);

--
-- Indexes for table `md_course_category`
--
ALTER TABLE `md_course_category`
  ADD PRIMARY KEY (`cp_id`);

--
-- Indexes for table `md_course_lecture`
--
ALTER TABLE `md_course_lecture`
  ADD PRIMARY KEY (`cp_id`);

--
-- Indexes for table `md_course_profession`
--
ALTER TABLE `md_course_profession`
  ADD PRIMARY KEY (`cp_id`);

--
-- Indexes for table `md_evaluation`
--
ALTER TABLE `md_evaluation`
  ADD PRIMARY KEY (`evaluation_id`),
  ADD KEY `evaluation_status` (`evaluation_status`);

--
-- Indexes for table `md_faq`
--
ALTER TABLE `md_faq`
  ADD PRIMARY KEY (`faq_id`);

--
-- Indexes for table `md_gallery`
--
ALTER TABLE `md_gallery`
  ADD PRIMARY KEY (`gallery_id`);

--
-- Indexes for table `md_inner_banner`
--
ALTER TABLE `md_inner_banner`
  ADD PRIMARY KEY (`inner_banner_id`);

--
-- Indexes for table `md_inquiry`
--
ALTER TABLE `md_inquiry`
  ADD PRIMARY KEY (`inquiry_id`),
  ADD KEY `inquiry_status` (`inquiry_status`);

--
-- Indexes for table `md_jobs`
--
ALTER TABLE `md_jobs`
  ADD PRIMARY KEY (`jobs_id`);

--
-- Indexes for table `md_jobs_skills`
--
ALTER TABLE `md_jobs_skills`
  ADD PRIMARY KEY (`js_id`);

--
-- Indexes for table `md_learning`
--
ALTER TABLE `md_learning`
  ADD PRIMARY KEY (`learning_id`);

--
-- Indexes for table `md_lecture`
--
ALTER TABLE `md_lecture`
  ADD PRIMARY KEY (`lecture_id`),
  ADD KEY `lecture_status` (`lecture_status`);

--
-- Indexes for table `md_location`
--
ALTER TABLE `md_location`
  ADD PRIMARY KEY (`location_id`);

--
-- Indexes for table `md_logo`
--
ALTER TABLE `md_logo`
  ADD PRIMARY KEY (`logo_id`);

--
-- Indexes for table `md_newsletter`
--
ALTER TABLE `md_newsletter`
  ADD PRIMARY KEY (`newsletter_id`),
  ADD KEY `newsletter_status` (`newsletter_status`);

--
-- Indexes for table `md_options`
--
ALTER TABLE `md_options`
  ADD PRIMARY KEY (`options_id`),
  ADD KEY `options_qs_id` (`options_qs_id`),
  ADD KEY `options_status` (`options_status`);

--
-- Indexes for table `md_order`
--
ALTER TABLE `md_order`
  ADD PRIMARY KEY (`order_id`),
  ADD KEY `order_status` (`order_status`),
  ADD KEY `order_payment_status` (`order_payment_status`);

--
-- Indexes for table `md_package`
--
ALTER TABLE `md_package`
  ADD PRIMARY KEY (`package_id`);

--
-- Indexes for table `md_package_addon`
--
ALTER TABLE `md_package_addon`
  ADD PRIMARY KEY (`pa_id`);

--
-- Indexes for table `md_package_course`
--
ALTER TABLE `md_package_course`
  ADD PRIMARY KEY (`pc_id`);

--
-- Indexes for table `md_partnership_inquiry`
--
ALTER TABLE `md_partnership_inquiry`
  ADD PRIMARY KEY (`pinquiry_id`);

--
-- Indexes for table `md_product`
--
ALTER TABLE `md_product`
  ADD PRIMARY KEY (`product_id`),
  ADD KEY `product_is_featured` (`product_is_featured`),
  ADD KEY `product_slug` (`product_slug`),
  ADD KEY `product_price` (`product_price`),
  ADD KEY `product_qty` (`product_qty`);

--
-- Indexes for table `md_profession`
--
ALTER TABLE `md_profession`
  ADD PRIMARY KEY (`profession_id`),
  ADD KEY `profession_status` (`profession_status`);

--
-- Indexes for table `md_questions`
--
ALTER TABLE `md_questions`
  ADD PRIMARY KEY (`questions_id`);

--
-- Indexes for table `md_questions_options`
--
ALTER TABLE `md_questions_options`
  ADD PRIMARY KEY (`qo_id`),
  ADD KEY `md_questions_id` (`qo_questions_id`),
  ADD KEY `md_options_id` (`qo_options_id`);

--
-- Indexes for table `md_quiz`
--
ALTER TABLE `md_quiz`
  ADD PRIMARY KEY (`quiz_id`),
  ADD KEY `quiz_order_item_id` (`quiz_order_item_id`);

--
-- Indexes for table `md_requirements`
--
ALTER TABLE `md_requirements`
  ADD PRIMARY KEY (`requirements_id`),
  ADD KEY `requirements_status` (`requirements_status`);

--
-- Indexes for table `md_resume`
--
ALTER TABLE `md_resume`
  ADD PRIMARY KEY (`resume_id`);

--
-- Indexes for table `md_reviews`
--
ALTER TABLE `md_reviews`
  ADD PRIMARY KEY (`reviews_id`);

--
-- Indexes for table `md_salaryrange`
--
ALTER TABLE `md_salaryrange`
  ADD PRIMARY KEY (`salaryrange_id`);

--
-- Indexes for table `md_services`
--
ALTER TABLE `md_services`
  ADD PRIMARY KEY (`services_id`);

--
-- Indexes for table `md_shop_item`
--
ALTER TABLE `md_shop_item`
  ADD PRIMARY KEY (`item_id`),
  ADD KEY `item_order_id` (`item_order_id`),
  ADD KEY `item_product_id` (`item_product_id`);

--
-- Indexes for table `md_shop_order`
--
ALTER TABLE `md_shop_order`
  ADD PRIMARY KEY (`order_id`),
  ADD KEY `user_id` (`order_user_id`);

--
-- Indexes for table `md_skills`
--
ALTER TABLE `md_skills`
  ADD PRIMARY KEY (`skills_id`),
  ADD KEY `skill_status` (`skills_status`);

--
-- Indexes for table `md_states`
--
ALTER TABLE `md_states`
  ADD PRIMARY KEY (`states_id`),
  ADD KEY `states_status` (`states_status`);

--
-- Indexes for table `md_subscription`
--
ALTER TABLE `md_subscription`
  ADD PRIMARY KEY (`subscription_id`),
  ADD KEY `subscription_status` (`subscription_status`),
  ADD KEY `subscription_payment_status` (`subscription_payment_status`);

--
-- Indexes for table `md_testimonials`
--
ALTER TABLE `md_testimonials`
  ADD PRIMARY KEY (`testimonials_id`);

--
-- Indexes for table `md_type`
--
ALTER TABLE `md_type`
  ADD PRIMARY KEY (`type_id`);

--
-- Indexes for table `md_user`
--
ALTER TABLE `md_user`
  ADD PRIMARY KEY (`user_id`),
  ADD UNIQUE KEY `user_email` (`user_email`),
  ADD UNIQUE KEY `user_username` (`user_username`),
  ADD KEY `email_verified_status` (`user_email_verified_status`),
  ADD KEY `user_type` (`user_type`),
  ADD KEY `user_idx_admin` (`user_is_admin`),
  ADD KEY `user_status` (`user_status`),
  ADD KEY `user_parent_id` (`user_parent_id`);

--
-- Indexes for table `md_user_info`
--
ALTER TABLE `md_user_info`
  ADD PRIMARY KEY (`ui_id`),
  ADD UNIQUE KEY `ui_user_id` (`ui_user_id`);

--
-- Indexes for table `md_user_login_history`
--
ALTER TABLE `md_user_login_history`
  ADD PRIMARY KEY (`ulh_id`),
  ADD KEY `ulh_user_id` (`ulh_user_id`);

--
-- Indexes for table `md_video`
--
ALTER TABLE `md_video`
  ADD PRIMARY KEY (`video_id`);

--
-- AUTO_INCREMENT for dumped tables
--

--
-- AUTO_INCREMENT for table `md_addon`
--
ALTER TABLE `md_addon`
  MODIFY `addon_id` int(22) NOT NULL AUTO_INCREMENT, AUTO_INCREMENT=11;

--
-- AUTO_INCREMENT for table `md_advertisment`
--
ALTER TABLE `md_advertisment`
  MODIFY `advertisment_id` int(11) NOT NULL AUTO_INCREMENT, AUTO_INCREMENT=16;

--
-- AUTO_INCREMENT for table `md_banner`
--
ALTER TABLE `md_banner`
  MODIFY `banner_id` int(11) NOT NULL AUTO_INCREMENT;

--
-- AUTO_INCREMENT for table `md_category`
--
ALTER TABLE `md_category`
  MODIFY `category_id` int(11) NOT NULL AUTO_INCREMENT, AUTO_INCREMENT=4;

--
-- AUTO_INCREMENT for table `md_client`
--
ALTER TABLE `md_client`
  MODIFY `client_id` int(10) NOT NULL AUTO_INCREMENT, AUTO_INCREMENT=16;

--
-- AUTO_INCREMENT for table `md_cms_page`
--
ALTER TABLE `md_cms_page`
  MODIFY `cms_page_id` int(11) NOT NULL AUTO_INCREMENT, AUTO_INCREMENT=20;

--
-- AUTO_INCREMENT for table `md_color`
--
ALTER TABLE `md_color`
  MODIFY `color_id` int(11) NOT NULL AUTO_INCREMENT, AUTO_INCREMENT=5;

--
-- AUTO_INCREMENT for table `md_comment`
--
ALTER TABLE `md_comment`
  MODIFY `comment_id` int(11) NOT NULL AUTO_INCREMENT, AUTO_INCREMENT=6;

--
-- AUTO_INCREMENT for table `md_config`
--
ALTER TABLE `md_config`
  MODIFY `config_id` int(10) UNSIGNED NOT NULL AUTO_INCREMENT, AUTO_INCREMENT=22;

--
-- AUTO_INCREMENT for table `md_country`
--
ALTER TABLE `md_country`
  MODIFY `id` bigint(20) NOT NULL AUTO_INCREMENT, AUTO_INCREMENT=240;

--
-- AUTO_INCREMENT for table `md_country_state`
--
ALTER TABLE `md_country_state`
  MODIFY `cs_id` int(11) NOT NULL AUTO_INCREMENT, AUTO_INCREMENT=4122;

--
-- AUTO_INCREMENT for table `md_course`
--
ALTER TABLE `md_course`
  MODIFY `course_id` int(11) NOT NULL AUTO_INCREMENT, AUTO_INCREMENT=30;

--
-- AUTO_INCREMENT for table `md_course_category`
--
ALTER TABLE `md_course_category`
  MODIFY `cp_id` int(10) NOT NULL AUTO_INCREMENT, AUTO_INCREMENT=532;

--
-- AUTO_INCREMENT for table `md_course_lecture`
--
ALTER TABLE `md_course_lecture`
  MODIFY `cp_id` int(10) NOT NULL AUTO_INCREMENT, AUTO_INCREMENT=555;

--
-- AUTO_INCREMENT for table `md_course_profession`
--
ALTER TABLE `md_course_profession`
  MODIFY `cp_id` int(10) NOT NULL AUTO_INCREMENT, AUTO_INCREMENT=523;

--
-- AUTO_INCREMENT for table `md_evaluation`
--
ALTER TABLE `md_evaluation`
  MODIFY `evaluation_id` int(11) UNSIGNED NOT NULL AUTO_INCREMENT, AUTO_INCREMENT=17;

--
-- AUTO_INCREMENT for table `md_faq`
--
ALTER TABLE `md_faq`
  MODIFY `faq_id` int(11) NOT NULL AUTO_INCREMENT, AUTO_INCREMENT=4;

--
-- AUTO_INCREMENT for table `md_gallery`
--
ALTER TABLE `md_gallery`
  MODIFY `gallery_id` int(22) NOT NULL AUTO_INCREMENT;

--
-- AUTO_INCREMENT for table `md_inner_banner`
--
ALTER TABLE `md_inner_banner`
  MODIFY `inner_banner_id` int(10) UNSIGNED NOT NULL AUTO_INCREMENT, AUTO_INCREMENT=3;

--
-- AUTO_INCREMENT for table `md_inquiry`
--
ALTER TABLE `md_inquiry`
  MODIFY `inquiry_id` int(11) UNSIGNED NOT NULL AUTO_INCREMENT, AUTO_INCREMENT=15;

--
-- AUTO_INCREMENT for table `md_jobs`
--
ALTER TABLE `md_jobs`
  MODIFY `jobs_id` int(10) UNSIGNED NOT NULL AUTO_INCREMENT, AUTO_INCREMENT=11;

--
-- AUTO_INCREMENT for table `md_jobs_skills`
--
ALTER TABLE `md_jobs_skills`
  MODIFY `js_id` int(10) NOT NULL AUTO_INCREMENT, AUTO_INCREMENT=38;

--
-- AUTO_INCREMENT for table `md_learning`
--
ALTER TABLE `md_learning`
  MODIFY `learning_id` int(11) NOT NULL AUTO_INCREMENT, AUTO_INCREMENT=7;

--
-- AUTO_INCREMENT for table `md_lecture`
--
ALTER TABLE `md_lecture`
  MODIFY `lecture_id` int(11) NOT NULL AUTO_INCREMENT, AUTO_INCREMENT=15;

--
-- AUTO_INCREMENT for table `md_location`
--
ALTER TABLE `md_location`
  MODIFY `location_id` int(10) NOT NULL AUTO_INCREMENT;

--
-- AUTO_INCREMENT for table `md_logo`
--
ALTER TABLE `md_logo`
  MODIFY `logo_id` int(10) NOT NULL AUTO_INCREMENT, AUTO_INCREMENT=2;

--
-- AUTO_INCREMENT for table `md_newsletter`
--
ALTER TABLE `md_newsletter`
  MODIFY `newsletter_id` int(11) NOT NULL AUTO_INCREMENT, AUTO_INCREMENT=11;

--
-- AUTO_INCREMENT for table `md_options`
--
ALTER TABLE `md_options`
  MODIFY `options_id` int(11) NOT NULL AUTO_INCREMENT, AUTO_INCREMENT=43;

--
-- AUTO_INCREMENT for table `md_order`
--
ALTER TABLE `md_order`
  MODIFY `order_id` int(10) NOT NULL AUTO_INCREMENT, AUTO_INCREMENT=4;

--
-- AUTO_INCREMENT for table `md_package`
--
ALTER TABLE `md_package`
  MODIFY `package_id` int(10) NOT NULL AUTO_INCREMENT, AUTO_INCREMENT=22;

--
-- AUTO_INCREMENT for table `md_package_addon`
--
ALTER TABLE `md_package_addon`
  MODIFY `pa_id` int(10) NOT NULL AUTO_INCREMENT, AUTO_INCREMENT=34;

--
-- AUTO_INCREMENT for table `md_package_course`
--
ALTER TABLE `md_package_course`
  MODIFY `pc_id` int(10) NOT NULL AUTO_INCREMENT, AUTO_INCREMENT=566;

--
-- AUTO_INCREMENT for table `md_partnership_inquiry`
--
ALTER TABLE `md_partnership_inquiry`
  MODIFY `pinquiry_id` int(11) NOT NULL AUTO_INCREMENT, AUTO_INCREMENT=2;

--
-- AUTO_INCREMENT for table `md_product`
--
ALTER TABLE `md_product`
  MODIFY `product_id` int(10) UNSIGNED NOT NULL AUTO_INCREMENT, AUTO_INCREMENT=2;

--
-- AUTO_INCREMENT for table `md_profession`
--
ALTER TABLE `md_profession`
  MODIFY `profession_id` int(11) NOT NULL AUTO_INCREMENT, AUTO_INCREMENT=7;

--
-- AUTO_INCREMENT for table `md_questions`
--
ALTER TABLE `md_questions`
  MODIFY `questions_id` int(11) NOT NULL AUTO_INCREMENT, AUTO_INCREMENT=53;

--
-- AUTO_INCREMENT for table `md_questions_options`
--
ALTER TABLE `md_questions_options`
  MODIFY `qo_id` int(10) NOT NULL AUTO_INCREMENT, AUTO_INCREMENT=134;

--
-- AUTO_INCREMENT for table `md_quiz`
--
ALTER TABLE `md_quiz`
  MODIFY `quiz_id` int(11) NOT NULL AUTO_INCREMENT, AUTO_INCREMENT=40;

--
-- AUTO_INCREMENT for table `md_requirements`
--
ALTER TABLE `md_requirements`
  MODIFY `requirements_id` int(11) NOT NULL AUTO_INCREMENT, AUTO_INCREMENT=2;

--
-- AUTO_INCREMENT for table `md_resume`
--
ALTER TABLE `md_resume`
  MODIFY `resume_id` int(11) NOT NULL AUTO_INCREMENT;

--
-- AUTO_INCREMENT for table `md_reviews`
--
ALTER TABLE `md_reviews`
  MODIFY `reviews_id` int(11) NOT NULL AUTO_INCREMENT, AUTO_INCREMENT=6;

--
-- AUTO_INCREMENT for table `md_salaryrange`
--
ALTER TABLE `md_salaryrange`
  MODIFY `salaryrange_id` int(11) NOT NULL AUTO_INCREMENT, AUTO_INCREMENT=5;

--
-- AUTO_INCREMENT for table `md_services`
--
ALTER TABLE `md_services`
  MODIFY `services_id` int(11) NOT NULL AUTO_INCREMENT, AUTO_INCREMENT=4;

--
-- AUTO_INCREMENT for table `md_shop_item`
--
ALTER TABLE `md_shop_item`
  MODIFY `item_id` int(10) UNSIGNED NOT NULL AUTO_INCREMENT, AUTO_INCREMENT=114;

--
-- AUTO_INCREMENT for table `md_shop_order`
--
ALTER TABLE `md_shop_order`
  MODIFY `order_id` int(10) UNSIGNED NOT NULL AUTO_INCREMENT, AUTO_INCREMENT=39;

--
-- AUTO_INCREMENT for table `md_skills`
--
ALTER TABLE `md_skills`
  MODIFY `skills_id` int(10) UNSIGNED NOT NULL AUTO_INCREMENT, AUTO_INCREMENT=7;

--
-- AUTO_INCREMENT for table `md_states`
--
ALTER TABLE `md_states`
  MODIFY `states_id` int(11) NOT NULL AUTO_INCREMENT, AUTO_INCREMENT=7;

--
-- AUTO_INCREMENT for table `md_subscription`
--
ALTER TABLE `md_subscription`
  MODIFY `subscription_id` int(10) NOT NULL AUTO_INCREMENT, AUTO_INCREMENT=26;

--
-- AUTO_INCREMENT for table `md_testimonials`
--
ALTER TABLE `md_testimonials`
  MODIFY `testimonials_id` int(11) NOT NULL AUTO_INCREMENT, AUTO_INCREMENT=3;

--
-- AUTO_INCREMENT for table `md_type`
--
ALTER TABLE `md_type`
  MODIFY `type_id` int(11) NOT NULL AUTO_INCREMENT, AUTO_INCREMENT=5;

--
-- AUTO_INCREMENT for table `md_user`
--
ALTER TABLE `md_user`
  MODIFY `user_id` int(10) UNSIGNED NOT NULL AUTO_INCREMENT, AUTO_INCREMENT=42;

--
-- AUTO_INCREMENT for table `md_user_info`
--
ALTER TABLE `md_user_info`
  MODIFY `ui_id` int(11) NOT NULL AUTO_INCREMENT, AUTO_INCREMENT=38;

--
-- AUTO_INCREMENT for table `md_user_login_history`
--
ALTER TABLE `md_user_login_history`
  MODIFY `ulh_id` int(11) NOT NULL AUTO_INCREMENT, AUTO_INCREMENT=142;

--
-- AUTO_INCREMENT for table `md_video`
--
ALTER TABLE `md_video`
  MODIFY `video_id` int(10) NOT NULL AUTO_INCREMENT, AUTO_INCREMENT=2;
COMMIT;

/*!40101 SET CHARACTER_SET_CLIENT=@OLD_CHARACTER_SET_CLIENT */;
/*!40101 SET CHARACTER_SET_RESULTS=@OLD_CHARACTER_SET_RESULTS */;
/*!40101 SET COLLATION_CONNECTION=@OLD_COLLATION_CONNECTION */;
